====================CWF3DTest
Now file: bunny
30000   bunny   
OBJ: "/home/yiming/research/CWF/data/bunny.obj"
"/home/yiming/research/CWF"
Pts.size(): 29974

Begin CWF.

29974  29974
filepath = /home/yiming/research/CWF/data/Bunny/Ours_30000_bunny_Iter2_RVD.obj
energy: 0.0005649326 LossCVT: 0.0005917678 LossQE: 2.753249e-06 LossCover: 0 Lambda_CVT: 0.95
0	0	86.15807	0.0001876172	0.0005649326
filepath = /home/yiming/research/CWF/data/Bunny/Ours_30000_bunny_Iter3_RVD.obj
energy: 0.0005538362 LossCVT: 0.0006105237 LossQE: 2.838532e-06 LossCover: 0 Lambda_CVT: 0.9025
filepath = /home/yiming/research/CWF/data/Bunny/Ours_30000_bunny_Iter4_RVD.obj
energy: 0.0004746198 LossCVT: 0.000550802 LossQE: 2.37595e-06 LossCover: 0 Lambda_CVT: 0.857375
1	2	253.7206	8.150902e-05	0.0004746198
filepath = /home/yiming/research/CWF/data/Bunny/Ours_30000_bunny_Iter5_RVD.obj
energy: 0.0004432703 LossCVT: 0.0005414017 LossQE: 2.295276e-06 LossCover: 0 Lambda_CVT: 0.8145062
2	3	335.9714	4.0985e-05	0.0004432703
filepath = /home/yiming/research/CWF/data/Bunny/Ours_30000_bunny_Iter6_RVD.obj
energy: 0.0004163934 LossCVT: 0.0005352438 LossQE: 2.2319e-06 LossCover: 0 Lambda_CVT: 0.7737809
3	4	418.0449	2.74286e-05	0.0004163934
filepath = /home/yiming/research/CWF/data/Bunny/Ours_30000_bunny_Iter7_RVD.obj
energy: 0.0003929874 LossCVT: 0.0005316315 LossQE: 2.189441e-06 LossCover: 0 Lambda_CVT: 0.7350919
4	5	500.033	2.428967e-05	0.0003929874
filepath = /home/yiming/research/CWF/data/Bunny/Ours_30000_bunny_Iter8_RVD.obj
energy: 0.0003716752 LossCVT: 0.0005291398 LossQE: 2.15708e-06 LossCover: 0 Lambda_CVT: 0.6983373
5	6	581.0296	2.466481e-05	0.0003716752
filepath = /home/yiming/research/CWF/data/Bunny/Ours_30000_bunny_Iter9_RVD.obj
energy: 0.0003518709 LossCVT: 0.0005271923 LossQE: 2.120752e-06 LossCover: 0 Lambda_CVT: 0.6634204
6	7	662.62	1.48806e-05	0.0003518709
filepath = /home/yiming/research/CWF/data/Bunny/Ours_30000_bunny_Iter10_RVD.obj
energy: 0.0003336456 LossCVT: 0.0005260519 LossQE: 2.101675e-06 LossCover: 0 Lambda_CVT: 0.6302494
7	8	744.0079	1.115497e-05	0.0003336456
filepath = /home/yiming/research/CWF/data/Bunny/Ours_30000_bunny_Iter11_RVD.obj
energy: 0.0003164377 LossCVT: 0.0005250568 LossQE: 2.066845e-06 LossCover: 0 Lambda_CVT: 0.5987369
8	9	825.1736	1.113262e-05	0.0003164377
filepath = /home/yiming/research/CWF/data/Bunny/Ours_30000_bunny_Iter12_RVD.obj
energy: 0.000300299 LossCVT: 0.0005243535 LossQE: 2.046663e-06 LossCover: 0 Lambda_CVT: 0.5688001
9	10	905.0309	1.140439e-05	0.000300299
filepath = /home/yiming/research/CWF/data/Bunny/Ours_30000_bunny_Iter13_RVD.obj
energy: 0.0002849979 LossCVT: 0.0005236766 LossQE: 2.02391e-06 LossCover: 0 Lambda_CVT: 0.5403601
10	11	986.1391	7.349579e-06	0.0002849979
filepath = /home/yiming/research/CWF/data/Bunny/Ours_30000_bunny_Iter14_RVD.obj
energy: 0.0002705624 LossCVT: 0.0005231615 LossQE: 2.001581e-06 LossCover: 0 Lambda_CVT: 0.5133421
11	12	1066.856	6.809791e-06	0.0002705624
filepath = /home/yiming/research/CWF/data/Bunny/Ours_30000_bunny_Iter15_RVD.obj
energy: 0.0002569506 LossCVT: 0.0005228166 LossQE: 1.986058e-06 LossCover: 0 Lambda_CVT: 0.487675
12	13	1147.96	7.329283e-06	0.0002569506
filepath = /home/yiming/research/CWF/data/Bunny/Ours_30000_bunny_Iter16_RVD.obj
energy: 0.0002440121 LossCVT: 0.0005224491 LossQE: 1.966036e-06 LossCover: 0 Lambda_CVT: 0.4632912
13	14	1229.116	5.665674e-06	0.0002440121
filepath = /home/yiming/research/CWF/data/Bunny/Ours_30000_bunny_Iter17_RVD.obj
energy: 0.0002317237 LossCVT: 0.0005220867 LossQE: 1.939444e-06 LossCover: 0 Lambda_CVT: 0.4401267
14	15	1309.882	4.869492e-06	0.0002317237
filepath = /home/yiming/research/CWF/data/Bunny/Ours_30000_bunny_Iter18_RVD.obj
energy: 0.0002201042 LossCVT: 0.0005218258 LossQE: 1.918174e-06 LossCover: 0 Lambda_CVT: 0.4181203
15	16	1390.504	4.9448e-06	0.0002201042
filepath = /home/yiming/research/CWF/data/Bunny/Ours_30000_bunny_Iter19_RVD.obj
energy: 0.0002090813 LossCVT: 0.0005215792 LossQE: 1.902621e-06 LossCover: 0 Lambda_CVT: 0.3972143
16	17	1471.473	4.511407e-06	0.0002090813
filepath = /home/yiming/research/CWF/data/Bunny/Ours_30000_bunny_Iter20_RVD.obj
energy: 0.0001986199 LossCVT: 0.0005213622 LossQE: 1.881966e-06 LossCover: 0 Lambda_CVT: 0.3773536
17	18	1551.864	3.843479e-06	0.0001986199
filepath = /home/yiming/research/CWF/data/Bunny/Ours_30000_bunny_Iter21_RVD.obj
energy: 0.0001887117 LossCVT: 0.0005212061 LossQE: 1.866664e-06 LossCover: 0 Lambda_CVT: 0.3584859
18	19	1631.604	3.687382e-06	0.0001887117
filepath = /home/yiming/research/CWF/data/Bunny/Ours_30000_bunny_Iter22_RVD.obj
energy: 0.0001793085 LossCVT: 0.000521077 LossQE: 1.849656e-06 LossCover: 0 Lambda_CVT: 0.3405616
19	20	1712.345	3.401508e-06	0.0001793085
filepath = /home/yiming/research/CWF/data/Bunny/Ours_30000_bunny_Iter23_RVD.obj
energy: 0.0001703747 LossCVT: 0.0005209543 LossQE: 1.828446e-06 LossCover: 0 Lambda_CVT: 0.3235335
20	21	1793.536	2.872792e-06	0.0001703747
filepath = /home/yiming/research/CWF/data/Bunny/Ours_30000_bunny_Iter24_RVD.obj
energy: 0.0001618952 LossCVT: 0.0005208557 LossQE: 1.806626e-06 LossCover: 0 Lambda_CVT: 0.3073569
21	22	1873.698	2.75669e-06	0.0001618952
filepath = /home/yiming/research/CWF/data/Bunny/Ours_30000_bunny_Iter25_RVD.obj
energy: 0.0001538473 LossCVT: 0.000520772 LossQE: 1.78761e-06 LossCover: 0 Lambda_CVT: 0.291989
22	23	1954.835	2.570761e-06	0.0001538473
filepath = /home/yiming/research/CWF/data/Bunny/Ours_30000_bunny_Iter26_RVD.obj
energy: 0.0001462045 LossCVT: 0.0005206828 LossQE: 1.77253e-06 LossCover: 0 Lambda_CVT: 0.2773896
23	24	2036.044	2.374672e-06	0.0001462045
filepath = /home/yiming/research/CWF/data/Bunny/Ours_30000_bunny_Iter27_RVD.obj
energy: 0.0001389522 LossCVT: 0.0005206357 LossQE: 1.754188e-06 LossCover: 0 Lambda_CVT: 0.2635201
24	25	2116.98	2.108313e-06	0.0001389522
filepath = /home/yiming/research/CWF/data/Bunny/Ours_30000_bunny_Iter28_RVD.obj
energy: 0.0001320699 LossCVT: 0.0005206146 LossQE: 1.73712e-06 LossCover: 0 Lambda_CVT: 0.2503441
25	26	2197.674	2.156673e-06	0.0001320699
filepath = /home/yiming/research/CWF/data/Bunny/Ours_30000_bunny_Iter29_RVD.obj
energy: 0.0001255325 LossCVT: 0.0005205986 LossQE: 1.720127e-06 LossCover: 0 Lambda_CVT: 0.2378269
26	27	2277.887	1.872584e-06	0.0001255325
filepath = /home/yiming/research/CWF/data/Bunny/Ours_30000_bunny_Iter30_RVD.obj
energy: 0.0001193284 LossCVT: 0.0005206271 LossQE: 1.700231e-06 LossCover: 0 Lambda_CVT: 0.2259355
27	28	2358.621	2.294751e-06	0.0001193284
filepath = /home/yiming/research/CWF/data/Bunny/Ours_30000_bunny_Iter31_RVD.obj
energy: 0.00011343 LossCVT: 0.0005206137 LossQE: 1.686127e-06 LossCover: 0 Lambda_CVT: 0.2146388
28	29	2439.43	1.845642e-06	0.00011343
filepath = /home/yiming/research/CWF/data/Bunny/Ours_30000_bunny_Iter32_RVD.obj
energy: 0.000107828 LossCVT: 0.0005206 LossQE: 1.674117e-06 LossCover: 0 Lambda_CVT: 0.2039068
29	30	2520.3	1.567369e-06	0.000107828
filepath = /home/yiming/research/CWF/data/Bunny/Ours_30000_bunny_Iter33_RVD.obj
energy: 0.000102511 LossCVT: 0.0005206587 LossQE: 1.653392e-06 LossCover: 0 Lambda_CVT: 0.1937115
30	31	2599.167	1.481732e-06	0.000102511
filepath = /home/yiming/research/CWF/data/Bunny/Ours_30000_bunny_Iter34_RVD.obj
energy: 9.746636e-05 LossCVT: 0.0005207793 LossQE: 1.629476e-06 LossCover: 0 Lambda_CVT: 0.1840259
31	32	2680.005	1.777233e-06	9.746636e-05
filepath = /home/yiming/research/CWF/data/Bunny/Ours_30000_bunny_Iter35_RVD.obj
energy: 9.266332e-05 LossCVT: 0.0005207877 LossQE: 1.616811e-06 LossCover: 0 Lambda_CVT: 0.1748246
32	33	2760.647	1.545252e-06	9.266332e-05
filepath = /home/yiming/research/CWF/data/Bunny/Ours_30000_bunny_Iter36_RVD.obj
energy: 8.809936e-05 LossCVT: 0.0005207809 LossQE: 1.606296e-06 LossCover: 0 Lambda_CVT: 0.1660834
33	34	2841.392	1.36543e-06	8.809936e-05
filepath = /home/yiming/research/CWF/data/Bunny/Ours_30000_bunny_Iter37_RVD.obj
energy: 8.377622e-05 LossCVT: 0.0005209476 LossQE: 1.581517e-06 LossCover: 0 Lambda_CVT: 0.1577792
34	35	2920.188	1.724227e-06	8.377622e-05
filepath = /home/yiming/research/CWF/data/Bunny/Ours_30000_bunny_Iter38_RVD.obj
energy: 7.965755e-05 LossCVT: 0.0005209536 LossQE: 1.571688e-06 LossCover: 0 Lambda_CVT: 0.1498903
35	36	2999.955	1.473413e-06	7.965755e-05
filepath = /home/yiming/research/CWF/data/Bunny/Ours_30000_bunny_Iter39_RVD.obj
energy: 7.574508e-05 LossCVT: 0.0005209808 LossQE: 1.559632e-06 LossCover: 0 Lambda_CVT: 0.1423957
36	37	3079.675	1.177631e-06	7.574508e-05
filepath = /home/yiming/research/CWF/data/Bunny/Ours_30000_bunny_Iter40_RVD.obj
energy: 7.203801e-05 LossCVT: 0.0005211935 LossQE: 1.533071e-06 LossCover: 0 Lambda_CVT: 0.135276
37	38	3159.654	1.469815e-06	7.203801e-05
filepath = /home/yiming/research/CWF/data/Bunny/Ours_30000_bunny_Iter41_RVD.obj
energy: 6.850512e-05 LossCVT: 0.0005212189 LossQE: 1.522149e-06 LossCover: 0 Lambda_CVT: 0.1285122
38	39	3240.199	1.210952e-06	6.850512e-05
filepath = /home/yiming/research/CWF/data/Bunny/Ours_30000_bunny_Iter42_RVD.obj
energy: 6.515292e-05 LossCVT: 0.0005213728 LossQE: 1.500317e-06 LossCover: 0 Lambda_CVT: 0.1220865
39	40	3320.908	1.157449e-06	6.515292e-05
filepath = /home/yiming/research/CWF/data/Bunny/Ours_30000_bunny_Iter43_RVD.obj
energy: 6.197088e-05 LossCVT: 0.0005215263 LossQE: 1.483101e-06 LossCover: 0 Lambda_CVT: 0.1159822
40	41	3400.804	1.254558e-06	6.197088e-05
filepath = /home/yiming/research/CWF/data/Bunny/Ours_30000_bunny_Iter44_RVD.obj
energy: 5.894893e-05 LossCVT: 0.0005217217 LossQE: 1.464007e-06 LossCover: 0 Lambda_CVT: 0.1101831
41	42	3480.666	1.483985e-06	5.894893e-05
filepath = /home/yiming/research/CWF/data/Bunny/Ours_30000_bunny_Iter45_RVD.obj
energy: 5.606888e-05 LossCVT: 0.0005217992 LossQE: 1.450102e-06 LossCover: 0 Lambda_CVT: 0.104674
42	43	3560.806	1.125277e-06	5.606888e-05
filepath = /home/yiming/research/CWF/data/Bunny/Ours_30000_bunny_Iter46_RVD.obj
energy: 5.333592e-05 LossCVT: 0.0005219288 LossQE: 1.435178e-06 LossCover: 0 Lambda_CVT: 0.09944026
43	44	3640.418	1.026458e-06	5.333592e-05
filepath = /home/yiming/research/CWF/data/Bunny/Ours_30000_bunny_Iter47_RVD.obj
energy: 5.075056e-05 LossCVT: 0.0005223903 LossQE: 1.401262e-06 LossCover: 0 Lambda_CVT: 0.09446824
44	45	3719.763	1.323936e-06	5.075056e-05
filepath = /home/yiming/research/CWF/data/Bunny/Ours_30000_bunny_Iter48_RVD.obj
energy: 4.82804e-05 LossCVT: 0.0005224762 LossQE: 1.390865e-06 LossCover: 0 Lambda_CVT: 0.08974483
45	46	3798.678	1.180092e-06	4.82804e-05
filepath = /home/yiming/research/CWF/data/Bunny/Ours_30000_bunny_Iter49_RVD.obj
energy: 4.593347e-05 LossCVT: 0.0005226086 LossQE: 1.377127e-06 LossCover: 0 Lambda_CVT: 0.08525759
46	47	3878.31	1.175268e-06	4.593347e-05
filepath = /home/yiming/research/CWF/data/Bunny/Ours_30000_bunny_Iter50_RVD.obj
energy: 4.370443e-05 LossCVT: 0.0005227501 LossQE: 1.364439e-06 LossCover: 0 Lambda_CVT: 0.08099471
47	48	3957.296	1.240611e-06	4.370443e-05
filepath = /home/yiming/research/CWF/data/Bunny/Ours_30000_bunny_Iter51_RVD.obj
energy: 4.159422e-05 LossCVT: 0.0005231652 LossQE: 1.339289e-06 LossCover: 0 Lambda_CVT: 0.07694498
48	49	4037.123	1.33446e-06	4.159422e-05
filepath = /home/yiming/research/CWF/data/Bunny/Ours_30000_bunny_Iter52_RVD.obj
energy: 3.960508e-05 LossCVT: 0.0005239303 LossQE: 1.30696e-06 LossCover: 0 Lambda_CVT: 0.07309773
49	50	4116.857	2.018495e-06	3.960508e-05
filepath = /home/yiming/research/CWF/data/Bunny/Ours_30000_bunny_Iter53_RVD.obj
energy: 3.766969e-05 LossCVT: 0.0005237037 LossQE: 1.302223e-06 LossCover: 0 Lambda_CVT: 0.06944284
50	51	4196.328	1.219494e-06	3.766969e-05
reach the max itertion time
energy: 3.585132e-05 LossCVT: 0.0005237037 LossQE: 1.302223e-06 LossCover: 0 Lambda_CVT: 0.0659707
0	0	73.22568	1.216689e-06	3.585132e-05
energy: 3.762487e-05 LossCVT: 0.0005648729 LossQE: 2.223068e-06 LossCover: 0 Lambda_CVT: 0.06267216
energy: 3.361227e-05 LossCVT: 0.0005371809 LossQE: 1.629296e-06 LossCover: 0 Lambda_CVT: 0.05953856
energy: 3.125328e-05 LossCVT: 0.0005277317 LossQE: 1.403917e-06 LossCover: 0 Lambda_CVT: 0.05656163
energy: 2.951994e-05 LossCVT: 0.0005248392 LossQE: 1.318466e-06 LossCover: 0 Lambda_CVT: 0.05373355
energy: 2.804573e-05 LossCVT: 0.0005240395 LossQE: 1.295158e-06 LossCover: 0 Lambda_CVT: 0.05104687
1	5	438.2833	2.131757e-06	2.804573e-05
reach the max itertion time
cover-only energy: 6.463697e-08 LossCover: 6.463697e-08 maxViolation: 0.005918463 invalidSeeds: 98
0	0	3692.369	2.628121e-05	6.463697e-08
cover-only energy: 1.933737e-06 LossCover: 1.933737e-06 maxViolation: 0.01110912 invalidSeeds: 284
cover-only energy: 1.078439e-06 LossCover: 1.078439e-06 maxViolation: 0.008065581 invalidSeeds: 190
cover-only energy: 2.349624e-07 LossCover: 2.349624e-07 maxViolation: 0.006074398 invalidSeeds: 122
cover-only energy: 4.208091e-07 LossCover: 4.208091e-07 maxViolation: 0.006867572 invalidSeeds: 63
cover-only energy: 8.998358e-08 LossCover: 8.998358e-08 maxViolation: 0.005009418 invalidSeeds: 76
cover-only energy: 6.704195e-09 LossCover: 6.704195e-09 maxViolation: 0.003358536 invalidSeeds: 48
1	6	25823.93	2.301276e-05	6.704195e-09
cover-only energy: 1.274654e-08 LossCover: 1.274654e-08 maxViolation: 0.003135254 invalidSeeds: 52
cover-only energy: 2.848654e-09 LossCover: 2.848654e-09 maxViolation: 0.002317673 invalidSeeds: 48
2	8	33196.22	7.878611e-06	2.848654e-09
cover-only energy: 4.342143e-10 LossCover: 4.342143e-10 maxViolation: 0.001047241 invalidSeeds: 50
3	9	36886.23	1.287119e-06	4.342143e-10
cover-only energy: 1.286998e-10 LossCover: 1.286998e-10 maxViolation: 0.0006953568 invalidSeeds: 46
4	10	40577.44	4.85087e-07	1.286998e-10
cover-only energy: 4.912948e-11 LossCover: 4.912948e-11 maxViolation: 0.0004450656 invalidSeeds: 46
5	11	44273.45	2.845711e-07	4.912948e-11
cover-only energy: 9.550349e-12 LossCover: 9.550349e-12 maxViolation: 0.0002809046 invalidSeeds: 44
6	12	47945.3	1.30156e-07	9.550349e-12
cover-only energy: 1.735962e-12 LossCover: 1.735962e-12 maxViolation: 0.0001540571 invalidSeeds: 40
7	13	51636.98	2.983551e-08	1.735962e-12
cover-only energy: 6.726088e-13 LossCover: 6.726088e-13 maxViolation: 0.0001090306 invalidSeeds: 40
8	14	55333.8	1.770611e-08	6.726088e-13
cover-only energy: 7.796567e-14 LossCover: 7.796567e-14 maxViolation: 4.972506e-05 invalidSeeds: 40
stop current cover-only optimization: invalidSeeds unchanged for 3 evaluations (40)
reach the gradient tolerance
filepath = /home/yiming/research/CWF/data/Bunny/Ours_30000_bunny_RVD.obj
energy: 2.671418e-05 LossCVT: 0.000524066 LossQE: 1.299845e-06 LossCover: 0 Lambda_CVT: 0.04849453
0	0	72.83513	2.193135e-06	2.671418e-05
energy: 2.802401e-05 LossCVT: 0.0005612124 LossQE: 2.169072e-06 LossCover: 0 Lambda_CVT: 0.0460698
energy: 2.517896e-05 LossCVT: 0.0005387954 LossQE: 1.597869e-06 LossCover: 0 Lambda_CVT: 0.04376631
energy: 2.337481e-05 LossCVT: 0.0005293703 LossQE: 1.364657e-06 LossCover: 0 Lambda_CVT: 0.04157799
energy: 2.204346e-05 LossCVT: 0.0005259765 LossQE: 1.267867e-06 LossCover: 0 Lambda_CVT: 0.03949909
1	4	369.5253	3.975551e-06	2.204346e-05
reach the max itertion time
cover-only energy: 1.406986e-07 LossCover: 1.406986e-07 maxViolation: 0.004726025 invalidSeeds: 204
0	0	3685.898	6.654962e-05	1.406986e-07
cover-only energy: 5.354347e-06 LossCover: 5.354347e-06 maxViolation: 0.01163891 invalidSeeds: 417
cover-only energy: 1.29277e-06 LossCover: 1.29277e-06 maxViolation: 0.009064651 invalidSeeds: 299
cover-only energy: 1.546937e-06 LossCover: 1.546937e-06 maxViolation: 0.01133482 invalidSeeds: 188
cover-only energy: 1.79179e-06 LossCover: 1.79179e-06 maxViolation: 0.01309318 invalidSeeds: 147
cover-only energy: 2.825352e-07 LossCover: 2.825352e-07 maxViolation: 0.008435092 invalidSeeds: 106
cover-only energy: 2.134072e-07 LossCover: 2.134072e-07 maxViolation: 0.008698052 invalidSeeds: 136
cover-only energy: 1.948339e-08 LossCover: 1.948339e-08 maxViolation: 0.003041576 invalidSeeds: 154
1	7	29528.06	1.871358e-05	1.948339e-08
cover-only energy: 3.654672e-09 LossCover: 3.654672e-09 maxViolation: 0.001708808 invalidSeeds: 140
2	8	33205.98	3.078643e-06	3.654672e-09
cover-only energy: 1.931053e-09 LossCover: 1.931053e-09 maxViolation: 0.001372644 invalidSeeds: 140
3	9	36892.04	2.0297e-06	1.931053e-09
cover-only energy: 2.883384e-10 LossCover: 2.883384e-10 maxViolation: 0.0006264592 invalidSeeds: 138
4	10	40582.96	7.380985e-07	2.883384e-10
cover-only energy: 5.710309e-11 LossCover: 5.710309e-11 maxViolation: 0.0003851294 invalidSeeds: 130
5	11	44259.37	1.711759e-07	5.710309e-11
cover-only energy: 2.365088e-11 LossCover: 2.365088e-11 maxViolation: 0.0003161424 invalidSeeds: 130
6	12	47952.24	1.189376e-07	2.365088e-11
cover-only energy: 6.829778e-13 LossCover: 6.829778e-13 maxViolation: 0.0001037889 invalidSeeds: 104
7	13	51611.17	1.738065e-08	6.829778e-13
cover-only energy: 7.158419e-14 LossCover: 7.158419e-14 maxViolation: 3.859363e-05 invalidSeeds: 98
8	14	55283.83	3.162422e-09	7.158419e-14
cover-only energy: 4.702778e-14 LossCover: 4.702778e-14 maxViolation: 3.310879e-05 invalidSeeds: 98
9	15	58959.51	2.73011e-09	4.702778e-14
cover-only energy: 8.383374e-15 LossCover: 8.383374e-15 maxViolation: 3.292571e-05 invalidSeeds: 44
10	16	62640.47	1.267377e-09	8.383374e-15
reach the max itertion time
filepath = /home/yiming/research/CWF/data/Bunny/Ours_30000_bunny_RVD.obj
energy: 2.100365e-05 LossCVT: 0.0005259613 LossQE: 1.267409e-06 LossCover: 0 Lambda_CVT: 0.03752414
0	0	73.07944	3.922866e-06	2.100365e-05
energy: 2.183511e-05 LossCVT: 0.0005471926 LossQE: 2.328828e-06 LossCover: 0 Lambda_CVT: 0.03564793
energy: 1.980273e-05 LossCVT: 0.0005333628 LossQE: 1.740117e-06 LossCover: 0 Lambda_CVT: 0.03386554
1	2	220.2743	1.035799e-05	1.980273e-05
reach the max itertion time
cover-only energy: 2.262577e-06 LossCover: 2.262577e-06 maxViolation: 0.009187993 invalidSeeds: 1007
0	0	3660.334	0.000603078	2.262577e-06
cover-only energy: 8.260907e-06 LossCover: 8.260907e-06 maxViolation: 0.01283481 invalidSeeds: 1160
cover-only energy: 3.026324e-06 LossCover: 3.026324e-06 maxViolation: 0.01156848 invalidSeeds: 673
cover-only energy: 2.181658e-06 LossCover: 2.181658e-06 maxViolation: 0.01116956 invalidSeeds: 624
1	3	14597.51	0.0005630096	2.181658e-06
CWD: "/home/yiming/research/CWF"
====================CWF3DTest
Now file: bunny
30000   bunny   
OBJ: "/home/yiming/research/CWF/data/bunny.obj"
"/home/yiming/research/CWF"
Pts.size(): 29974

Begin CWF.

29974  29974
filepath = /home/yiming/research/CWF/data/Bunny/Ours_30000_bunny_Iter2_RVD.obj
energy: 0.0005649326 LossCVT: 0.0005917678 LossQE: 2.753249e-06 LossCover: 0 Lambda_CVT: 0.95
0	0	85.10189	0.0001876172	0.0005649326
filepath = /home/yiming/research/CWF/data/Bunny/Ours_30000_bunny_Iter3_RVD.obj
energy: 0.0005538362 LossCVT: 0.0006105237 LossQE: 2.838532e-06 LossCover: 0 Lambda_CVT: 0.9025
filepath = /home/yiming/research/CWF/data/Bunny/Ours_30000_bunny_Iter4_RVD.obj
energy: 0.0004746198 LossCVT: 0.000550802 LossQE: 2.37595e-06 LossCover: 0 Lambda_CVT: 0.857375
1	2	251.5645	8.150902e-05	0.0004746198
filepath = /home/yiming/research/CWF/data/Bunny/Ours_30000_bunny_Iter5_RVD.obj
energy: 0.0004432703 LossCVT: 0.0005414017 LossQE: 2.295276e-06 LossCover: 0 Lambda_CVT: 0.8145062
2	3	334.4771	4.0985e-05	0.0004432703
filepath = /home/yiming/research/CWF/data/Bunny/Ours_30000_bunny_Iter6_RVD.obj
energy: 0.0004163934 LossCVT: 0.0005352438 LossQE: 2.2319e-06 LossCover: 0 Lambda_CVT: 0.7737809
3	4	415.2229	2.74286e-05	0.0004163934
filepath = /home/yiming/research/CWF/data/Bunny/Ours_30000_bunny_Iter7_RVD.obj
energy: 0.0003929874 LossCVT: 0.0005316315 LossQE: 2.189441e-06 LossCover: 0 Lambda_CVT: 0.7350919
4	5	496.3896	2.428967e-05	0.0003929874
filepath = /home/yiming/research/CWF/data/Bunny/Ours_30000_bunny_Iter8_RVD.obj
energy: 0.0003716752 LossCVT: 0.0005291398 LossQE: 2.15708e-06 LossCover: 0 Lambda_CVT: 0.6983373
5	6	578.1562	2.466481e-05	0.0003716752
filepath = /home/yiming/research/CWF/data/Bunny/Ours_30000_bunny_Iter9_RVD.obj
energy: 0.0003518709 LossCVT: 0.0005271923 LossQE: 2.120752e-06 LossCover: 0 Lambda_CVT: 0.6634204
6	7	659.9373	1.48806e-05	0.0003518709
filepath = /home/yiming/research/CWF/data/Bunny/Ours_30000_bunny_Iter10_RVD.obj
energy: 0.0003336456 LossCVT: 0.0005260519 LossQE: 2.101675e-06 LossCover: 0 Lambda_CVT: 0.6302494
7	8	742.354	1.115497e-05	0.0003336456
filepath = /home/yiming/research/CWF/data/Bunny/Ours_30000_bunny_Iter11_RVD.obj
energy: 0.0003164377 LossCVT: 0.0005250568 LossQE: 2.066845e-06 LossCover: 0 Lambda_CVT: 0.5987369
8	9	824.5884	1.113262e-05	0.0003164377
filepath = /home/yiming/research/CWF/data/Bunny/Ours_30000_bunny_Iter12_RVD.obj
energy: 0.000300299 LossCVT: 0.0005243535 LossQE: 2.046663e-06 LossCover: 0 Lambda_CVT: 0.5688001
9	10	905.9404	1.140439e-05	0.000300299
filepath = /home/yiming/research/CWF/data/Bunny/Ours_30000_bunny_Iter13_RVD.obj
energy: 0.0002849979 LossCVT: 0.0005236766 LossQE: 2.02391e-06 LossCover: 0 Lambda_CVT: 0.5403601
10	11	988.1621	7.349579e-06	0.0002849979
filepath = /home/yiming/research/CWF/data/Bunny/Ours_30000_bunny_Iter14_RVD.obj
energy: 0.0002705624 LossCVT: 0.0005231615 LossQE: 2.001581e-06 LossCover: 0 Lambda_CVT: 0.5133421
11	12	1071.008	6.809791e-06	0.0002705624
filepath = /home/yiming/research/CWF/data/Bunny/Ours_30000_bunny_Iter15_RVD.obj
energy: 0.0002569506 LossCVT: 0.0005228166 LossQE: 1.986058e-06 LossCover: 0 Lambda_CVT: 0.487675
12	13	1152.506	7.329283e-06	0.0002569506
filepath = /home/yiming/research/CWF/data/Bunny/Ours_30000_bunny_Iter16_RVD.obj
energy: 0.0002440121 LossCVT: 0.0005224491 LossQE: 1.966036e-06 LossCover: 0 Lambda_CVT: 0.4632912
13	14	1235.054	5.665674e-06	0.0002440121
filepath = /home/yiming/research/CWF/data/Bunny/Ours_30000_bunny_Iter17_RVD.obj
energy: 0.0002317237 LossCVT: 0.0005220867 LossQE: 1.939444e-06 LossCover: 0 Lambda_CVT: 0.4401267
14	15	1317.473	4.869492e-06	0.0002317237
filepath = /home/yiming/research/CWF/data/Bunny/Ours_30000_bunny_Iter18_RVD.obj
energy: 0.0002201042 LossCVT: 0.0005218258 LossQE: 1.918174e-06 LossCover: 0 Lambda_CVT: 0.4181203
15	16	1398.771	4.9448e-06	0.0002201042
filepath = /home/yiming/research/CWF/data/Bunny/Ours_30000_bunny_Iter19_RVD.obj
energy: 0.0002090813 LossCVT: 0.0005215792 LossQE: 1.902621e-06 LossCover: 0 Lambda_CVT: 0.3972143
16	17	1480.365	4.511407e-06	0.0002090813
filepath = /home/yiming/research/CWF/data/Bunny/Ours_30000_bunny_Iter20_RVD.obj
energy: 0.0001986199 LossCVT: 0.0005213622 LossQE: 1.881966e-06 LossCover: 0 Lambda_CVT: 0.3773536
17	18	1561.959	3.843479e-06	0.0001986199
filepath = /home/yiming/research/CWF/data/Bunny/Ours_30000_bunny_Iter21_RVD.obj
energy: 0.0001887117 LossCVT: 0.0005212061 LossQE: 1.866664e-06 LossCover: 0 Lambda_CVT: 0.3584859
18	19	1643.21	3.687382e-06	0.0001887117
filepath = /home/yiming/research/CWF/data/Bunny/Ours_30000_bunny_Iter22_RVD.obj
energy: 0.0001793085 LossCVT: 0.000521077 LossQE: 1.849656e-06 LossCover: 0 Lambda_CVT: 0.3405616
19	20	1724.254	3.401508e-06	0.0001793085
filepath = /home/yiming/research/CWF/data/Bunny/Ours_30000_bunny_Iter23_RVD.obj
energy: 0.0001703747 LossCVT: 0.0005209543 LossQE: 1.828446e-06 LossCover: 0 Lambda_CVT: 0.3235335
20	21	1805.13	2.872792e-06	0.0001703747
filepath = /home/yiming/research/CWF/data/Bunny/Ours_30000_bunny_Iter24_RVD.obj
energy: 0.0001618952 LossCVT: 0.0005208557 LossQE: 1.806626e-06 LossCover: 0 Lambda_CVT: 0.3073569
21	22	1886.366	2.75669e-06	0.0001618952
filepath = /home/yiming/research/CWF/data/Bunny/Ours_30000_bunny_Iter25_RVD.obj
energy: 0.0001538473 LossCVT: 0.000520772 LossQE: 1.78761e-06 LossCover: 0 Lambda_CVT: 0.291989
22	23	1966.89	2.570761e-06	0.0001538473
filepath = /home/yiming/research/CWF/data/Bunny/Ours_30000_bunny_Iter26_RVD.obj
energy: 0.0001462045 LossCVT: 0.0005206828 LossQE: 1.77253e-06 LossCover: 0 Lambda_CVT: 0.2773896
23	24	2047.343	2.374672e-06	0.0001462045
filepath = /home/yiming/research/CWF/data/Bunny/Ours_30000_bunny_Iter27_RVD.obj
energy: 0.0001389522 LossCVT: 0.0005206357 LossQE: 1.754188e-06 LossCover: 0 Lambda_CVT: 0.2635201
24	25	2127.486	2.108313e-06	0.0001389522
filepath = /home/yiming/research/CWF/data/Bunny/Ours_30000_bunny_Iter28_RVD.obj
energy: 0.0001320699 LossCVT: 0.0005206146 LossQE: 1.73712e-06 LossCover: 0 Lambda_CVT: 0.2503441
25	26	2208.991	2.156673e-06	0.0001320699
filepath = /home/yiming/research/CWF/data/Bunny/Ours_30000_bunny_Iter29_RVD.obj
energy: 0.0001255325 LossCVT: 0.0005205986 LossQE: 1.720127e-06 LossCover: 0 Lambda_CVT: 0.2378269
26	27	2290.376	1.872584e-06	0.0001255325
filepath = /home/yiming/research/CWF/data/Bunny/Ours_30000_bunny_Iter30_RVD.obj
energy: 0.0001193284 LossCVT: 0.0005206271 LossQE: 1.700231e-06 LossCover: 0 Lambda_CVT: 0.2259355
27	28	2370.881	2.294751e-06	0.0001193284
filepath = /home/yiming/research/CWF/data/Bunny/Ours_30000_bunny_Iter31_RVD.obj
energy: 0.00011343 LossCVT: 0.0005206137 LossQE: 1.686127e-06 LossCover: 0 Lambda_CVT: 0.2146388
28	29	2451.47	1.845642e-06	0.00011343
filepath = /home/yiming/research/CWF/data/Bunny/Ours_30000_bunny_Iter32_RVD.obj
energy: 0.000107828 LossCVT: 0.0005206 LossQE: 1.674117e-06 LossCover: 0 Lambda_CVT: 0.2039068
29	30	2531.79	1.567369e-06	0.000107828
filepath = /home/yiming/research/CWF/data/Bunny/Ours_30000_bunny_Iter33_RVD.obj
energy: 0.000102511 LossCVT: 0.0005206587 LossQE: 1.653392e-06 LossCover: 0 Lambda_CVT: 0.1937115
30	31	2612.273	1.481732e-06	0.000102511
filepath = /home/yiming/research/CWF/data/Bunny/Ours_30000_bunny_Iter34_RVD.obj
energy: 9.746636e-05 LossCVT: 0.0005207793 LossQE: 1.629476e-06 LossCover: 0 Lambda_CVT: 0.1840259
31	32	2693.373	1.777233e-06	9.746636e-05
filepath = /home/yiming/research/CWF/data/Bunny/Ours_30000_bunny_Iter35_RVD.obj
energy: 9.266332e-05 LossCVT: 0.0005207877 LossQE: 1.616811e-06 LossCover: 0 Lambda_CVT: 0.1748246
32	33	2773.558	1.545252e-06	9.266332e-05
filepath = /home/yiming/research/CWF/data/Bunny/Ours_30000_bunny_Iter36_RVD.obj
energy: 8.809936e-05 LossCVT: 0.0005207809 LossQE: 1.606296e-06 LossCover: 0 Lambda_CVT: 0.1660834
33	34	2854.218	1.36543e-06	8.809936e-05
filepath = /home/yiming/research/CWF/data/Bunny/Ours_30000_bunny_Iter37_RVD.obj
energy: 8.377622e-05 LossCVT: 0.0005209476 LossQE: 1.581517e-06 LossCover: 0 Lambda_CVT: 0.1577792
34	35	2934.96	1.724227e-06	8.377622e-05
filepath = /home/yiming/research/CWF/data/Bunny/Ours_30000_bunny_Iter38_RVD.obj
energy: 7.965755e-05 LossCVT: 0.0005209536 LossQE: 1.571688e-06 LossCover: 0 Lambda_CVT: 0.1498903
35	36	3014.719	1.473413e-06	7.965755e-05
filepath = /home/yiming/research/CWF/data/Bunny/Ours_30000_bunny_Iter39_RVD.obj
energy: 7.574508e-05 LossCVT: 0.0005209808 LossQE: 1.559632e-06 LossCover: 0 Lambda_CVT: 0.1423957
36	37	3095.439	1.177631e-06	7.574508e-05
filepath = /home/yiming/research/CWF/data/Bunny/Ours_30000_bunny_Iter40_RVD.obj
energy: 7.203801e-05 LossCVT: 0.0005211935 LossQE: 1.533071e-06 LossCover: 0 Lambda_CVT: 0.135276
37	38	3176.391	1.469815e-06	7.203801e-05
filepath = /home/yiming/research/CWF/data/Bunny/Ours_30000_bunny_Iter41_RVD.obj
energy: 6.850512e-05 LossCVT: 0.0005212189 LossQE: 1.522149e-06 LossCover: 0 Lambda_CVT: 0.1285122
38	39	3258.106	1.210952e-06	6.850512e-05
filepath = /home/yiming/research/CWF/data/Bunny/Ours_30000_bunny_Iter42_RVD.obj
energy: 6.515292e-05 LossCVT: 0.0005213728 LossQE: 1.500317e-06 LossCover: 0 Lambda_CVT: 0.1220865
39	40	3339.425	1.157449e-06	6.515292e-05
filepath = /home/yiming/research/CWF/data/Bunny/Ours_30000_bunny_Iter43_RVD.obj
energy: 6.197088e-05 LossCVT: 0.0005215263 LossQE: 1.483101e-06 LossCover: 0 Lambda_CVT: 0.1159822
40	41	3420.622	1.254558e-06	6.197088e-05
filepath = /home/yiming/research/CWF/data/Bunny/Ours_30000_bunny_Iter44_RVD.obj
energy: 5.894893e-05 LossCVT: 0.0005217217 LossQE: 1.464007e-06 LossCover: 0 Lambda_CVT: 0.1101831
41	42	3502.077	1.483985e-06	5.894893e-05
filepath = /home/yiming/research/CWF/data/Bunny/Ours_30000_bunny_Iter45_RVD.obj
energy: 5.606888e-05 LossCVT: 0.0005217992 LossQE: 1.450102e-06 LossCover: 0 Lambda_CVT: 0.104674
42	43	3582.493	1.125277e-06	5.606888e-05
filepath = /home/yiming/research/CWF/data/Bunny/Ours_30000_bunny_Iter46_RVD.obj
energy: 5.333592e-05 LossCVT: 0.0005219288 LossQE: 1.435178e-06 LossCover: 0 Lambda_CVT: 0.09944026
43	44	3661.259	1.026458e-06	5.333592e-05
filepath = /home/yiming/research/CWF/data/Bunny/Ours_30000_bunny_Iter47_RVD.obj
energy: 5.075056e-05 LossCVT: 0.0005223903 LossQE: 1.401262e-06 LossCover: 0 Lambda_CVT: 0.09446824
44	45	3741.787	1.323936e-06	5.075056e-05
filepath = /home/yiming/research/CWF/data/Bunny/Ours_30000_bunny_Iter48_RVD.obj
energy: 4.82804e-05 LossCVT: 0.0005224762 LossQE: 1.390865e-06 LossCover: 0 Lambda_CVT: 0.08974483
45	46	3821.689	1.180092e-06	4.82804e-05
filepath = /home/yiming/research/CWF/data/Bunny/Ours_30000_bunny_Iter49_RVD.obj
energy: 4.593347e-05 LossCVT: 0.0005226086 LossQE: 1.377127e-06 LossCover: 0 Lambda_CVT: 0.08525759
46	47	3902.027	1.175268e-06	4.593347e-05
filepath = /home/yiming/research/CWF/data/Bunny/Ours_30000_bunny_Iter50_RVD.obj
energy: 4.370443e-05 LossCVT: 0.0005227501 LossQE: 1.364439e-06 LossCover: 0 Lambda_CVT: 0.08099471
47	48	3985.207	1.240611e-06	4.370443e-05
filepath = /home/yiming/research/CWF/data/Bunny/Ours_30000_bunny_Iter51_RVD.obj
energy: 4.159422e-05 LossCVT: 0.0005231652 LossQE: 1.339289e-06 LossCover: 0 Lambda_CVT: 0.07694498
48	49	4064.834	1.33446e-06	4.159422e-05
filepath = /home/yiming/research/CWF/data/Bunny/Ours_30000_bunny_Iter52_RVD.obj
energy: 3.960508e-05 LossCVT: 0.0005239303 LossQE: 1.30696e-06 LossCover: 0 Lambda_CVT: 0.07309773
49	50	4144.851	2.018495e-06	3.960508e-05
filepath = /home/yiming/research/CWF/data/Bunny/Ours_30000_bunny_Iter53_RVD.obj
energy: 3.766969e-05 LossCVT: 0.0005237037 LossQE: 1.302223e-06 LossCover: 0 Lambda_CVT: 0.06944284
50	51	4225.561	1.219494e-06	3.766969e-05
reach the max itertion time
energy: 3.585132e-05 LossCVT: 0.0005237037 LossQE: 1.302223e-06 LossCover: 0 Lambda_CVT: 0.0659707
0	0	73.33032	1.216689e-06	3.585132e-05
energy: 3.762487e-05 LossCVT: 0.0005648729 LossQE: 2.223068e-06 LossCover: 0 Lambda_CVT: 0.06267216
energy: 3.361227e-05 LossCVT: 0.0005371809 LossQE: 1.629296e-06 LossCover: 0 Lambda_CVT: 0.05953856
energy: 3.125328e-05 LossCVT: 0.0005277317 LossQE: 1.403917e-06 LossCover: 0 Lambda_CVT: 0.05656163
energy: 2.951994e-05 LossCVT: 0.0005248392 LossQE: 1.318466e-06 LossCover: 0 Lambda_CVT: 0.05373355
energy: 2.804573e-05 LossCVT: 0.0005240395 LossQE: 1.295158e-06 LossCover: 0 Lambda_CVT: 0.05104687
1	5	441.2866	2.131757e-06	2.804573e-05
reach the max itertion time
cover-only energy: 6.463697e-08 LossCover: 6.463697e-08 maxViolation: 0.005918463 invalidSeeds: 98
0	0	3601.595	2.628121e-05	6.463697e-08
cover-only energy: 1.933737e-06 LossCover: 1.933737e-06 maxViolation: 0.01110912 invalidSeeds: 284
cover-only energy: 1.078439e-06 LossCover: 1.078439e-06 maxViolation: 0.008065581 invalidSeeds: 190
cover-only energy: 2.349624e-07 LossCover: 2.349624e-07 maxViolation: 0.006074398 invalidSeeds: 122
cover-only energy: 4.208091e-07 LossCover: 4.208091e-07 maxViolation: 0.006867572 invalidSeeds: 63
cover-only energy: 8.998358e-08 LossCover: 8.998358e-08 maxViolation: 0.005009418 invalidSeeds: 76
cover-only energy: 6.704195e-09 LossCover: 6.704195e-09 maxViolation: 0.003358536 invalidSeeds: 48
1	6	25176.61	2.301276e-05	6.704195e-09
cover-only energy: 1.274654e-08 LossCover: 1.274654e-08 maxViolation: 0.003135254 invalidSeeds: 52
cover-only energy: 2.848654e-09 LossCover: 2.848654e-09 maxViolation: 0.002317673 invalidSeeds: 48
2	8	32354.21	7.878611e-06	2.848654e-09
cover-only energy: 4.342143e-10 LossCover: 4.342143e-10 maxViolation: 0.001047241 invalidSeeds: 50
3	9	35952.88	1.287119e-06	4.342143e-10
cover-only energy: 1.286998e-10 LossCover: 1.286998e-10 maxViolation: 0.0006953568 invalidSeeds: 46
4	10	39549.81	4.85087e-07	1.286998e-10
cover-only energy: 4.912948e-11 LossCover: 4.912948e-11 maxViolation: 0.0004450656 invalidSeeds: 46
5	11	43126.59	2.845711e-07	4.912948e-11
cover-only energy: 9.550349e-12 LossCover: 9.550349e-12 maxViolation: 0.0002809046 invalidSeeds: 44
6	12	46715.78	1.30156e-07	9.550349e-12
cover-only energy: 1.735962e-12 LossCover: 1.735962e-12 maxViolation: 0.0001540571 invalidSeeds: 40
7	13	50297.89	2.983551e-08	1.735962e-12
cover-only energy: 6.726088e-13 LossCover: 6.726088e-13 maxViolation: 0.0001090306 invalidSeeds: 40
8	14	53880.91	1.770611e-08	6.726088e-13
cover-only energy: 7.796567e-14 LossCover: 7.796567e-14 maxViolation: 4.972506e-05 invalidSeeds: 40
stop current cover-only optimization: invalidSeeds unchanged for 3 evaluations (40)
reach the gradient tolerance
filepath = /home/yiming/research/CWF/data/Bunny/Ours_30000_bunny_RVD.obj
energy: 2.671418e-05 LossCVT: 0.000524066 LossQE: 1.299845e-06 LossCover: 0 Lambda_CVT: 0.04849453
0	0	75.43031	2.193135e-06	2.671418e-05
energy: 2.802401e-05 LossCVT: 0.0005612124 LossQE: 2.169072e-06 LossCover: 0 Lambda_CVT: 0.0460698
energy: 2.517896e-05 LossCVT: 0.0005387954 LossQE: 1.597869e-06 LossCover: 0 Lambda_CVT: 0.04376631
energy: 2.337481e-05 LossCVT: 0.0005293703 LossQE: 1.364657e-06 LossCover: 0 Lambda_CVT: 0.04157799
energy: 2.204346e-05 LossCVT: 0.0005259765 LossQE: 1.267867e-06 LossCover: 0 Lambda_CVT: 0.03949909
1	4	372.1105	3.975551e-06	2.204346e-05
reach the max itertion time
cover-only energy: 1.406986e-07 LossCover: 1.406986e-07 maxViolation: 0.004726025 invalidSeeds: 204
0	0	3589.548	6.654962e-05	1.406986e-07
cover-only energy: 5.354347e-06 LossCover: 5.354347e-06 maxViolation: 0.01163891 invalidSeeds: 417
cover-only energy: 1.29277e-06 LossCover: 1.29277e-06 maxViolation: 0.009064651 invalidSeeds: 299
cover-only energy: 1.546937e-06 LossCover: 1.546937e-06 maxViolation: 0.01133482 invalidSeeds: 188
cover-only energy: 1.79179e-06 LossCover: 1.79179e-06 maxViolation: 0.01309318 invalidSeeds: 147
cover-only energy: 2.825352e-07 LossCover: 2.825352e-07 maxViolation: 0.008435092 invalidSeeds: 106
cover-only energy: 2.134072e-07 LossCover: 2.134072e-07 maxViolation: 0.008698052 invalidSeeds: 136
cover-only energy: 1.948339e-08 LossCover: 1.948339e-08 maxViolation: 0.003041576 invalidSeeds: 154
1	7	28723.8	1.871358e-05	1.948339e-08
cover-only energy: 3.654672e-09 LossCover: 3.654672e-09 maxViolation: 0.001708808 invalidSeeds: 140
2	8	32308.91	3.078643e-06	3.654672e-09
cover-only energy: 1.931053e-09 LossCover: 1.931053e-09 maxViolation: 0.001372644 invalidSeeds: 140
3	9	35880.83	2.0297e-06	1.931053e-09
cover-only energy: 2.883384e-10 LossCover: 2.883384e-10 maxViolation: 0.0006264592 invalidSeeds: 138
4	10	39469.15	7.380985e-07	2.883384e-10
cover-only energy: 5.710309e-11 LossCover: 5.710309e-11 maxViolation: 0.0003851294 invalidSeeds: 130
5	11	43036.9	1.711759e-07	5.710309e-11
cover-only energy: 2.365088e-11 LossCover: 2.365088e-11 maxViolation: 0.0003161424 invalidSeeds: 130
6	12	46618.28	1.189376e-07	2.365088e-11
cover-only energy: 6.829778e-13 LossCover: 6.829778e-13 maxViolation: 0.0001037889 invalidSeeds: 104
7	13	50201.66	1.738065e-08	6.829778e-13
cover-only energy: 7.158419e-14 LossCover: 7.158419e-14 maxViolation: 3.859363e-05 invalidSeeds: 98
8	14	53780.78	3.162422e-09	7.158419e-14
cover-only energy: 4.702778e-14 LossCover: 4.702778e-14 maxViolation: 3.310879e-05 invalidSeeds: 98
9	15	57371.04	2.73011e-09	4.702778e-14
cover-only energy: 8.383374e-15 LossCover: 8.383374e-15 maxViolation: 3.292571e-05 invalidSeeds: 44
10	16	60969.28	1.267377e-09	8.383374e-15
reach the max itertion time
filepath = /home/yiming/research/CWF/data/Bunny/Ours_30000_bunny_RVD.obj
energy: 2.100365e-05 LossCVT: 0.0005259613 LossQE: 1.267409e-06 LossCover: 0 Lambda_CVT: 0.03752414
0	0	73.48723	3.922866e-06	2.100365e-05
energy: 2.183511e-05 LossCVT: 0.0005471926 LossQE: 2.328828e-06 LossCover: 0 Lambda_CVT: 0.03564793
energy: 1.980273e-05 LossCVT: 0.0005333628 LossQE: 1.740117e-06 LossCover: 0 Lambda_CVT: 0.03386554
1	2	221.4701	1.035799e-05	1.980273e-05
reach the max itertion time
cover-only energy: 2.262577e-06 LossCover: 2.262577e-06 maxViolation: 0.009187993 invalidSeeds: 1007
0	0	3540.801	0.000603078	2.262577e-06
cover-only energy: 8.260907e-06 LossCover: 8.260907e-06 maxViolation: 0.01283481 invalidSeeds: 1160
cover-only energy: 3.026324e-06 LossCover: 3.026324e-06 maxViolation: 0.01156848 invalidSeeds: 673
cover-only energy: 2.181658e-06 LossCover: 2.181658e-06 maxViolation: 0.01116956 invalidSeeds: 624
1	3	14203.11	0.0005630096	2.181658e-06
cover-only energy: 8.416436e-07 LossCover: 8.416436e-07 maxViolation: 0.007973166 invalidSeeds: 549
2	4	17770.05	0.0004200339	8.416436e-07
cover-only energy: 1.382084e-06 LossCover: 1.382084e-06 maxViolation: 0.009069297 invalidSeeds: 545
cover-only energy: 8.379607e-07 LossCover: 8.379607e-07 maxViolation: 0.01044889 invalidSeeds: 532
3	6	24893.71	0.000732917	8.379607e-07
cover-only energy: 1.011446e-06 LossCover: 1.011446e-06 maxViolation: 0.01151925 invalidSeeds: 526
cover-only energy: 4.323842e-07 LossCover: 4.323842e-07 maxViolation: 0.005486137 invalidSeeds: 525
4	8	31996.68	0.0002480163	4.323842e-07
cover-only energy: 8.165561e-07 LossCover: 8.165561e-07 maxViolation: 0.009873665 invalidSeeds: 503
cover-only energy: 7.737055e-07 LossCover: 7.737055e-07 maxViolation: 0.01028732 invalidSeeds: 513
cover-only energy: 6.651185e-07 LossCover: 6.651185e-07 maxViolation: 0.01069625 invalidSeeds: 517
cover-only energy: 3.999466e-07 LossCover: 3.999466e-07 maxViolation: 0.005367955 invalidSeeds: 525
5	12	45909.94	0.000183957	3.999466e-07
cover-only energy: 7.379889e-07 LossCover: 7.379889e-07 maxViolation: 0.01078965 invalidSeeds: 510
cover-only energy: 6.671095e-07 LossCover: 6.671095e-07 maxViolation: 0.01077016 invalidSeeds: 511
cover-only energy: 6.755827e-07 LossCover: 6.755827e-07 maxViolation: 0.01075903 invalidSeeds: 511
cover-only energy: 6.827602e-07 LossCover: 6.827602e-07 maxViolation: 0.01075309 invalidSeeds: 517
cover-only energy: 3.947075e-07 LossCover: 3.947075e-07 maxViolation: 0.005380169 invalidSeeds: 517
cover-only energy: 3.930942e-07 LossCover: 3.930942e-07 maxViolation: 0.005387129 invalidSeeds: 517
stop current cover-only optimization: invalidSeeds unchanged for 3 evaluations (517)
reach the gradient tolerance
filepath = /home/yiming/research/CWF/data/Bunny/Ours_30000_bunny_RVD.obj
energy: 1.886201e-05 LossCVT: 0.0005336352 LossQE: 1.693762e-06 LossCover: 0 Lambda_CVT: 0.03217226
0	0	73.00228	9.94449e-06	1.886201e-05
energy: 1.910282e-05 LossCVT: 0.0005480669 LossQE: 2.351901e-06 LossCover: 0 Lambda_CVT: 0.03056365
energy: 1.714193e-05 LossCVT: 0.0005339525 LossQE: 1.638375e-06 LossCover: 0 Lambda_CVT: 0.02903546
1	2	223.2568	9.550458e-06	1.714193e-05
reach the max itertion time
cover-only energy: 2.26443e-06 LossCover: 2.26443e-06 maxViolation: 0.01149399 invalidSeeds: 958
0	0	3465.346	0.0007475624	2.26443e-06
cover-only energy: 6.724199e-06 LossCover: 6.724199e-06 maxViolation: 0.01336601 invalidSeeds: 821
cover-only energy: 2.943693e-06 LossCover: 2.943693e-06 maxViolation: 0.01169733 invalidSeeds: 721
cover-only energy: 1.685161e-06 LossCover: 1.685161e-06 maxViolation: 0.009396428 invalidSeeds: 665
1	3	14012.06	0.001502844	1.685161e-06
cover-only energy: 2.041626e-06 LossCover: 2.041626e-06 maxViolation: 0.007933896 invalidSeeds: 708
cover-only energy: 1.800712e-06 LossCover: 1.800712e-06 maxViolation: 0.009463882 invalidSeeds: 645
cover-only energy: 1.766515e-06 LossCover: 1.766515e-06 maxViolation: 0.01000262 invalidSeeds: 670
cover-only energy: 1.315351e-06 LossCover: 1.315351e-06 maxViolation: 0.008773834 invalidSeeds: 656
2	7	28114.79	0.0004368752	1.315351e-06
cover-only energy: 6.069998e-07 LossCover: 6.069998e-07 maxViolation: 0.007690707 invalidSeeds: 647
3	8	31630.15	0.0001333526	6.069998e-07
cover-only energy: 5.931988e-07 LossCover: 5.931988e-07 maxViolation: 0.009806123 invalidSeeds: 646
4	9	35134.69	0.0006155907	5.931988e-07
cover-only energy: 8.131375e-07 LossCover: 8.131375e-07 maxViolation: 0.009883845 invalidSeeds: 615
cover-only energy: 1.070295e-06 LossCover: 1.070295e-06 maxViolation: 0.01039764 invalidSeeds: 634
cover-only energy: 9.194291e-07 LossCover: 9.194291e-07 maxViolation: 0.009554301 invalidSeeds: 645
cover-only energy: 8.892196e-07 LossCover: 8.892196e-07 maxViolation: 0.009544982 invalidSeeds: 639
cover-only energy: 5.468793e-07 LossCover: 5.468793e-07 maxViolation: 0.009440997 invalidSeeds: 642
cover-only energy: 7.069051e-07 LossCover: 7.069051e-07 maxViolation: 0.00960483 invalidSeeds: 641
cover-only energy: 5.356052e-07 LossCover: 5.356052e-07 maxViolation: 0.009319341 invalidSeeds: 642
cover-only energy: 5.300734e-07 LossCover: 5.300734e-07 maxViolation: 0.009256015 invalidSeeds: 642
cover-only energy: 5.273372e-07 LossCover: 5.273372e-07 maxViolation: 0.009223837 invalidSeeds: 642
stop current cover-only optimization: invalidSeeds unchanged for 3 evaluations (642)
reach the gradient tolerance
filepath = /home/yiming/research/CWF/data/Bunny/Ours_30000_bunny_RVD.obj
energy: 1.636928e-05 LossCVT: 0.0005339886 LossQE: 1.639907e-06 LossCover: 0 Lambda_CVT: 0.02758369
0	0	74.1796	9.818937e-06	1.636928e-05
energy: 1.653486e-05 LossCVT: 0.0005461083 LossQE: 2.224359e-06 LossCover: 0 Lambda_CVT: 0.02620451
energy: 1.47925e-05 LossCVT: 0.0005332379 LossQE: 1.517923e-06 LossCover: 0 Lambda_CVT: 0.02489428
1	2	224.1403	7.947206e-06	1.47925e-05
reach the max itertion time
cover-only energy: 1.685174e-06 LossCover: 1.685174e-06 maxViolation: 0.0107256 invalidSeeds: 721
0	0	3515.467	0.002568854	1.685174e-06
cover-only energy: 8.01565e-07 LossCover: 8.01565e-07 maxViolation: 0.008935942 invalidSeeds: 495
1	1	7036.847	0.0005027053	8.01565e-07
cover-only energy: 4.317261e-07 LossCover: 4.317261e-07 maxViolation: 0.00686989 invalidSeeds: 481
2	2	10504.84	0.0001987787	4.317261e-07
cover-only energy: 6.121825e-07 LossCover: 6.121825e-07 maxViolation: 0.01091746 invalidSeeds: 432
cover-only energy: 3.881355e-07 LossCover: 3.881355e-07 maxViolation: 0.006181222 invalidSeeds: 440
3	4	17554.22	0.0003409306	3.881355e-07
cover-only energy: 1.915514e-07 LossCover: 1.915514e-07 maxViolation: 0.006077817 invalidSeeds: 427
4	5	21085.13	8.742523e-05	1.915514e-07
cover-only energy: 6.53117e-08 LossCover: 6.53117e-08 maxViolation: 0.005346516 invalidSeeds: 411
5	6	24618.18	7.586246e-05	6.53117e-08
cover-only energy: 1.044221e-08 LossCover: 1.044221e-08 maxViolation: 0.002447644 invalidSeeds: 390
6	7	28152.67	1.027405e-05	1.044221e-08
cover-only energy: 3.195077e-08 LossCover: 3.195077e-08 maxViolation: 0.004637524 invalidSeeds: 384
cover-only energy: 6.325261e-09 LossCover: 6.325261e-09 maxViolation: 0.001666275 invalidSeeds: 385
7	9	35355.66	5.211108e-06	6.325261e-09
cover-only energy: 2.845293e-08 LossCover: 2.845293e-08 maxViolation: 0.004503522 invalidSeeds: 386
cover-only energy: 3.516582e-08 LossCover: 3.516582e-08 maxViolation: 0.004728158 invalidSeeds: 388
cover-only energy: 6.072684e-09 LossCover: 6.072684e-09 maxViolation: 0.00163186 invalidSeeds: 387
cover-only energy: 3.706569e-08 LossCover: 3.706569e-08 maxViolation: 0.004734185 invalidSeeds: 388
cover-only energy: 5.99468e-09 LossCover: 5.99468e-09 maxViolation: 0.001623231 invalidSeeds: 387
8	14	53220.78	4.975648e-06	5.99468e-09
cover-only energy: 3.375203e-08 LossCover: 3.375203e-08 maxViolation: 0.004319997 invalidSeeds: 390
cover-only energy: 2.186851e-08 LossCover: 2.186851e-08 maxViolation: 0.003409051 invalidSeeds: 386
cover-only energy: 2.115554e-08 LossCover: 2.115554e-08 maxViolation: 0.004138839 invalidSeeds: 386
cover-only energy: 2.843084e-08 LossCover: 2.843084e-08 maxViolation: 0.004503776 invalidSeeds: 386
stop current cover-only optimization: invalidSeeds unchanged for 3 evaluations (386)
cover-only energy: 3.290977e-08 LossCover: 3.290977e-08 maxViolation: 0.004669185 invalidSeeds: 388
cover-only energy: 3.539247e-08 LossCover: 3.539247e-08 maxViolation: 0.004732603 invalidSeeds: 388
cover-only energy: 3.669934e-08 LossCover: 3.669934e-08 maxViolation: 0.004743383 invalidSeeds: 388
stop current cover-only optimization: invalidSeeds unchanged for 3 evaluations (388)
cover-only energy: 5.939783e-09 LossCover: 5.939783e-09 maxViolation: 0.001617227 invalidSeeds: 386
cover-only energy: 3.703313e-08 LossCover: 3.703313e-08 maxViolation: 0.004735628 invalidSeeds: 388
cover-only energy: 3.72011e-08 LossCover: 3.72011e-08 maxViolation: 0.004721141 invalidSeeds: 388
cover-only energy: 5.932961e-09 LossCover: 5.932961e-09 maxViolation: 0.001616477 invalidSeeds: 386
cover-only energy: 5.929554e-09 LossCover: 5.929554e-09 maxViolation: 0.001616101 invalidSeeds: 386
cover-only energy: 3.722214e-08 LossCover: 3.722214e-08 maxViolation: 0.004715832 invalidSeeds: 388
cover-only energy: 5.928702e-09 LossCover: 5.928702e-09 maxViolation: 0.001616007 invalidSeeds: 386
cover-only energy: 3.722741e-08 LossCover: 3.722741e-08 maxViolation: 0.00471353 invalidSeeds: 388
cover-only energy: 3.723004e-08 LossCover: 3.723004e-08 maxViolation: 0.004711815 invalidSeeds: 388
cover-only energy: 3.723135e-08 LossCover: 3.723135e-08 maxViolation: 0.004710522 invalidSeeds: 388
stop current cover-only optimization: invalidSeeds unchanged for 3 evaluations (388)
cover-only energy: 3.723201e-08 LossCover: 3.723201e-08 maxViolation: 0.004709499 invalidSeeds: 388
stop current cover-only optimization: invalidSeeds unchanged for 3 evaluations (388)
cover-only energy: 3.723234e-08 LossCover: 3.723234e-08 maxViolation: 0.004708513 invalidSeeds: 388
stop current cover-only optimization: invalidSeeds unchanged for 3 evaluations (388)
reach the max linearsearch time
CWD: "/home/yiming/research/CWF"
====================CWF3DTest
Now file: bunny
30000   bunny   
OBJ: "/home/yiming/research/CWF/data/bunny.obj"
"/home/yiming/research/CWF"
Pts.size(): 29974

Begin CWF.

29974  29974
filepath = /home/yiming/research/CWF/data/Bunny/Ours_30000_bunny_Iter2_RVD.obj
energy: 0.0005649326 LossCVT: 0.0005917678 LossQE: 2.753249e-06 LossCover: 0 Lambda_CVT: 0.95
0	0	82.55569	0.0001876172	0.0005649326
filepath = /home/yiming/research/CWF/data/Bunny/Ours_30000_bunny_Iter3_RVD.obj
energy: 0.0005538362 LossCVT: 0.0006105237 LossQE: 2.838532e-06 LossCover: 0 Lambda_CVT: 0.9025
filepath = /home/yiming/research/CWF/data/Bunny/Ours_30000_bunny_Iter4_RVD.obj
energy: 0.0004746198 LossCVT: 0.000550802 LossQE: 2.37595e-06 LossCover: 0 Lambda_CVT: 0.857375
1	2	244.511	8.150902e-05	0.0004746198
filepath = /home/yiming/research/CWF/data/Bunny/Ours_30000_bunny_Iter5_RVD.obj
energy: 0.0004432703 LossCVT: 0.0005414017 LossQE: 2.295276e-06 LossCover: 0 Lambda_CVT: 0.8145062
2	3	325.0782	4.0985e-05	0.0004432703
filepath = /home/yiming/research/CWF/data/Bunny/Ours_30000_bunny_Iter6_RVD.obj
energy: 0.0004163934 LossCVT: 0.0005352438 LossQE: 2.2319e-06 LossCover: 0 Lambda_CVT: 0.7737809
3	4	405.3014	2.74286e-05	0.0004163934
filepath = /home/yiming/research/CWF/data/Bunny/Ours_30000_bunny_Iter7_RVD.obj
energy: 0.0003929874 LossCVT: 0.0005316315 LossQE: 2.189441e-06 LossCover: 0 Lambda_CVT: 0.7350919
4	5	484.9787	2.428967e-05	0.0003929874
filepath = /home/yiming/research/CWF/data/Bunny/Ours_30000_bunny_Iter8_RVD.obj
energy: 0.0003716752 LossCVT: 0.0005291398 LossQE: 2.15708e-06 LossCover: 0 Lambda_CVT: 0.6983373
5	6	565.417	2.466481e-05	0.0003716752
filepath = /home/yiming/research/CWF/data/Bunny/Ours_30000_bunny_Iter9_RVD.obj
energy: 0.0003518709 LossCVT: 0.0005271923 LossQE: 2.120752e-06 LossCover: 0 Lambda_CVT: 0.6634204
6	7	645.5383	1.48806e-05	0.0003518709
filepath = /home/yiming/research/CWF/data/Bunny/Ours_30000_bunny_Iter10_RVD.obj
energy: 0.0003336456 LossCVT: 0.0005260519 LossQE: 2.101675e-06 LossCover: 0 Lambda_CVT: 0.6302494
7	8	725.037	1.115497e-05	0.0003336456
filepath = /home/yiming/research/CWF/data/Bunny/Ours_30000_bunny_Iter11_RVD.obj
energy: 0.0003164377 LossCVT: 0.0005250568 LossQE: 2.066845e-06 LossCover: 0 Lambda_CVT: 0.5987369
8	9	805.07	1.113262e-05	0.0003164377
filepath = /home/yiming/research/CWF/data/Bunny/Ours_30000_bunny_Iter12_RVD.obj
energy: 0.000300299 LossCVT: 0.0005243535 LossQE: 2.046663e-06 LossCover: 0 Lambda_CVT: 0.5688001
9	10	884.7932	1.140439e-05	0.000300299
filepath = /home/yiming/research/CWF/data/Bunny/Ours_30000_bunny_Iter13_RVD.obj
energy: 0.0002849979 LossCVT: 0.0005236766 LossQE: 2.02391e-06 LossCover: 0 Lambda_CVT: 0.5403601
10	11	964.0563	7.349579e-06	0.0002849979
filepath = /home/yiming/research/CWF/data/Bunny/Ours_30000_bunny_Iter14_RVD.obj
energy: 0.0002705624 LossCVT: 0.0005231615 LossQE: 2.001581e-06 LossCover: 0 Lambda_CVT: 0.5133421
11	12	1043.047	6.809791e-06	0.0002705624
filepath = /home/yiming/research/CWF/data/Bunny/Ours_30000_bunny_Iter15_RVD.obj
energy: 0.0002569506 LossCVT: 0.0005228166 LossQE: 1.986058e-06 LossCover: 0 Lambda_CVT: 0.487675
12	13	1122.841	7.329283e-06	0.0002569506
filepath = /home/yiming/research/CWF/data/Bunny/Ours_30000_bunny_Iter16_RVD.obj
energy: 0.0002440121 LossCVT: 0.0005224491 LossQE: 1.966036e-06 LossCover: 0 Lambda_CVT: 0.4632912
13	14	1202.149	5.665674e-06	0.0002440121
filepath = /home/yiming/research/CWF/data/Bunny/Ours_30000_bunny_Iter17_RVD.obj
energy: 0.0002317237 LossCVT: 0.0005220867 LossQE: 1.939444e-06 LossCover: 0 Lambda_CVT: 0.4401267
14	15	1281.015	4.869492e-06	0.0002317237
filepath = /home/yiming/research/CWF/data/Bunny/Ours_30000_bunny_Iter18_RVD.obj
energy: 0.0002201042 LossCVT: 0.0005218258 LossQE: 1.918174e-06 LossCover: 0 Lambda_CVT: 0.4181203
15	16	1360.696	4.9448e-06	0.0002201042
filepath = /home/yiming/research/CWF/data/Bunny/Ours_30000_bunny_Iter19_RVD.obj
energy: 0.0002090813 LossCVT: 0.0005215792 LossQE: 1.902621e-06 LossCover: 0 Lambda_CVT: 0.3972143
16	17	1440.206	4.511407e-06	0.0002090813
filepath = /home/yiming/research/CWF/data/Bunny/Ours_30000_bunny_Iter20_RVD.obj
energy: 0.0001986199 LossCVT: 0.0005213622 LossQE: 1.881966e-06 LossCover: 0 Lambda_CVT: 0.3773536
17	18	1519.154	3.843479e-06	0.0001986199
filepath = /home/yiming/research/CWF/data/Bunny/Ours_30000_bunny_Iter21_RVD.obj
energy: 0.0001887117 LossCVT: 0.0005212061 LossQE: 1.866664e-06 LossCover: 0 Lambda_CVT: 0.3584859
18	19	1598.499	3.687382e-06	0.0001887117
filepath = /home/yiming/research/CWF/data/Bunny/Ours_30000_bunny_Iter22_RVD.obj
energy: 0.0001793085 LossCVT: 0.000521077 LossQE: 1.849656e-06 LossCover: 0 Lambda_CVT: 0.3405616
19	20	1678.067	3.401508e-06	0.0001793085
filepath = /home/yiming/research/CWF/data/Bunny/Ours_30000_bunny_Iter23_RVD.obj
energy: 0.0001703747 LossCVT: 0.0005209543 LossQE: 1.828446e-06 LossCover: 0 Lambda_CVT: 0.3235335
20	21	1757.379	2.872792e-06	0.0001703747
filepath = /home/yiming/research/CWF/data/Bunny/Ours_30000_bunny_Iter24_RVD.obj
energy: 0.0001618952 LossCVT: 0.0005208557 LossQE: 1.806626e-06 LossCover: 0 Lambda_CVT: 0.3073569
21	22	1837.202	2.75669e-06	0.0001618952
filepath = /home/yiming/research/CWF/data/Bunny/Ours_30000_bunny_Iter25_RVD.obj
energy: 0.0001538473 LossCVT: 0.000520772 LossQE: 1.78761e-06 LossCover: 0 Lambda_CVT: 0.291989
22	23	1916.136	2.570761e-06	0.0001538473
filepath = /home/yiming/research/CWF/data/Bunny/Ours_30000_bunny_Iter26_RVD.obj
energy: 0.0001462045 LossCVT: 0.0005206828 LossQE: 1.77253e-06 LossCover: 0 Lambda_CVT: 0.2773896
23	24	1995.038	2.374672e-06	0.0001462045
filepath = /home/yiming/research/CWF/data/Bunny/Ours_30000_bunny_Iter27_RVD.obj
energy: 0.0001389522 LossCVT: 0.0005206357 LossQE: 1.754188e-06 LossCover: 0 Lambda_CVT: 0.2635201
24	25	2073.967	2.108313e-06	0.0001389522
filepath = /home/yiming/research/CWF/data/Bunny/Ours_30000_bunny_Iter28_RVD.obj
energy: 0.0001320699 LossCVT: 0.0005206146 LossQE: 1.73712e-06 LossCover: 0 Lambda_CVT: 0.2503441
25	26	2151.956	2.156673e-06	0.0001320699
filepath = /home/yiming/research/CWF/data/Bunny/Ours_30000_bunny_Iter29_RVD.obj
energy: 0.0001255325 LossCVT: 0.0005205986 LossQE: 1.720127e-06 LossCover: 0 Lambda_CVT: 0.2378269
26	27	2230.701	1.872584e-06	0.0001255325
filepath = /home/yiming/research/CWF/data/Bunny/Ours_30000_bunny_Iter30_RVD.obj
energy: 0.0001193284 LossCVT: 0.0005206271 LossQE: 1.700231e-06 LossCover: 0 Lambda_CVT: 0.2259355
27	28	2309.843	2.294751e-06	0.0001193284
filepath = /home/yiming/research/CWF/data/Bunny/Ours_30000_bunny_Iter31_RVD.obj
energy: 0.00011343 LossCVT: 0.0005206137 LossQE: 1.686127e-06 LossCover: 0 Lambda_CVT: 0.2146388
28	29	2389.004	1.845642e-06	0.00011343
filepath = /home/yiming/research/CWF/data/Bunny/Ours_30000_bunny_Iter32_RVD.obj
energy: 0.000107828 LossCVT: 0.0005206 LossQE: 1.674117e-06 LossCover: 0 Lambda_CVT: 0.2039068
29	30	2467.768	1.567369e-06	0.000107828
filepath = /home/yiming/research/CWF/data/Bunny/Ours_30000_bunny_Iter33_RVD.obj
energy: 0.000102511 LossCVT: 0.0005206587 LossQE: 1.653392e-06 LossCover: 0 Lambda_CVT: 0.1937115
30	31	2545.987	1.481732e-06	0.000102511
filepath = /home/yiming/research/CWF/data/Bunny/Ours_30000_bunny_Iter34_RVD.obj
energy: 9.746636e-05 LossCVT: 0.0005207793 LossQE: 1.629476e-06 LossCover: 0 Lambda_CVT: 0.1840259
31	32	2624.906	1.777233e-06	9.746636e-05
filepath = /home/yiming/research/CWF/data/Bunny/Ours_30000_bunny_Iter35_RVD.obj
energy: 9.266332e-05 LossCVT: 0.0005207877 LossQE: 1.616811e-06 LossCover: 0 Lambda_CVT: 0.1748246
32	33	2704.77	1.545252e-06	9.266332e-05
filepath = /home/yiming/research/CWF/data/Bunny/Ours_30000_bunny_Iter36_RVD.obj
energy: 8.809936e-05 LossCVT: 0.0005207809 LossQE: 1.606296e-06 LossCover: 0 Lambda_CVT: 0.1660834
33	34	2783.102	1.36543e-06	8.809936e-05
filepath = /home/yiming/research/CWF/data/Bunny/Ours_30000_bunny_Iter37_RVD.obj
energy: 8.377622e-05 LossCVT: 0.0005209476 LossQE: 1.581517e-06 LossCover: 0 Lambda_CVT: 0.1577792
34	35	2861.056	1.724227e-06	8.377622e-05
filepath = /home/yiming/research/CWF/data/Bunny/Ours_30000_bunny_Iter38_RVD.obj
energy: 7.965755e-05 LossCVT: 0.0005209536 LossQE: 1.571688e-06 LossCover: 0 Lambda_CVT: 0.1498903
35	36	2940.186	1.473413e-06	7.965755e-05
filepath = /home/yiming/research/CWF/data/Bunny/Ours_30000_bunny_Iter39_RVD.obj
energy: 7.574508e-05 LossCVT: 0.0005209808 LossQE: 1.559632e-06 LossCover: 0 Lambda_CVT: 0.1423957
36	37	3017.761	1.177631e-06	7.574508e-05
filepath = /home/yiming/research/CWF/data/Bunny/Ours_30000_bunny_Iter40_RVD.obj
energy: 7.203801e-05 LossCVT: 0.0005211935 LossQE: 1.533071e-06 LossCover: 0 Lambda_CVT: 0.135276
37	38	3096.739	1.469815e-06	7.203801e-05
filepath = /home/yiming/research/CWF/data/Bunny/Ours_30000_bunny_Iter41_RVD.obj
energy: 6.850512e-05 LossCVT: 0.0005212189 LossQE: 1.522149e-06 LossCover: 0 Lambda_CVT: 0.1285122
38	39	3175.282	1.210952e-06	6.850512e-05
filepath = /home/yiming/research/CWF/data/Bunny/Ours_30000_bunny_Iter42_RVD.obj
energy: 6.515292e-05 LossCVT: 0.0005213728 LossQE: 1.500317e-06 LossCover: 0 Lambda_CVT: 0.1220865
39	40	3253.903	1.157449e-06	6.515292e-05
filepath = /home/yiming/research/CWF/data/Bunny/Ours_30000_bunny_Iter43_RVD.obj
energy: 6.197088e-05 LossCVT: 0.0005215263 LossQE: 1.483101e-06 LossCover: 0 Lambda_CVT: 0.1159822
40	41	3331.737	1.254558e-06	6.197088e-05
filepath = /home/yiming/research/CWF/data/Bunny/Ours_30000_bunny_Iter44_RVD.obj
energy: 5.894893e-05 LossCVT: 0.0005217217 LossQE: 1.464007e-06 LossCover: 0 Lambda_CVT: 0.1101831
41	42	3409.435	1.483985e-06	5.894893e-05
filepath = /home/yiming/research/CWF/data/Bunny/Ours_30000_bunny_Iter45_RVD.obj
energy: 5.606888e-05 LossCVT: 0.0005217992 LossQE: 1.450102e-06 LossCover: 0 Lambda_CVT: 0.104674
42	43	3487.113	1.125277e-06	5.606888e-05
filepath = /home/yiming/research/CWF/data/Bunny/Ours_30000_bunny_Iter46_RVD.obj
energy: 5.333592e-05 LossCVT: 0.0005219288 LossQE: 1.435178e-06 LossCover: 0 Lambda_CVT: 0.09944026
43	44	3566.429	1.026458e-06	5.333592e-05
filepath = /home/yiming/research/CWF/data/Bunny/Ours_30000_bunny_Iter47_RVD.obj
energy: 5.075056e-05 LossCVT: 0.0005223903 LossQE: 1.401262e-06 LossCover: 0 Lambda_CVT: 0.09446824
44	45	3644.756	1.323936e-06	5.075056e-05
filepath = /home/yiming/research/CWF/data/Bunny/Ours_30000_bunny_Iter48_RVD.obj
energy: 4.82804e-05 LossCVT: 0.0005224762 LossQE: 1.390865e-06 LossCover: 0 Lambda_CVT: 0.08974483
45	46	3723.557	1.180092e-06	4.82804e-05
filepath = /home/yiming/research/CWF/data/Bunny/Ours_30000_bunny_Iter49_RVD.obj
energy: 4.593347e-05 LossCVT: 0.0005226086 LossQE: 1.377127e-06 LossCover: 0 Lambda_CVT: 0.08525759
46	47	3801.362	1.175268e-06	4.593347e-05
filepath = /home/yiming/research/CWF/data/Bunny/Ours_30000_bunny_Iter50_RVD.obj
energy: 4.370443e-05 LossCVT: 0.0005227501 LossQE: 1.364439e-06 LossCover: 0 Lambda_CVT: 0.08099471
47	48	3878.995	1.240611e-06	4.370443e-05
filepath = /home/yiming/research/CWF/data/Bunny/Ours_30000_bunny_Iter51_RVD.obj
energy: 4.159422e-05 LossCVT: 0.0005231652 LossQE: 1.339289e-06 LossCover: 0 Lambda_CVT: 0.07694498
48	49	3956.861	1.33446e-06	4.159422e-05
filepath = /home/yiming/research/CWF/data/Bunny/Ours_30000_bunny_Iter52_RVD.obj
energy: 3.960508e-05 LossCVT: 0.0005239303 LossQE: 1.30696e-06 LossCover: 0 Lambda_CVT: 0.07309773
49	50	4035.026	2.018495e-06	3.960508e-05
filepath = /home/yiming/research/CWF/data/Bunny/Ours_30000_bunny_Iter53_RVD.obj
energy: 3.766969e-05 LossCVT: 0.0005237037 LossQE: 1.302223e-06 LossCover: 0 Lambda_CVT: 0.06944284
50	51	4113.269	1.219494e-06	3.766969e-05
reach the max itertion time
energy: 3.585132e-05 LossCVT: 0.0005237037 LossQE: 1.302223e-06 LossCover: 0 Lambda_CVT: 0.0659707
0	0	71.94827	1.216689e-06	3.585132e-05
energy: 3.762487e-05 LossCVT: 0.0005648729 LossQE: 2.223068e-06 LossCover: 0 Lambda_CVT: 0.06267216
energy: 3.361227e-05 LossCVT: 0.0005371809 LossQE: 1.629296e-06 LossCover: 0 Lambda_CVT: 0.05953856
energy: 3.125328e-05 LossCVT: 0.0005277317 LossQE: 1.403917e-06 LossCover: 0 Lambda_CVT: 0.05656163
energy: 2.951994e-05 LossCVT: 0.0005248392 LossQE: 1.318466e-06 LossCover: 0 Lambda_CVT: 0.05373355
energy: 2.804573e-05 LossCVT: 0.0005240395 LossQE: 1.295158e-06 LossCover: 0 Lambda_CVT: 0.05104687
1	5	431.7813	2.131757e-06	2.804573e-05
reach the max itertion time
cover-only energy: 1.012547e-08 LossCover: 1.012547e-08 maxViolation: 0.0001133553 invalidSeeds: 98
0	0	3571.992	3.12525e-06	1.012547e-08
cover-only energy: 2.112251e-06 LossCover: 2.112251e-06 maxViolation: 0.0004689861 invalidSeeds: 572
cover-only energy: 5.663848e-07 LossCover: 5.663848e-07 maxViolation: 0.0004529777 invalidSeeds: 350
cover-only energy: 4.62188e-07 LossCover: 4.62188e-07 maxViolation: 0.0004775933 invalidSeeds: 276
cover-only energy: 1.692138e-07 LossCover: 1.692138e-07 maxViolation: 0.000384085 invalidSeeds: 148
cover-only energy: 2.608135e-08 LossCover: 2.608135e-08 maxViolation: 0.0001687827 invalidSeeds: 66
cover-only energy: 2.565941e-09 LossCover: 2.565941e-09 maxViolation: 6.309756e-05 invalidSeeds: 18
1	6	24906.75	1.796014e-06	2.565941e-09
cover-only energy: 2.950008e-11 LossCover: 2.950008e-11 maxViolation: 6.105457e-06 invalidSeeds: 8
2	7	28476.76	2.854022e-07	2.950008e-11
cover-only energy: 0 LossCover: 0 maxViolation: 0 invalidSeeds: 0
reach the gradient tolerance
filepath = /home/yiming/research/CWF/data/Bunny/Ours_30000_bunny_RVD.obj
stop alternating optimization: invalidSeeds == 0
allTime: 36635.99 RVDtime: 3337.903 L-BFGS time: 33298.09
filepath = /home/yiming/research/CWF/data/Bunny/Ours_30000_bunny_RVD.obj
CWD: "/home/yiming/research/CWF"
====================CWF3DTest
Now file: bunny
10000   bunny   
OBJ: "/home/yiming/research/CWF/data/bunny.obj"
"/home/yiming/research/CWF"
Pts.size(): 10024

Begin CWF.

10024  10024
filepath = /home/yiming/research/CWF/data/Block/Ours_10000_bunny_Iter2_RVD.obj
energy: 0.001702226 LossCVT: 0.001776636 LossQE: 1.442179e-05 LossCover: 0 Lambda_CVT: 0.95
0	0	47.56941	0.0005742849	0.001702226
filepath = /home/yiming/research/CWF/data/Block/Ours_10000_bunny_Iter3_RVD.obj
energy: 0.001659009 LossCVT: 0.001822345 LossQE: 1.434274e-05 LossCover: 0 Lambda_CVT: 0.9025
1	1	93.04321	0.0007043512	0.001659009
filepath = /home/yiming/research/CWF/data/Block/Ours_10000_bunny_Iter4_RVD.obj
energy: 0.001409826 LossCVT: 0.001630952 LossQE: 1.148882e-05 LossCover: 0 Lambda_CVT: 0.857375
2	2	138.5162	0.0002018089	0.001409826
filepath = /home/yiming/research/CWF/data/Block/Ours_10000_bunny_Iter5_RVD.obj
energy: 0.001320673 LossCVT: 0.001607622 LossQE: 1.125498e-05 LossCover: 0 Lambda_CVT: 0.8145062
3	3	183.7831	0.0001049475	0.001320673
filepath = /home/yiming/research/CWF/data/Block/Ours_10000_bunny_Iter6_RVD.obj
energy: 0.001246461 LossCVT: 0.001596618 LossQE: 1.102879e-05 LossCover: 0 Lambda_CVT: 0.7737809
4	4	229.03	7.986522e-05	0.001246461
filepath = /home/yiming/research/CWF/data/Block/Ours_10000_bunny_Iter7_RVD.obj
energy: 0.001175983 LossCVT: 0.001585121 LossQE: 1.077292e-05 LossCover: 0 Lambda_CVT: 0.7350919
5	5	273.4944	8.62805e-05	0.001175983
filepath = /home/yiming/research/CWF/data/Block/Ours_10000_bunny_Iter8_RVD.obj
energy: 0.001112973 LossCVT: 0.001578589 LossQE: 1.058543e-05 LossCover: 0 Lambda_CVT: 0.6983373
6	6	318.2578	5.89309e-05	0.001112973
filepath = /home/yiming/research/CWF/data/Block/Ours_10000_bunny_Iter9_RVD.obj
energy: 0.001055315 LossCVT: 0.001574922 LossQE: 1.048005e-05 LossCover: 0 Lambda_CVT: 0.6634204
7	7	363.4315	4.170652e-05	0.001055315
filepath = /home/yiming/research/CWF/data/Block/Ours_10000_bunny_Iter10_RVD.obj
energy: 0.001000486 LossCVT: 0.001571045 LossQE: 1.033654e-05 LossCover: 0 Lambda_CVT: 0.6302494
8	8	408.7126	3.902444e-05	0.001000486
filepath = /home/yiming/research/CWF/data/Block/Ours_10000_bunny_Iter11_RVD.obj
energy: 0.0009495027 LossCVT: 0.00156872 LossQE: 1.025232e-05 LossCover: 0 Lambda_CVT: 0.5987369
9	9	453.3811	3.512047e-05	0.0009495027
filepath = /home/yiming/research/CWF/data/Block/Ours_10000_bunny_Iter12_RVD.obj
energy: 0.0009013102 LossCVT: 0.001566746 LossQE: 1.014474e-05 LossCover: 0 Lambda_CVT: 0.5688001
10	10	498.4083	2.995365e-05	0.0009013102
filepath = /home/yiming/research/CWF/data/Block/Ours_10000_bunny_Iter13_RVD.obj
energy: 0.0008557692 LossCVT: 0.001565099 LossQE: 1.005189e-05 LossCover: 0 Lambda_CVT: 0.5403601
11	11	543.1521	2.713858e-05	0.0008557692
filepath = /home/yiming/research/CWF/data/Block/Ours_10000_bunny_Iter14_RVD.obj
energy: 0.0008127037 LossCVT: 0.001563721 LossQE: 9.979983e-06 LossCover: 0 Lambda_CVT: 0.5133421
12	12	587.5722	2.213128e-05	0.0008127037
filepath = /home/yiming/research/CWF/data/Block/Ours_10000_bunny_Iter15_RVD.obj
energy: 0.0007719664 LossCVT: 0.001562643 LossQE: 9.90461e-06 LossCover: 0 Lambda_CVT: 0.487675
13	13	632.2055	2.536142e-05	0.0007719664
filepath = /home/yiming/research/CWF/data/Block/Ours_10000_bunny_Iter16_RVD.obj
energy: 0.0007333208 LossCVT: 0.001561584 LossQE: 9.852446e-06 LossCover: 0 Lambda_CVT: 0.4632912
14	14	675.6086	2.049574e-05	0.0007333208
filepath = /home/yiming/research/CWF/data/Block/Ours_10000_bunny_Iter17_RVD.obj
energy: 0.0006967362 LossCVT: 0.001560785 LossQE: 9.79291e-06 LossCover: 0 Lambda_CVT: 0.4401267
15	15	720.5263	1.586374e-05	0.0006967362
filepath = /home/yiming/research/CWF/data/Block/Ours_10000_bunny_Iter18_RVD.obj
energy: 0.0006619993 LossCVT: 0.00156005 LossQE: 9.710838e-06 LossCover: 0 Lambda_CVT: 0.4181203
16	16	765.6074	1.540325e-05	0.0006619993
filepath = /home/yiming/research/CWF/data/Block/Ours_10000_bunny_Iter19_RVD.obj
energy: 0.0006291197 LossCVT: 0.001559561 LossQE: 9.639913e-06 LossCover: 0 Lambda_CVT: 0.3972143
17	17	810.2265	1.675981e-05	0.0006291197
filepath = /home/yiming/research/CWF/data/Block/Ours_10000_bunny_Iter20_RVD.obj
energy: 0.0005978426 LossCVT: 0.001558912 LossQE: 9.581689e-06 LossCover: 0 Lambda_CVT: 0.3773536
18	18	855.4165	1.279205e-05	0.0005978426
filepath = /home/yiming/research/CWF/data/Block/Ours_10000_bunny_Iter21_RVD.obj
energy: 0.0005681561 LossCVT: 0.001558364 LossQE: 9.504469e-06 LossCover: 0 Lambda_CVT: 0.3584859
19	19	900.2342	1.189088e-05	0.0005681561
filepath = /home/yiming/research/CWF/data/Block/Ours_10000_bunny_Iter22_RVD.obj
energy: 0.0005400336 LossCVT: 0.001558049 LossQE: 9.421747e-06 LossCover: 0 Lambda_CVT: 0.3405616
20	20	944.8869	1.19255e-05	0.0005400336
filepath = /home/yiming/research/CWF/data/Block/Ours_10000_bunny_Iter23_RVD.obj
energy: 0.0005133259 LossCVT: 0.001557658 LossQE: 9.37124e-06 LossCover: 0 Lambda_CVT: 0.3235335
21	21	989.9457	1.205872e-05	0.0005133259
filepath = /home/yiming/research/CWF/data/Block/Ours_10000_bunny_Iter24_RVD.obj
energy: 0.0004879503 LossCVT: 0.001557242 LossQE: 9.321237e-06 LossCover: 0 Lambda_CVT: 0.3073569
22	22	1034.339	1.017131e-05	0.0004879503
filepath = /home/yiming/research/CWF/data/Block/Ours_10000_bunny_Iter25_RVD.obj
energy: 0.0004639216 LossCVT: 0.001557149 LossQE: 9.251154e-06 LossCover: 0 Lambda_CVT: 0.291989
23	23	1079.085	1.121014e-05	0.0004639216
filepath = /home/yiming/research/CWF/data/Block/Ours_10000_bunny_Iter26_RVD.obj
energy: 0.0004410731 LossCVT: 0.001556966 LossQE: 9.186964e-06 LossCover: 0 Lambda_CVT: 0.2773896
24	24	1123.566	8.301959e-06	0.0004410731
filepath = /home/yiming/research/CWF/data/Block/Ours_10000_bunny_Iter27_RVD.obj
energy: 0.0004193777 LossCVT: 0.001556934 LossQE: 9.094411e-06 LossCover: 0 Lambda_CVT: 0.2635201
25	25	1169.518	8.819308e-06	0.0004193777
filepath = /home/yiming/research/CWF/data/Block/Ours_10000_bunny_Iter28_RVD.obj
energy: 0.0003987876 LossCVT: 0.001556867 LossQE: 9.03507e-06 LossCover: 0 Lambda_CVT: 0.2503441
26	26	1213.533	8.299574e-06	0.0003987876
filepath = /home/yiming/research/CWF/data/Block/Ours_10000_bunny_Iter29_RVD.obj
energy: 0.0003792298 LossCVT: 0.001556811 LossQE: 8.978323e-06 LossCover: 0 Lambda_CVT: 0.2378269
27	27	1258.751	7.819824e-06	0.0003792298
filepath = /home/yiming/research/CWF/data/Block/Ours_10000_bunny_Iter30_RVD.obj
energy: 0.0003606487 LossCVT: 0.001556704 LossQE: 8.933994e-06 LossCover: 0 Lambda_CVT: 0.2259355
28	28	1303.471	6.684016e-06	0.0003606487
filepath = /home/yiming/research/CWF/data/Block/Ours_10000_bunny_Iter31_RVD.obj
energy: 0.000343033 LossCVT: 0.001556922 LossQE: 8.857125e-06 LossCover: 0 Lambda_CVT: 0.2146388
29	29	1347.846	6.931625e-06	0.000343033
filepath = /home/yiming/research/CWF/data/Block/Ours_10000_bunny_Iter32_RVD.obj
energy: 0.0003262822 LossCVT: 0.001556869 LossQE: 8.825975e-06 LossCover: 0 Lambda_CVT: 0.2039068
30	30	1392.311	6.852666e-06	0.0003262822
filepath = /home/yiming/research/CWF/data/Block/Ours_10000_bunny_Iter33_RVD.obj
energy: 0.0003103642 LossCVT: 0.001556943 LossQE: 8.766545e-06 LossCover: 0 Lambda_CVT: 0.1937115
31	31	1437.578	6.309933e-06	0.0003103642
filepath = /home/yiming/research/CWF/data/Block/Ours_10000_bunny_Iter34_RVD.obj
energy: 0.000295271 LossCVT: 0.001557203 LossQE: 8.705261e-06 LossCover: 0 Lambda_CVT: 0.1840259
32	32	1482.503	7.551927e-06	0.000295271
filepath = /home/yiming/research/CWF/data/Block/Ours_10000_bunny_Iter35_RVD.obj
energy: 0.0002809293 LossCVT: 0.00155742 LossQE: 8.653864e-06 LossCover: 0 Lambda_CVT: 0.1748246
33	33	1526.921	6.332504e-06	0.0002809293
filepath = /home/yiming/research/CWF/data/Block/Ours_10000_bunny_Iter36_RVD.obj
energy: 0.0002673018 LossCVT: 0.001557623 LossQE: 8.606476e-06 LossCover: 0 Lambda_CVT: 0.1660834
34	34	1571.347	5.821322e-06	0.0002673018
filepath = /home/yiming/research/CWF/data/Block/Ours_10000_bunny_Iter37_RVD.obj
energy: 0.0002543899 LossCVT: 0.0015582 LossQE: 8.538238e-06 LossCover: 0 Lambda_CVT: 0.1577792
35	35	1615.821	6.376936e-06	0.0002543899
filepath = /home/yiming/research/CWF/data/Block/Ours_10000_bunny_Iter38_RVD.obj
energy: 0.0002421125 LossCVT: 0.001558671 LossQE: 8.48296e-06 LossCover: 0 Lambda_CVT: 0.1498903
36	36	1660.205	6.706473e-06	0.0002421125
filepath = /home/yiming/research/CWF/data/Block/Ours_10000_bunny_Iter39_RVD.obj
energy: 0.0002304251 LossCVT: 0.001558887 LossQE: 8.446309e-06 LossCover: 0 Lambda_CVT: 0.1423957
37	37	1704.831	5.800619e-06	0.0002304251
filepath = /home/yiming/research/CWF/data/Block/Ours_10000_bunny_Iter40_RVD.obj
energy: 0.000219302 LossCVT: 0.001558894 LossQE: 8.421176e-06 LossCover: 0 Lambda_CVT: 0.135276
38	38	1749.621	5.254675e-06	0.000219302
filepath = /home/yiming/research/CWF/data/Block/Ours_10000_bunny_Iter41_RVD.obj
energy: 0.0002087863 LossCVT: 0.001559588 LossQE: 8.360273e-06 LossCover: 0 Lambda_CVT: 0.1285122
39	39	1794.386	6.367261e-06	0.0002087863
filepath = /home/yiming/research/CWF/data/Block/Ours_10000_bunny_Iter42_RVD.obj
energy: 0.0001987723 LossCVT: 0.001560143 LossQE: 8.299731e-06 LossCover: 0 Lambda_CVT: 0.1220865
40	40	1838.988	6.213563e-06	0.0001987723
filepath = /home/yiming/research/CWF/data/Block/Ours_10000_bunny_Iter43_RVD.obj
energy: 0.0001892912 LossCVT: 0.001561228 LossQE: 8.216428e-06 LossCover: 0 Lambda_CVT: 0.1159822
41	41	1883.511	7.045562e-06	0.0001892912
filepath = /home/yiming/research/CWF/data/Block/Ours_10000_bunny_Iter44_RVD.obj
energy: 0.0001802124 LossCVT: 0.001561272 LossQE: 8.186613e-06 LossCover: 0 Lambda_CVT: 0.1101831
42	42	1927.989	6.040711e-06	0.0001802124
filepath = /home/yiming/research/CWF/data/Block/Ours_10000_bunny_Iter45_RVD.obj
energy: 0.0001715739 LossCVT: 0.001561118 LossQE: 8.165489e-06 LossCover: 0 Lambda_CVT: 0.104674
43	43	1972.143	5.247512e-06	0.0001715739
filepath = /home/yiming/research/CWF/data/Block/Ours_10000_bunny_Iter46_RVD.obj
energy: 0.0001634211 LossCVT: 0.001561915 LossQE: 8.103966e-06 LossCover: 0 Lambda_CVT: 0.09944026
44	44	2016.478	6.474242e-06	0.0001634211
filepath = /home/yiming/research/CWF/data/Block/Ours_10000_bunny_Iter47_RVD.obj
energy: 0.0001556724 LossCVT: 0.00156291 LossQE: 8.026988e-06 LossCover: 0 Lambda_CVT: 0.09446824
45	45	2060.947	6.117821e-06	0.0001556724
filepath = /home/yiming/research/CWF/data/Block/Ours_10000_bunny_Iter48_RVD.obj
energy: 0.0001483161 LossCVT: 0.001564164 LossQE: 7.940551e-06 LossCover: 0 Lambda_CVT: 0.08974483
46	46	2105.541	6.008778e-06	0.0001483161
filepath = /home/yiming/research/CWF/data/Block/Ours_10000_bunny_Iter49_RVD.obj
energy: 0.000141297 LossCVT: 0.001564578 LossQE: 7.904835e-06 LossCover: 0 Lambda_CVT: 0.08525759
47	47	2150.528	6.508254e-06	0.000141297
filepath = /home/yiming/research/CWF/data/Block/Ours_10000_bunny_Iter50_RVD.obj
energy: 0.000134637 LossCVT: 0.001565166 LossQE: 7.866792e-06 LossCover: 0 Lambda_CVT: 0.08099471
48	48	2195.261	6.791171e-06	0.000134637
filepath = /home/yiming/research/CWF/data/Block/Ours_10000_bunny_Iter51_RVD.obj
energy: 0.0001283094 LossCVT: 0.001566087 LossQE: 7.806896e-06 LossCover: 0 Lambda_CVT: 0.07694498
49	49	2239.929	6.620363e-06	0.0001283094
filepath = /home/yiming/research/CWF/data/Block/Ours_10000_bunny_Iter52_RVD.obj
energy: 0.0001222738 LossCVT: 0.001566551 LossQE: 7.762466e-06 LossCover: 0 Lambda_CVT: 0.07309773
50	50	2284.608	5.958749e-06	0.0001222738
reach the max itertion time
energy: 0.0001222738 LossCVT: 0.001566551 LossQE: 7.762466e-06 LossCover: 0 Lambda_CVT: 0.07309773
0	0	40.74418	5.958749e-06	0.0001222738
energy: 0.0001355486 LossCVT: 0.001679412 LossQE: 1.278744e-05 LossCover: 0 Lambda_CVT: 0.07309773
energy: 0.0001271225 LossCVT: 0.001604113 LossQE: 9.865414e-06 LossCover: 0 Lambda_CVT: 0.07309773
energy: 0.0001238215 LossCVT: 0.001576725 LossQE: 8.566432e-06 LossCover: 0 Lambda_CVT: 0.07309773
energy: 0.0001226607 LossCVT: 0.001569111 LossQE: 7.962282e-06 LossCover: 0 Lambda_CVT: 0.07309773
energy: 0.0001223364 LossCVT: 0.001567102 LossQE: 7.784853e-06 LossCover: 0 Lambda_CVT: 0.07309773
energy: 0.0001222714 LossCVT: 0.001566657 LossQE: 7.752318e-06 LossCover: 0 Lambda_CVT: 0.07309773
1	6	291.4406	7.496908e-06	0.0001222714
reach the max itertion time
cover-only energy: 7.439174e-08 LossCover: 7.439174e-08 maxViolation: 0.0002574974 invalidSeeds: 57
0	0	46.70551	1.083165e-05	7.439174e-08
cover-only energy: 1.045586e-05 LossCover: 1.045586e-05 maxViolation: 0.001650003 invalidSeeds: 413
cover-only energy: 7.739693e-06 LossCover: 7.739693e-06 maxViolation: 0.001205846 invalidSeeds: 356
cover-only energy: 3.344787e-06 LossCover: 3.344787e-06 maxViolation: 0.001046146 invalidSeeds: 235
cover-only energy: 1.394382e-06 LossCover: 1.394382e-06 maxViolation: 0.0008910586 invalidSeeds: 116
cover-only energy: 1.863778e-07 LossCover: 1.863778e-07 maxViolation: 0.0003544416 invalidSeeds: 41
cover-only energy: 3.686226e-08 LossCover: 3.686226e-08 maxViolation: 0.0002787318 invalidSeeds: 22
1	6	314.7563	9.641704e-06	3.686226e-08
cover-only energy: 1.018166e-08 LossCover: 1.018166e-08 maxViolation: 0.0001121237 invalidSeeds: 21
2	7	353.583	5.819449e-06	1.018166e-08
cover-only energy: 4.964488e-08 LossCover: 4.964488e-08 maxViolation: 0.0003577313 invalidSeeds: 22
cover-only energy: 9.520575e-09 LossCover: 9.520575e-09 maxViolation: 0.0001407806 invalidSeeds: 17
3	9	432.0336	6.757651e-06	9.520575e-09
cover-only energy: 2.073702e-06 LossCover: 2.073702e-06 maxViolation: 0.0009593115 invalidSeeds: 84
cover-only energy: 3.460173e-07 LossCover: 3.460173e-07 maxViolation: 0.0005126671 invalidSeeds: 56
cover-only energy: 1.041982e-07 LossCover: 1.041982e-07 maxViolation: 0.0003416946 invalidSeeds: 27
cover-only energy: 5.434556e-08 LossCover: 5.434556e-08 maxViolation: 0.0003505765 invalidSeeds: 22
cover-only energy: 5.123999e-08 LossCover: 5.123999e-08 maxViolation: 0.0003696234 invalidSeeds: 20
cover-only energy: 5.418583e-08 LossCover: 5.418583e-08 maxViolation: 0.000380692 invalidSeeds: 20
cover-only energy: 1.048761e-08 LossCover: 1.048761e-08 maxViolation: 0.0001518249 invalidSeeds: 19
cover-only energy: 9.97013e-09 LossCover: 9.97013e-09 maxViolation: 0.0001463236 invalidSeeds: 19
cover-only energy: 9.735063e-09 LossCover: 9.735063e-09 maxViolation: 0.0001435572 invalidSeeds: 17
cover-only energy: 9.625897e-09 LossCover: 9.625897e-09 maxViolation: 0.0001421701 invalidSeeds: 17
cover-only energy: 9.572763e-09 LossCover: 9.572763e-09 maxViolation: 0.0001414757 invalidSeeds: 17
stop current cover-only optimization: invalidSeeds unchanged for 3 evaluations (17)
cover-only energy: 9.546552e-09 LossCover: 9.546552e-09 maxViolation: 0.0001411282 invalidSeeds: 17
stop current cover-only optimization: invalidSeeds unchanged for 3 evaluations (17)
cover-only energy: 9.533534e-09 LossCover: 9.533534e-09 maxViolation: 0.0001409544 invalidSeeds: 17
stop current cover-only optimization: invalidSeeds unchanged for 3 evaluations (17)
cover-only energy: 9.527047e-09 LossCover: 9.527047e-09 maxViolation: 0.0001408675 invalidSeeds: 17
stop current cover-only optimization: invalidSeeds unchanged for 3 evaluations (17)
cover-only energy: 9.523809e-09 LossCover: 9.523809e-09 maxViolation: 0.000140824 invalidSeeds: 17
stop current cover-only optimization: invalidSeeds unchanged for 3 evaluations (17)
cover-only energy: 9.522191e-09 LossCover: 9.522191e-09 maxViolation: 0.0001408023 invalidSeeds: 17
stop current cover-only optimization: invalidSeeds unchanged for 3 evaluations (17)
cover-only energy: 9.521383e-09 LossCover: 9.521383e-09 maxViolation: 0.0001407914 invalidSeeds: 17
stop current cover-only optimization: invalidSeeds unchanged for 3 evaluations (17)
cover-only energy: 9.520979e-09 LossCover: 9.520979e-09 maxViolation: 0.000140786 invalidSeeds: 17
stop current cover-only optimization: invalidSeeds unchanged for 3 evaluations (17)
cover-only energy: 9.520777e-09 LossCover: 9.520777e-09 maxViolation: 0.0001407833 invalidSeeds: 17
stop current cover-only optimization: invalidSeeds unchanged for 3 evaluations (17)
reach the max linearsearch time
filepath = /home/yiming/research/CWF/data/Block/Ours_10000_bunny_RVD.obj
energy: 0.0001224034 LossCVT: 0.001567172 LossQE: 7.846693e-06 LossCover: 0 Lambda_CVT: 0.07309773
0	0	41.45181	1.091623e-05	0.0001224034
energy: 0.000129635 LossCVT: 0.001618724 LossQE: 1.130995e-05 LossCover: 0 Lambda_CVT: 0.07309773
energy: 0.0001252158 LossCVT: 0.001585499 LossQE: 9.319422e-06 LossCover: 0 Lambda_CVT: 0.07309773
energy: 0.0001233836 LossCVT: 0.001572759 LossQE: 8.418527e-06 LossCover: 0 Lambda_CVT: 0.07309773
energy: 0.0001225621 LossCVT: 0.001568059 LossQE: 7.940562e-06 LossCover: 0 Lambda_CVT: 0.07309773
energy: 0.0001223351 LossCVT: 0.001566921 LossQE: 7.79675e-06 LossCover: 0 Lambda_CVT: 0.07309773
1	5	246.89	1.033283e-05	0.0001223351
reach the max itertion time
cover-only energy: 2.917836e-08 LossCover: 2.917836e-08 maxViolation: 0.0002604824 invalidSeeds: 30
0	0	37.19257	7.948909e-06	2.917836e-08
cover-only energy: 1.52707e-05 LossCover: 1.52707e-05 maxViolation: 0.00264234 invalidSeeds: 166
cover-only energy: 4.907103e-06 LossCover: 4.907103e-06 maxViolation: 0.001862879 invalidSeeds: 133
cover-only energy: 1.388377e-06 LossCover: 1.388377e-06 maxViolation: 0.0009970512 invalidSeeds: 110
cover-only energy: 1.093278e-06 LossCover: 1.093278e-06 maxViolation: 0.0008530132 invalidSeeds: 64
cover-only energy: 6.384682e-07 LossCover: 6.384682e-07 maxViolation: 0.0007802582 invalidSeeds: 41
cover-only energy: 7.428816e-08 LossCover: 7.428816e-08 maxViolation: 0.0003021254 invalidSeeds: 16
cover-only energy: 1.439951e-08 LossCover: 1.439951e-08 maxViolation: 0.000147634 invalidSeeds: 20
1	7	337.3421	5.867924e-06	1.439951e-08
cover-only energy: 7.353226e-09 LossCover: 7.353226e-09 maxViolation: 0.0001008987 invalidSeeds: 14
2	8	375.4085	5.32471e-06	7.353226e-09
cover-only energy: 1.292962e-07 LossCover: 1.292962e-07 maxViolation: 0.0003611184 invalidSeeds: 39
cover-only energy: 4.923179e-08 LossCover: 4.923179e-08 maxViolation: 0.0002533632 invalidSeeds: 24
cover-only energy: 4.205341e-08 LossCover: 4.205341e-08 maxViolation: 0.0002778823 invalidSeeds: 22
cover-only energy: 8.12336e-09 LossCover: 8.12336e-09 maxViolation: 9.491158e-05 invalidSeeds: 16
cover-only energy: 7.574807e-09 LossCover: 7.574807e-09 maxViolation: 9.817036e-05 invalidSeeds: 16
cover-only energy: 7.459857e-09 LossCover: 7.459857e-09 maxViolation: 9.964144e-05 invalidSeeds: 14
cover-only energy: 7.405819e-09 LossCover: 7.405819e-09 maxViolation: 0.0001002961 invalidSeeds: 14
cover-only energy: 7.379338e-09 LossCover: 7.379338e-09 maxViolation: 0.0001006038 invalidSeeds: 14
stop current cover-only optimization: invalidSeeds unchanged for 3 evaluations (14)
cover-only energy: 7.366236e-09 LossCover: 7.366236e-09 maxViolation: 0.0001007529 invalidSeeds: 14
stop current cover-only optimization: invalidSeeds unchanged for 3 evaluations (14)
cover-only energy: 7.359719e-09 LossCover: 7.359719e-09 maxViolation: 0.0001008262 invalidSeeds: 14
stop current cover-only optimization: invalidSeeds unchanged for 3 evaluations (14)
cover-only energy: 7.35647e-09 LossCover: 7.35647e-09 maxViolation: 0.0001008626 invalidSeeds: 14
stop current cover-only optimization: invalidSeeds unchanged for 3 evaluations (14)
cover-only energy: 7.354847e-09 LossCover: 7.354847e-09 maxViolation: 0.0001008807 invalidSeeds: 14
stop current cover-only optimization: invalidSeeds unchanged for 3 evaluations (14)
cover-only energy: 7.354037e-09 LossCover: 7.354037e-09 maxViolation: 0.0001008897 invalidSeeds: 14
stop current cover-only optimization: invalidSeeds unchanged for 3 evaluations (14)
cover-only energy: 7.353632e-09 LossCover: 7.353632e-09 maxViolation: 0.0001008942 invalidSeeds: 14
stop current cover-only optimization: invalidSeeds unchanged for 3 evaluations (14)
cover-only energy: 7.353429e-09 LossCover: 7.353429e-09 maxViolation: 0.0001008965 invalidSeeds: 14
stop current cover-only optimization: invalidSeeds unchanged for 3 evaluations (14)
cover-only energy: 7.353328e-09 LossCover: 7.353328e-09 maxViolation: 0.0001008976 invalidSeeds: 14
stop current cover-only optimization: invalidSeeds unchanged for 3 evaluations (14)
cover-only energy: 7.353277e-09 LossCover: 7.353277e-09 maxViolation: 0.0001008982 invalidSeeds: 14
stop current cover-only optimization: invalidSeeds unchanged for 3 evaluations (14)
CWD: "/home/yiming/research/CWF"
====================CWF3DTest
Now file: bunny
10000   bunny   
OBJ: "/home/yiming/research/CWF/data/bunny.obj"
"/home/yiming/research/CWF"
Pts.size(): 10024

Begin CWF.

10024  10024
filepath = /home/yiming/research/CWF/data/Bunny/Ours_10000_bunny_Iter2_RVD.obj
energy: 0.001702226 LossCVT: 0.001776636 LossQE: 1.442179e-05 LossCover: 0 Lambda_CVT: 0.95
0	0	46.87846	0.0005742849	0.001702226
filepath = /home/yiming/research/CWF/data/Bunny/Ours_10000_bunny_Iter3_RVD.obj
energy: 0.001659009 LossCVT: 0.001822345 LossQE: 1.434274e-05 LossCover: 0 Lambda_CVT: 0.9025
1	1	93.11375	0.0007043512	0.001659009
filepath = /home/yiming/research/CWF/data/Bunny/Ours_10000_bunny_Iter4_RVD.obj
energy: 0.001409826 LossCVT: 0.001630952 LossQE: 1.148882e-05 LossCover: 0 Lambda_CVT: 0.857375
2	2	138.6832	0.0002018089	0.001409826
filepath = /home/yiming/research/CWF/data/Bunny/Ours_10000_bunny_Iter5_RVD.obj
energy: 0.001320673 LossCVT: 0.001607622 LossQE: 1.125498e-05 LossCover: 0 Lambda_CVT: 0.8145062
3	3	184.3631	0.0001049475	0.001320673
filepath = /home/yiming/research/CWF/data/Bunny/Ours_10000_bunny_Iter6_RVD.obj
energy: 0.001246461 LossCVT: 0.001596618 LossQE: 1.102879e-05 LossCover: 0 Lambda_CVT: 0.7737809
4	4	229.9128	7.986522e-05	0.001246461
filepath = /home/yiming/research/CWF/data/Bunny/Ours_10000_bunny_Iter7_RVD.obj
energy: 0.001175983 LossCVT: 0.001585121 LossQE: 1.077292e-05 LossCover: 0 Lambda_CVT: 0.7350919
5	5	274.684	8.62805e-05	0.001175983
filepath = /home/yiming/research/CWF/data/Bunny/Ours_10000_bunny_Iter8_RVD.obj
energy: 0.001112973 LossCVT: 0.001578589 LossQE: 1.058543e-05 LossCover: 0 Lambda_CVT: 0.6983373
6	6	320.3432	5.89309e-05	0.001112973
filepath = /home/yiming/research/CWF/data/Bunny/Ours_10000_bunny_Iter9_RVD.obj
energy: 0.001055315 LossCVT: 0.001574922 LossQE: 1.048005e-05 LossCover: 0 Lambda_CVT: 0.6634204
7	7	365.4665	4.170652e-05	0.001055315
filepath = /home/yiming/research/CWF/data/Bunny/Ours_10000_bunny_Iter10_RVD.obj
energy: 0.001000486 LossCVT: 0.001571045 LossQE: 1.033654e-05 LossCover: 0 Lambda_CVT: 0.6302494
8	8	410.7351	3.902444e-05	0.001000486
filepath = /home/yiming/research/CWF/data/Bunny/Ours_10000_bunny_Iter11_RVD.obj
CWD: "/home/yiming/research/CWF"
====================CWF3DTest
Now file: bunny
10000   bunny   
OBJ: "/home/yiming/research/CWF/data/bunny.obj"
"/home/yiming/research/CWF"
Pts.size(): 10024

Begin CWF.

10024  10024
filepath = /home/yiming/research/CWF/data/Bunny/Ours_10000_bunny_Iter2_RVD.obj
energy: 0.001702226 LossCVT: 0.001776636 LossQE: 1.442179e-05 LossCover: 0 Lambda_CVT: 0.95
0	0	48.39823	0.0005742849	0.001702226
filepath = /home/yiming/research/CWF/data/Bunny/Ours_10000_bunny_Iter3_RVD.obj
energy: 0.001659009 LossCVT: 0.001822345 LossQE: 1.434274e-05 LossCover: 0 Lambda_CVT: 0.9025
1	1	95.35509	0.0007043512	0.001659009
filepath = /home/yiming/research/CWF/data/Bunny/Ours_10000_bunny_Iter4_RVD.obj
energy: 0.001409826 LossCVT: 0.001630952 LossQE: 1.148882e-05 LossCover: 0 Lambda_CVT: 0.857375
2	2	141.0291	0.0002018089	0.001409826
filepath = /home/yiming/research/CWF/data/Bunny/Ours_10000_bunny_Iter5_RVD.obj
energy: 0.001320673 LossCVT: 0.001607622 LossQE: 1.125498e-05 LossCover: 0 Lambda_CVT: 0.8145062
3	3	186.5768	0.0001049475	0.001320673
filepath = /home/yiming/research/CWF/data/Bunny/Ours_10000_bunny_Iter6_RVD.obj
energy: 0.001246461 LossCVT: 0.001596618 LossQE: 1.102879e-05 LossCover: 0 Lambda_CVT: 0.7737809
4	4	231.8139	7.986522e-05	0.001246461
filepath = /home/yiming/research/CWF/data/Bunny/Ours_10000_bunny_Iter7_RVD.obj
energy: 0.001175983 LossCVT: 0.001585121 LossQE: 1.077292e-05 LossCover: 0 Lambda_CVT: 0.7350919
5	5	277.2773	8.62805e-05	0.001175983
filepath = /home/yiming/research/CWF/data/Bunny/Ours_10000_bunny_Iter8_RVD.obj
energy: 0.001112973 LossCVT: 0.001578589 LossQE: 1.058543e-05 LossCover: 0 Lambda_CVT: 0.6983373
6	6	321.8535	5.89309e-05	0.001112973
filepath = /home/yiming/research/CWF/data/Bunny/Ours_10000_bunny_Iter9_RVD.obj
energy: 0.001055315 LossCVT: 0.001574922 LossQE: 1.048005e-05 LossCover: 0 Lambda_CVT: 0.6634204
7	7	367.2777	4.170652e-05	0.001055315
filepath = /home/yiming/research/CWF/data/Bunny/Ours_10000_bunny_Iter10_RVD.obj
energy: 0.001000486 LossCVT: 0.001571045 LossQE: 1.033654e-05 LossCover: 0 Lambda_CVT: 0.6302494
8	8	412.0539	3.902444e-05	0.001000486
filepath = /home/yiming/research/CWF/data/Bunny/Ours_10000_bunny_Iter11_RVD.obj
energy: 0.0009495027 LossCVT: 0.00156872 LossQE: 1.025232e-05 LossCover: 0 Lambda_CVT: 0.5987369
9	9	456.953	3.512047e-05	0.0009495027
filepath = /home/yiming/research/CWF/data/Bunny/Ours_10000_bunny_Iter12_RVD.obj
energy: 0.0009013102 LossCVT: 0.001566746 LossQE: 1.014474e-05 LossCover: 0 Lambda_CVT: 0.5688001
10	10	502.1127	2.995365e-05	0.0009013102
filepath = /home/yiming/research/CWF/data/Bunny/Ours_10000_bunny_Iter13_RVD.obj
energy: 0.0008557692 LossCVT: 0.001565099 LossQE: 1.005189e-05 LossCover: 0 Lambda_CVT: 0.5403601
11	11	547.0307	2.713858e-05	0.0008557692
filepath = /home/yiming/research/CWF/data/Bunny/Ours_10000_bunny_Iter14_RVD.obj
energy: 0.0008127037 LossCVT: 0.001563721 LossQE: 9.979983e-06 LossCover: 0 Lambda_CVT: 0.5133421
12	12	592.9529	2.213128e-05	0.0008127037
filepath = /home/yiming/research/CWF/data/Bunny/Ours_10000_bunny_Iter15_RVD.obj
energy: 0.0007719664 LossCVT: 0.001562643 LossQE: 9.90461e-06 LossCover: 0 Lambda_CVT: 0.487675
13	13	637.5492	2.536142e-05	0.0007719664
filepath = /home/yiming/research/CWF/data/Bunny/Ours_10000_bunny_Iter16_RVD.obj
energy: 0.0007333208 LossCVT: 0.001561584 LossQE: 9.852446e-06 LossCover: 0 Lambda_CVT: 0.4632912
14	14	682.388	2.049574e-05	0.0007333208
filepath = /home/yiming/research/CWF/data/Bunny/Ours_10000_bunny_Iter17_RVD.obj
energy: 0.0006967362 LossCVT: 0.001560785 LossQE: 9.79291e-06 LossCover: 0 Lambda_CVT: 0.4401267
15	15	727.2934	1.586374e-05	0.0006967362
filepath = /home/yiming/research/CWF/data/Bunny/Ours_10000_bunny_Iter18_RVD.obj
energy: 0.0006619993 LossCVT: 0.00156005 LossQE: 9.710838e-06 LossCover: 0 Lambda_CVT: 0.4181203
16	16	772.0179	1.540325e-05	0.0006619993
filepath = /home/yiming/research/CWF/data/Bunny/Ours_10000_bunny_Iter19_RVD.obj
energy: 0.0006291197 LossCVT: 0.001559561 LossQE: 9.639913e-06 LossCover: 0 Lambda_CVT: 0.3972143
17	17	817.0307	1.675981e-05	0.0006291197
filepath = /home/yiming/research/CWF/data/Bunny/Ours_10000_bunny_Iter20_RVD.obj
energy: 0.0005978426 LossCVT: 0.001558912 LossQE: 9.581689e-06 LossCover: 0 Lambda_CVT: 0.3773536
18	18	861.9385	1.279205e-05	0.0005978426
filepath = /home/yiming/research/CWF/data/Bunny/Ours_10000_bunny_Iter21_RVD.obj
energy: 0.0005681561 LossCVT: 0.001558364 LossQE: 9.504469e-06 LossCover: 0 Lambda_CVT: 0.3584859
19	19	906.9999	1.189088e-05	0.0005681561
filepath = /home/yiming/research/CWF/data/Bunny/Ours_10000_bunny_Iter22_RVD.obj
energy: 0.0005400336 LossCVT: 0.001558049 LossQE: 9.421747e-06 LossCover: 0 Lambda_CVT: 0.3405616
20	20	950.8012	1.19255e-05	0.0005400336
filepath = /home/yiming/research/CWF/data/Bunny/Ours_10000_bunny_Iter23_RVD.obj
energy: 0.0005133259 LossCVT: 0.001557658 LossQE: 9.37124e-06 LossCover: 0 Lambda_CVT: 0.3235335
21	21	995.4743	1.205872e-05	0.0005133259
filepath = /home/yiming/research/CWF/data/Bunny/Ours_10000_bunny_Iter24_RVD.obj
energy: 0.0004879503 LossCVT: 0.001557242 LossQE: 9.321237e-06 LossCover: 0 Lambda_CVT: 0.3073569
22	22	1040.29	1.017131e-05	0.0004879503
filepath = /home/yiming/research/CWF/data/Bunny/Ours_10000_bunny_Iter25_RVD.obj
energy: 0.0004639216 LossCVT: 0.001557149 LossQE: 9.251154e-06 LossCover: 0 Lambda_CVT: 0.291989
23	23	1085.135	1.121014e-05	0.0004639216
filepath = /home/yiming/research/CWF/data/Bunny/Ours_10000_bunny_Iter26_RVD.obj
energy: 0.0004410731 LossCVT: 0.001556966 LossQE: 9.186964e-06 LossCover: 0 Lambda_CVT: 0.2773896
24	24	1129.878	8.301959e-06	0.0004410731
filepath = /home/yiming/research/CWF/data/Bunny/Ours_10000_bunny_Iter27_RVD.obj
energy: 0.0004193777 LossCVT: 0.001556934 LossQE: 9.094411e-06 LossCover: 0 Lambda_CVT: 0.2635201
25	25	1174.416	8.819308e-06	0.0004193777
filepath = /home/yiming/research/CWF/data/Bunny/Ours_10000_bunny_Iter28_RVD.obj
energy: 0.0003987876 LossCVT: 0.001556867 LossQE: 9.03507e-06 LossCover: 0 Lambda_CVT: 0.2503441
26	26	1218.995	8.299574e-06	0.0003987876
filepath = /home/yiming/research/CWF/data/Bunny/Ours_10000_bunny_Iter29_RVD.obj
energy: 0.0003792298 LossCVT: 0.001556811 LossQE: 8.978323e-06 LossCover: 0 Lambda_CVT: 0.2378269
27	27	1263.367	7.819824e-06	0.0003792298
filepath = /home/yiming/research/CWF/data/Bunny/Ours_10000_bunny_Iter30_RVD.obj
energy: 0.0003606487 LossCVT: 0.001556704 LossQE: 8.933994e-06 LossCover: 0 Lambda_CVT: 0.2259355
28	28	1307.071	6.684016e-06	0.0003606487
filepath = /home/yiming/research/CWF/data/Bunny/Ours_10000_bunny_Iter31_RVD.obj
energy: 0.000343033 LossCVT: 0.001556922 LossQE: 8.857125e-06 LossCover: 0 Lambda_CVT: 0.2146388
29	29	1352.006	6.931625e-06	0.000343033
filepath = /home/yiming/research/CWF/data/Bunny/Ours_10000_bunny_Iter32_RVD.obj
energy: 0.0003262822 LossCVT: 0.001556869 LossQE: 8.825975e-06 LossCover: 0 Lambda_CVT: 0.2039068
30	30	1396.797	6.852666e-06	0.0003262822
filepath = /home/yiming/research/CWF/data/Bunny/Ours_10000_bunny_Iter33_RVD.obj
energy: 0.0003103642 LossCVT: 0.001556943 LossQE: 8.766545e-06 LossCover: 0 Lambda_CVT: 0.1937115
31	31	1441.714	6.309933e-06	0.0003103642
filepath = /home/yiming/research/CWF/data/Bunny/Ours_10000_bunny_Iter34_RVD.obj
energy: 0.000295271 LossCVT: 0.001557203 LossQE: 8.705261e-06 LossCover: 0 Lambda_CVT: 0.1840259
32	32	1486.038	7.551927e-06	0.000295271
filepath = /home/yiming/research/CWF/data/Bunny/Ours_10000_bunny_Iter35_RVD.obj
energy: 0.0002809293 LossCVT: 0.00155742 LossQE: 8.653864e-06 LossCover: 0 Lambda_CVT: 0.1748246
33	33	1530.822	6.332504e-06	0.0002809293
filepath = /home/yiming/research/CWF/data/Bunny/Ours_10000_bunny_Iter36_RVD.obj
energy: 0.0002673018 LossCVT: 0.001557623 LossQE: 8.606476e-06 LossCover: 0 Lambda_CVT: 0.1660834
34	34	1575.543	5.821322e-06	0.0002673018
filepath = /home/yiming/research/CWF/data/Bunny/Ours_10000_bunny_Iter37_RVD.obj
energy: 0.0002543899 LossCVT: 0.0015582 LossQE: 8.538238e-06 LossCover: 0 Lambda_CVT: 0.1577792
35	35	1620.245	6.376936e-06	0.0002543899
filepath = /home/yiming/research/CWF/data/Bunny/Ours_10000_bunny_Iter38_RVD.obj
energy: 0.0002421125 LossCVT: 0.001558671 LossQE: 8.48296e-06 LossCover: 0 Lambda_CVT: 0.1498903
36	36	1664.794	6.706473e-06	0.0002421125
filepath = /home/yiming/research/CWF/data/Bunny/Ours_10000_bunny_Iter39_RVD.obj
energy: 0.0002304251 LossCVT: 0.001558887 LossQE: 8.446309e-06 LossCover: 0 Lambda_CVT: 0.1423957
37	37	1709.373	5.800619e-06	0.0002304251
filepath = /home/yiming/research/CWF/data/Bunny/Ours_10000_bunny_Iter40_RVD.obj
energy: 0.000219302 LossCVT: 0.001558894 LossQE: 8.421176e-06 LossCover: 0 Lambda_CVT: 0.135276
38	38	1753.848	5.254675e-06	0.000219302
filepath = /home/yiming/research/CWF/data/Bunny/Ours_10000_bunny_Iter41_RVD.obj
energy: 0.0002087863 LossCVT: 0.001559588 LossQE: 8.360273e-06 LossCover: 0 Lambda_CVT: 0.1285122
39	39	1801.092	6.367261e-06	0.0002087863
filepath = /home/yiming/research/CWF/data/Bunny/Ours_10000_bunny_Iter42_RVD.obj
energy: 0.0001987723 LossCVT: 0.001560143 LossQE: 8.299731e-06 LossCover: 0 Lambda_CVT: 0.1220865
40	40	1846.083	6.213563e-06	0.0001987723
filepath = /home/yiming/research/CWF/data/Bunny/Ours_10000_bunny_Iter43_RVD.obj
energy: 0.0001892912 LossCVT: 0.001561228 LossQE: 8.216428e-06 LossCover: 0 Lambda_CVT: 0.1159822
41	41	1890.59	7.045562e-06	0.0001892912
filepath = /home/yiming/research/CWF/data/Bunny/Ours_10000_bunny_Iter44_RVD.obj
energy: 0.0001802124 LossCVT: 0.001561272 LossQE: 8.186613e-06 LossCover: 0 Lambda_CVT: 0.1101831
42	42	1935.515	6.040711e-06	0.0001802124
filepath = /home/yiming/research/CWF/data/Bunny/Ours_10000_bunny_Iter45_RVD.obj
energy: 0.0001715739 LossCVT: 0.001561118 LossQE: 8.165489e-06 LossCover: 0 Lambda_CVT: 0.104674
43	43	1980.395	5.247512e-06	0.0001715739
filepath = /home/yiming/research/CWF/data/Bunny/Ours_10000_bunny_Iter46_RVD.obj
energy: 0.0001634211 LossCVT: 0.001561915 LossQE: 8.103966e-06 LossCover: 0 Lambda_CVT: 0.09944026
44	44	2024.771	6.474242e-06	0.0001634211
filepath = /home/yiming/research/CWF/data/Bunny/Ours_10000_bunny_Iter47_RVD.obj
energy: 0.0001556724 LossCVT: 0.00156291 LossQE: 8.026988e-06 LossCover: 0 Lambda_CVT: 0.09446824
45	45	2069.745	6.117821e-06	0.0001556724
filepath = /home/yiming/research/CWF/data/Bunny/Ours_10000_bunny_Iter48_RVD.obj
energy: 0.0001483161 LossCVT: 0.001564164 LossQE: 7.940551e-06 LossCover: 0 Lambda_CVT: 0.08974483
46	46	2113.973	6.008778e-06	0.0001483161
filepath = /home/yiming/research/CWF/data/Bunny/Ours_10000_bunny_Iter49_RVD.obj
energy: 0.000141297 LossCVT: 0.001564578 LossQE: 7.904835e-06 LossCover: 0 Lambda_CVT: 0.08525759
47	47	2158.81	6.508254e-06	0.000141297
filepath = /home/yiming/research/CWF/data/Bunny/Ours_10000_bunny_Iter50_RVD.obj
energy: 0.000134637 LossCVT: 0.001565166 LossQE: 7.866792e-06 LossCover: 0 Lambda_CVT: 0.08099471
48	48	2203.112	6.791171e-06	0.000134637
filepath = /home/yiming/research/CWF/data/Bunny/Ours_10000_bunny_Iter51_RVD.obj
energy: 0.0001283094 LossCVT: 0.001566087 LossQE: 7.806896e-06 LossCover: 0 Lambda_CVT: 0.07694498
49	49	2248.608	6.620363e-06	0.0001283094
filepath = /home/yiming/research/CWF/data/Bunny/Ours_10000_bunny_Iter52_RVD.obj
energy: 0.0001222738 LossCVT: 0.001566551 LossQE: 7.762466e-06 LossCover: 0 Lambda_CVT: 0.07309773
50	50	2292.654	5.958749e-06	0.0001222738
reach the max itertion time
energy: 0.0001222738 LossCVT: 0.001566551 LossQE: 7.762466e-06 LossCover: 0 Lambda_CVT: 0.07309773
0	0	41.34952	5.958749e-06	0.0001222738
energy: 0.0001355486 LossCVT: 0.001679412 LossQE: 1.278744e-05 LossCover: 0 Lambda_CVT: 0.07309773
energy: 0.0001271225 LossCVT: 0.001604113 LossQE: 9.865414e-06 LossCover: 0 Lambda_CVT: 0.07309773
energy: 0.0001238215 LossCVT: 0.001576725 LossQE: 8.566432e-06 LossCover: 0 Lambda_CVT: 0.07309773
energy: 0.0001226607 LossCVT: 0.001569111 LossQE: 7.962282e-06 LossCover: 0 Lambda_CVT: 0.07309773
energy: 0.0001223364 LossCVT: 0.001567102 LossQE: 7.784853e-06 LossCover: 0 Lambda_CVT: 0.07309773
energy: 0.0001222714 LossCVT: 0.001566657 LossQE: 7.752318e-06 LossCover: 0 Lambda_CVT: 0.07309773
1	6	291.1185	7.496908e-06	0.0001222714
reach the max itertion time
cover-only energy: 7.439174e-08 LossCover: 7.439174e-08 maxViolation: 0.0002574974 invalidSeeds: 57
0	0	45.02309	1.083165e-05	7.439174e-08
cover-only energy: 1.045586e-05 LossCover: 1.045586e-05 maxViolation: 0.001650003 invalidSeeds: 413
cover-only energy: 7.739693e-06 LossCover: 7.739693e-06 maxViolation: 0.001205846 invalidSeeds: 356
cover-only energy: 3.344787e-06 LossCover: 3.344787e-06 maxViolation: 0.001046146 invalidSeeds: 235
cover-only energy: 1.394382e-06 LossCover: 1.394382e-06 maxViolation: 0.0008910586 invalidSeeds: 116
cover-only energy: 1.863778e-07 LossCover: 1.863778e-07 maxViolation: 0.0003544416 invalidSeeds: 41
cover-only energy: 3.686226e-08 LossCover: 3.686226e-08 maxViolation: 0.0002787318 invalidSeeds: 22
1	6	311.0399	9.641704e-06	3.686226e-08
cover-only energy: 1.018166e-08 LossCover: 1.018166e-08 maxViolation: 0.0001121237 invalidSeeds: 21
2	7	349.49	5.819449e-06	1.018166e-08
cover-only energy: 4.964488e-08 LossCover: 4.964488e-08 maxViolation: 0.0003577313 invalidSeeds: 22
cover-only energy: 9.520575e-09 LossCover: 9.520575e-09 maxViolation: 0.0001407806 invalidSeeds: 17
3	9	426.9441	6.757651e-06	9.520575e-09
cover-only energy: 2.073702e-06 LossCover: 2.073702e-06 maxViolation: 0.0009593115 invalidSeeds: 84
cover-only energy: 3.460173e-07 LossCover: 3.460173e-07 maxViolation: 0.0005126671 invalidSeeds: 56
cover-only energy: 1.041982e-07 LossCover: 1.041982e-07 maxViolation: 0.0003416946 invalidSeeds: 27
cover-only energy: 5.434556e-08 LossCover: 5.434556e-08 maxViolation: 0.0003505765 invalidSeeds: 22
cover-only energy: 5.123999e-08 LossCover: 5.123999e-08 maxViolation: 0.0003696234 invalidSeeds: 20
cover-only energy: 5.418583e-08 LossCover: 5.418583e-08 maxViolation: 0.000380692 invalidSeeds: 20
cover-only energy: 1.048761e-08 LossCover: 1.048761e-08 maxViolation: 0.0001518249 invalidSeeds: 19
cover-only energy: 9.97013e-09 LossCover: 9.97013e-09 maxViolation: 0.0001463236 invalidSeeds: 19
cover-only energy: 9.735063e-09 LossCover: 9.735063e-09 maxViolation: 0.0001435572 invalidSeeds: 17
cover-only energy: 9.625897e-09 LossCover: 9.625897e-09 maxViolation: 0.0001421701 invalidSeeds: 17
cover-only energy: 9.572763e-09 LossCover: 9.572763e-09 maxViolation: 0.0001414757 invalidSeeds: 17
stop current cover-only optimization: invalidSeeds unchanged for 3 evaluations (17)
cover-only energy: 9.546552e-09 LossCover: 9.546552e-09 maxViolation: 0.0001411282 invalidSeeds: 17
stop current cover-only optimization: invalidSeeds unchanged for 3 evaluations (17)
cover-only energy: 9.533534e-09 LossCover: 9.533534e-09 maxViolation: 0.0001409544 invalidSeeds: 17
stop current cover-only optimization: invalidSeeds unchanged for 3 evaluations (17)
cover-only energy: 9.527047e-09 LossCover: 9.527047e-09 maxViolation: 0.0001408675 invalidSeeds: 17
stop current cover-only optimization: invalidSeeds unchanged for 3 evaluations (17)
cover-only energy: 9.523809e-09 LossCover: 9.523809e-09 maxViolation: 0.000140824 invalidSeeds: 17
stop current cover-only optimization: invalidSeeds unchanged for 3 evaluations (17)
cover-only energy: 9.522191e-09 LossCover: 9.522191e-09 maxViolation: 0.0001408023 invalidSeeds: 17
stop current cover-only optimization: invalidSeeds unchanged for 3 evaluations (17)
cover-only energy: 9.521383e-09 LossCover: 9.521383e-09 maxViolation: 0.0001407914 invalidSeeds: 17
stop current cover-only optimization: invalidSeeds unchanged for 3 evaluations (17)
cover-only energy: 9.520979e-09 LossCover: 9.520979e-09 maxViolation: 0.000140786 invalidSeeds: 17
stop current cover-only optimization: invalidSeeds unchanged for 3 evaluations (17)
cover-only energy: 9.520777e-09 LossCover: 9.520777e-09 maxViolation: 0.0001407833 invalidSeeds: 17
stop current cover-only optimization: invalidSeeds unchanged for 3 evaluations (17)
reach the max linearsearch time
filepath = /home/yiming/research/CWF/data/Bunny/Ours_10000_bunny_RVD.obj
energy: 0.0001224034 LossCVT: 0.001567172 LossQE: 7.846693e-06 LossCover: 0 Lambda_CVT: 0.07309773
0	0	41.0266	1.091623e-05	0.0001224034
energy: 0.000129635 LossCVT: 0.001618724 LossQE: 1.130995e-05 LossCover: 0 Lambda_CVT: 0.07309773
energy: 0.0001252158 LossCVT: 0.001585499 LossQE: 9.319422e-06 LossCover: 0 Lambda_CVT: 0.07309773
energy: 0.0001233836 LossCVT: 0.001572759 LossQE: 8.418527e-06 LossCover: 0 Lambda_CVT: 0.07309773
CWD: "/home/yiming/research/CWF"
====================CWF3DTest
Now file: bunny
10000   bunny   
OBJ: "/home/yiming/research/CWF/data/bunny.obj"
"/home/yiming/research/CWF"
Pts.size(): 10024

Begin CWF.

10024  10024
filepath = /home/yiming/research/CWF/data/Bunny/Ours_10000_bunny_Iter2_RVD.obj
energy: 0.001702226 LossCVT: 0.001776636 LossQE: 1.442179e-05 LossCover: 0 Lambda_CVT: 0.95
0	0	51.33226	0.0005742849	0.001702226
filepath = /home/yiming/research/CWF/data/Bunny/Ours_10000_bunny_Iter3_RVD.obj
energy: 0.001659009 LossCVT: 0.001822345 LossQE: 1.434274e-05 LossCover: 0 Lambda_CVT: 0.9025
1	1	99.37232	0.0007043512	0.001659009
filepath = /home/yiming/research/CWF/data/Bunny/Ours_10000_bunny_Iter4_RVD.obj
energy: 0.001409826 LossCVT: 0.001630952 LossQE: 1.148882e-05 LossCover: 0 Lambda_CVT: 0.857375
2	2	147.4241	0.0002018089	0.001409826
filepath = /home/yiming/research/CWF/data/Bunny/Ours_10000_bunny_Iter5_RVD.obj
energy: 0.001320673 LossCVT: 0.001607622 LossQE: 1.125498e-05 LossCover: 0 Lambda_CVT: 0.8145062
3	3	194.4784	0.0001049475	0.001320673
filepath = /home/yiming/research/CWF/data/Bunny/Ours_10000_bunny_Iter6_RVD.obj
energy: 0.001246461 LossCVT: 0.001596618 LossQE: 1.102879e-05 LossCover: 0 Lambda_CVT: 0.7737809
4	4	242.3074	7.986522e-05	0.001246461
filepath = /home/yiming/research/CWF/data/Bunny/Ours_10000_bunny_Iter7_RVD.obj
energy: 0.001175983 LossCVT: 0.001585121 LossQE: 1.077292e-05 LossCover: 0 Lambda_CVT: 0.7350919
5	5	288.8437	8.62805e-05	0.001175983
filepath = /home/yiming/research/CWF/data/Bunny/Ours_10000_bunny_Iter8_RVD.obj
energy: 0.001112973 LossCVT: 0.001578589 LossQE: 1.058543e-05 LossCover: 0 Lambda_CVT: 0.6983373
6	6	336.1724	5.89309e-05	0.001112973
filepath = /home/yiming/research/CWF/data/Bunny/Ours_10000_bunny_Iter9_RVD.obj
energy: 0.001055315 LossCVT: 0.001574922 LossQE: 1.048005e-05 LossCover: 0 Lambda_CVT: 0.6634204
7	7	383.7131	4.170652e-05	0.001055315
filepath = /home/yiming/research/CWF/data/Bunny/Ours_10000_bunny_Iter10_RVD.obj
energy: 0.001000486 LossCVT: 0.001571045 LossQE: 1.033654e-05 LossCover: 0 Lambda_CVT: 0.6302494
8	8	430.2329	3.902444e-05	0.001000486
filepath = /home/yiming/research/CWF/data/Bunny/Ours_10000_bunny_Iter11_RVD.obj
energy: 0.0009495027 LossCVT: 0.00156872 LossQE: 1.025232e-05 LossCover: 0 Lambda_CVT: 0.5987369
9	9	476.3851	3.512047e-05	0.0009495027
filepath = /home/yiming/research/CWF/data/Bunny/Ours_10000_bunny_Iter12_RVD.obj
energy: 0.0009013102 LossCVT: 0.001566746 LossQE: 1.014474e-05 LossCover: 0 Lambda_CVT: 0.5688001
10	10	522.6172	2.995365e-05	0.0009013102
filepath = /home/yiming/research/CWF/data/Bunny/Ours_10000_bunny_Iter13_RVD.obj
energy: 0.0008557692 LossCVT: 0.001565099 LossQE: 1.005189e-05 LossCover: 0 Lambda_CVT: 0.5403601
11	11	569.9048	2.713858e-05	0.0008557692
filepath = /home/yiming/research/CWF/data/Bunny/Ours_10000_bunny_Iter14_RVD.obj
energy: 0.0008127037 LossCVT: 0.001563721 LossQE: 9.979983e-06 LossCover: 0 Lambda_CVT: 0.5133421
12	12	615.04	2.213128e-05	0.0008127037
filepath = /home/yiming/research/CWF/data/Bunny/Ours_10000_bunny_Iter15_RVD.obj
energy: 0.0007719664 LossCVT: 0.001562643 LossQE: 9.90461e-06 LossCover: 0 Lambda_CVT: 0.487675
13	13	660.7593	2.536142e-05	0.0007719664
filepath = /home/yiming/research/CWF/data/Bunny/Ours_10000_bunny_Iter16_RVD.obj
energy: 0.0007333208 LossCVT: 0.001561584 LossQE: 9.852446e-06 LossCover: 0 Lambda_CVT: 0.4632912
14	14	705.5194	2.049574e-05	0.0007333208
filepath = /home/yiming/research/CWF/data/Bunny/Ours_10000_bunny_Iter17_RVD.obj
energy: 0.0006967362 LossCVT: 0.001560785 LossQE: 9.79291e-06 LossCover: 0 Lambda_CVT: 0.4401267
15	15	750.6168	1.586374e-05	0.0006967362
filepath = /home/yiming/research/CWF/data/Bunny/Ours_10000_bunny_Iter18_RVD.obj
energy: 0.0006619993 LossCVT: 0.00156005 LossQE: 9.710838e-06 LossCover: 0 Lambda_CVT: 0.4181203
16	16	796.9196	1.540325e-05	0.0006619993
filepath = /home/yiming/research/CWF/data/Bunny/Ours_10000_bunny_Iter19_RVD.obj
energy: 0.0006291197 LossCVT: 0.001559561 LossQE: 9.639913e-06 LossCover: 0 Lambda_CVT: 0.3972143
17	17	844.0599	1.675981e-05	0.0006291197
filepath = /home/yiming/research/CWF/data/Bunny/Ours_10000_bunny_Iter20_RVD.obj
energy: 0.0005978426 LossCVT: 0.001558912 LossQE: 9.581689e-06 LossCover: 0 Lambda_CVT: 0.3773536
18	18	890.4028	1.279205e-05	0.0005978426
filepath = /home/yiming/research/CWF/data/Bunny/Ours_10000_bunny_Iter21_RVD.obj
energy: 0.0005681561 LossCVT: 0.001558364 LossQE: 9.504469e-06 LossCover: 0 Lambda_CVT: 0.3584859
19	19	934.2372	1.189088e-05	0.0005681561
filepath = /home/yiming/research/CWF/data/Bunny/Ours_10000_bunny_Iter22_RVD.obj
energy: 0.0005400336 LossCVT: 0.001558049 LossQE: 9.421747e-06 LossCover: 0 Lambda_CVT: 0.3405616
20	20	979.9098	1.19255e-05	0.0005400336
filepath = /home/yiming/research/CWF/data/Bunny/Ours_10000_bunny_Iter23_RVD.obj
energy: 0.0005133259 LossCVT: 0.001557658 LossQE: 9.37124e-06 LossCover: 0 Lambda_CVT: 0.3235335
21	21	1024.031	1.205872e-05	0.0005133259
filepath = /home/yiming/research/CWF/data/Bunny/Ours_10000_bunny_Iter24_RVD.obj
energy: 0.0004879503 LossCVT: 0.001557242 LossQE: 9.321237e-06 LossCover: 0 Lambda_CVT: 0.3073569
22	22	1070.585	1.017131e-05	0.0004879503
filepath = /home/yiming/research/CWF/data/Bunny/Ours_10000_bunny_Iter25_RVD.obj
energy: 0.0004639216 LossCVT: 0.001557149 LossQE: 9.251154e-06 LossCover: 0 Lambda_CVT: 0.291989
23	23	1117.363	1.121014e-05	0.0004639216
filepath = /home/yiming/research/CWF/data/Bunny/Ours_10000_bunny_Iter26_RVD.obj
energy: 0.0004410731 LossCVT: 0.001556966 LossQE: 9.186964e-06 LossCover: 0 Lambda_CVT: 0.2773896
24	24	1163.44	8.301959e-06	0.0004410731
filepath = /home/yiming/research/CWF/data/Bunny/Ours_10000_bunny_Iter27_RVD.obj
energy: 0.0004193777 LossCVT: 0.001556934 LossQE: 9.094411e-06 LossCover: 0 Lambda_CVT: 0.2635201
25	25	1210.378	8.819308e-06	0.0004193777
filepath = /home/yiming/research/CWF/data/Bunny/Ours_10000_bunny_Iter28_RVD.obj
energy: 0.0003987876 LossCVT: 0.001556867 LossQE: 9.03507e-06 LossCover: 0 Lambda_CVT: 0.2503441
26	26	1255.17	8.299574e-06	0.0003987876
filepath = /home/yiming/research/CWF/data/Bunny/Ours_10000_bunny_Iter29_RVD.obj
energy: 0.0003792298 LossCVT: 0.001556811 LossQE: 8.978323e-06 LossCover: 0 Lambda_CVT: 0.2378269
27	27	1301.2	7.819824e-06	0.0003792298
filepath = /home/yiming/research/CWF/data/Bunny/Ours_10000_bunny_Iter30_RVD.obj
energy: 0.0003606487 LossCVT: 0.001556704 LossQE: 8.933994e-06 LossCover: 0 Lambda_CVT: 0.2259355
28	28	1347.766	6.684016e-06	0.0003606487
filepath = /home/yiming/research/CWF/data/Bunny/Ours_10000_bunny_Iter31_RVD.obj
energy: 0.000343033 LossCVT: 0.001556922 LossQE: 8.857125e-06 LossCover: 0 Lambda_CVT: 0.2146388
29	29	1393.921	6.931625e-06	0.000343033
filepath = /home/yiming/research/CWF/data/Bunny/Ours_10000_bunny_Iter32_RVD.obj
energy: 0.0003262822 LossCVT: 0.001556869 LossQE: 8.825975e-06 LossCover: 0 Lambda_CVT: 0.2039068
30	30	1438.74	6.852666e-06	0.0003262822
filepath = /home/yiming/research/CWF/data/Bunny/Ours_10000_bunny_Iter33_RVD.obj
energy: 0.0003103642 LossCVT: 0.001556943 LossQE: 8.766545e-06 LossCover: 0 Lambda_CVT: 0.1937115
31	31	1485.184	6.309933e-06	0.0003103642
filepath = /home/yiming/research/CWF/data/Bunny/Ours_10000_bunny_Iter34_RVD.obj
energy: 0.000295271 LossCVT: 0.001557203 LossQE: 8.705261e-06 LossCover: 0 Lambda_CVT: 0.1840259
32	32	1530.862	7.551927e-06	0.000295271
filepath = /home/yiming/research/CWF/data/Bunny/Ours_10000_bunny_Iter35_RVD.obj
energy: 0.0002809293 LossCVT: 0.00155742 LossQE: 8.653864e-06 LossCover: 0 Lambda_CVT: 0.1748246
33	33	1575.248	6.332504e-06	0.0002809293
filepath = /home/yiming/research/CWF/data/Bunny/Ours_10000_bunny_Iter36_RVD.obj
energy: 0.0002673018 LossCVT: 0.001557623 LossQE: 8.606476e-06 LossCover: 0 Lambda_CVT: 0.1660834
34	34	1620.993	5.821322e-06	0.0002673018
filepath = /home/yiming/research/CWF/data/Bunny/Ours_10000_bunny_Iter37_RVD.obj
energy: 0.0002543899 LossCVT: 0.0015582 LossQE: 8.538238e-06 LossCover: 0 Lambda_CVT: 0.1577792
35	35	1667.493	6.376936e-06	0.0002543899
filepath = /home/yiming/research/CWF/data/Bunny/Ours_10000_bunny_Iter38_RVD.obj
energy: 0.0002421125 LossCVT: 0.001558671 LossQE: 8.48296e-06 LossCover: 0 Lambda_CVT: 0.1498903
36	36	1713.399	6.706473e-06	0.0002421125
filepath = /home/yiming/research/CWF/data/Bunny/Ours_10000_bunny_Iter39_RVD.obj
energy: 0.0002304251 LossCVT: 0.001558887 LossQE: 8.446309e-06 LossCover: 0 Lambda_CVT: 0.1423957
37	37	1759.235	5.800619e-06	0.0002304251
filepath = /home/yiming/research/CWF/data/Bunny/Ours_10000_bunny_Iter40_RVD.obj
energy: 0.000219302 LossCVT: 0.001558894 LossQE: 8.421176e-06 LossCover: 0 Lambda_CVT: 0.135276
38	38	1804.576	5.254675e-06	0.000219302
filepath = /home/yiming/research/CWF/data/Bunny/Ours_10000_bunny_Iter41_RVD.obj
energy: 0.0002087863 LossCVT: 0.001559588 LossQE: 8.360273e-06 LossCover: 0 Lambda_CVT: 0.1285122
39	39	1850.984	6.367261e-06	0.0002087863
filepath = /home/yiming/research/CWF/data/Bunny/Ours_10000_bunny_Iter42_RVD.obj
energy: 0.0001987723 LossCVT: 0.001560143 LossQE: 8.299731e-06 LossCover: 0 Lambda_CVT: 0.1220865
40	40	1896.906	6.213563e-06	0.0001987723
filepath = /home/yiming/research/CWF/data/Bunny/Ours_10000_bunny_Iter43_RVD.obj
energy: 0.0001892912 LossCVT: 0.001561228 LossQE: 8.216428e-06 LossCover: 0 Lambda_CVT: 0.1159822
41	41	1943.38	7.045562e-06	0.0001892912
filepath = /home/yiming/research/CWF/data/Bunny/Ours_10000_bunny_Iter44_RVD.obj
energy: 0.0001802124 LossCVT: 0.001561272 LossQE: 8.186613e-06 LossCover: 0 Lambda_CVT: 0.1101831
42	42	1989.499	6.040711e-06	0.0001802124
filepath = /home/yiming/research/CWF/data/Bunny/Ours_10000_bunny_Iter45_RVD.obj
energy: 0.0001715739 LossCVT: 0.001561118 LossQE: 8.165489e-06 LossCover: 0 Lambda_CVT: 0.104674
43	43	2035.382	5.247512e-06	0.0001715739
filepath = /home/yiming/research/CWF/data/Bunny/Ours_10000_bunny_Iter46_RVD.obj
energy: 0.0001634211 LossCVT: 0.001561915 LossQE: 8.103966e-06 LossCover: 0 Lambda_CVT: 0.09944026
44	44	2081.474	6.474242e-06	0.0001634211
filepath = /home/yiming/research/CWF/data/Bunny/Ours_10000_bunny_Iter47_RVD.obj
energy: 0.0001556724 LossCVT: 0.00156291 LossQE: 8.026988e-06 LossCover: 0 Lambda_CVT: 0.09446824
45	45	2126.062	6.117821e-06	0.0001556724
filepath = /home/yiming/research/CWF/data/Bunny/Ours_10000_bunny_Iter48_RVD.obj
energy: 0.0001483161 LossCVT: 0.001564164 LossQE: 7.940551e-06 LossCover: 0 Lambda_CVT: 0.08974483
46	46	2172.525	6.008778e-06	0.0001483161
filepath = /home/yiming/research/CWF/data/Bunny/Ours_10000_bunny_Iter49_RVD.obj
energy: 0.000141297 LossCVT: 0.001564578 LossQE: 7.904835e-06 LossCover: 0 Lambda_CVT: 0.08525759
47	47	2219.592	6.508254e-06	0.000141297
filepath = /home/yiming/research/CWF/data/Bunny/Ours_10000_bunny_Iter50_RVD.obj
energy: 0.000134637 LossCVT: 0.001565166 LossQE: 7.866792e-06 LossCover: 0 Lambda_CVT: 0.08099471
48	48	2266.207	6.791171e-06	0.000134637
filepath = /home/yiming/research/CWF/data/Bunny/Ours_10000_bunny_Iter51_RVD.obj
energy: 0.0001283094 LossCVT: 0.001566087 LossQE: 7.806896e-06 LossCover: 0 Lambda_CVT: 0.07694498
49	49	2311.192	6.620363e-06	0.0001283094
filepath = /home/yiming/research/CWF/data/Bunny/Ours_10000_bunny_Iter52_RVD.obj
energy: 0.0001222738 LossCVT: 0.001566551 LossQE: 7.762466e-06 LossCover: 0 Lambda_CVT: 0.07309773
50	50	2357.142	5.958749e-06	0.0001222738
reach the max itertion time
energy: 0.0001222738 LossCVT: 0.001566551 LossQE: 7.762466e-06 LossCover: 0 Lambda_CVT: 0.07309773
0	0	42.42645	5.958749e-06	0.0001222738
energy: 0.0001355486 LossCVT: 0.001679412 LossQE: 1.278744e-05 LossCover: 0 Lambda_CVT: 0.07309773
energy: 0.0001271225 LossCVT: 0.001604113 LossQE: 9.865414e-06 LossCover: 0 Lambda_CVT: 0.07309773
energy: 0.0001238215 LossCVT: 0.001576725 LossQE: 8.566432e-06 LossCover: 0 Lambda_CVT: 0.07309773
energy: 0.0001226607 LossCVT: 0.001569111 LossQE: 7.962282e-06 LossCover: 0 Lambda_CVT: 0.07309773
energy: 0.0001223364 LossCVT: 0.001567102 LossQE: 7.784853e-06 LossCover: 0 Lambda_CVT: 0.07309773
energy: 0.0001222714 LossCVT: 0.001566657 LossQE: 7.752318e-06 LossCover: 0 Lambda_CVT: 0.07309773
1	6	295.0098	7.496908e-06	0.0001222714
reach the max itertion time
cover-only energy: 7.439174e-08 LossCover: 7.439174e-08 maxViolation: 0.0002574974 invalidSeeds: 57
0	0	45.96645	1.083165e-05	7.439174e-08
cover-only energy: 1.045586e-05 LossCover: 1.045586e-05 maxViolation: 0.001650003 invalidSeeds: 413
cover-only energy: 7.739693e-06 LossCover: 7.739693e-06 maxViolation: 0.001205846 invalidSeeds: 356
cover-only energy: 3.344787e-06 LossCover: 3.344787e-06 maxViolation: 0.001046146 invalidSeeds: 235
cover-only energy: 1.394382e-06 LossCover: 1.394382e-06 maxViolation: 0.0008910586 invalidSeeds: 116
cover-only energy: 1.863778e-07 LossCover: 1.863778e-07 maxViolation: 0.0003544416 invalidSeeds: 41
cover-only energy: 3.686226e-08 LossCover: 3.686226e-08 maxViolation: 0.0002787318 invalidSeeds: 22
1	6	315.2796	9.641704e-06	3.686226e-08
reach the max itertion time
cover-only energy: 3.686226e-08 LossCover: 3.686226e-08 maxViolation: 0.0002787318 invalidSeeds: 22
0	0	40.39687	9.641704e-06	3.686226e-08
cover-only energy: 3.409778e-06 LossCover: 3.409778e-06 maxViolation: 0.001080132 invalidSeeds: 125
cover-only energy: 6.890688e-06 LossCover: 6.890688e-06 maxViolation: 0.001514783 invalidSeeds: 138
cover-only energy: 1.660019e-06 LossCover: 1.660019e-06 maxViolation: 0.0009818835 invalidSeeds: 121
cover-only energy: 8.394039e-07 LossCover: 8.394039e-07 maxViolation: 0.0009247032 invalidSeeds: 65
cover-only energy: 4.343899e-07 LossCover: 4.343899e-07 maxViolation: 0.0007188361 invalidSeeds: 32
cover-only energy: 3.819203e-08 LossCover: 3.819203e-08 maxViolation: 0.0002545871 invalidSeeds: 17
cover-only energy: 5.965336e-09 LossCover: 5.965336e-09 maxViolation: 0.0001288647 invalidSeeds: 14
1	7	336.2185	3.218718e-06	5.965336e-09
reach the max itertion time
cover-only energy: 5.965336e-09 LossCover: 5.965336e-09 maxViolation: 0.0001288647 invalidSeeds: 14
0	0	37.3974	3.218718e-06	5.965336e-09
cover-only energy: 1.464128e-06 LossCover: 1.464128e-06 maxViolation: 0.00100552 invalidSeeds: 104
cover-only energy: 2.234379e-06 LossCover: 2.234379e-06 maxViolation: 0.0008644366 invalidSeeds: 95
cover-only energy: 1.63813e-06 LossCover: 1.63813e-06 maxViolation: 0.001055391 invalidSeeds: 87
cover-only energy: 1.175846e-06 LossCover: 1.175846e-06 maxViolation: 0.001320548 invalidSeeds: 51
cover-only energy: 1.671774e-07 LossCover: 1.671774e-07 maxViolation: 0.0005063808 invalidSeeds: 21
cover-only energy: 3.002042e-07 LossCover: 3.002042e-07 maxViolation: 0.0007621905 invalidSeeds: 17
cover-only energy: 5.329807e-08 LossCover: 5.329807e-08 maxViolation: 0.0003784206 invalidSeeds: 9
cover-only energy: 2.958405e-08 LossCover: 2.958405e-08 maxViolation: 0.0002449472 invalidSeeds: 9
cover-only energy: 3.329248e-09 LossCover: 3.329248e-09 maxViolation: 0.0001078094 invalidSeeds: 5
1	9	404.9481	4.933545e-06	3.329248e-09
reach the max itertion time
cover-only energy: 3.329248e-09 LossCover: 3.329248e-09 maxViolation: 0.0001078094 invalidSeeds: 5
0	0	36.81998	4.933545e-06	3.329248e-09
cover-only energy: 1.352984e-06 LossCover: 1.352984e-06 maxViolation: 0.0009067204 invalidSeeds: 52
cover-only energy: 9.604432e-07 LossCover: 9.604432e-07 maxViolation: 0.0009958879 invalidSeeds: 45
cover-only energy: 1.214265e-06 LossCover: 1.214265e-06 maxViolation: 0.0009699799 invalidSeeds: 36
cover-only energy: 7.835258e-07 LossCover: 7.835258e-07 maxViolation: 0.0007330728 invalidSeeds: 33
cover-only energy: 1.597684e-07 LossCover: 1.597684e-07 maxViolation: 0.0003924017 invalidSeeds: 27
cover-only energy: 1.358364e-07 LossCover: 1.358364e-07 maxViolation: 0.0004862088 invalidSeeds: 15
cover-only energy: 3.245165e-08 LossCover: 3.245165e-08 maxViolation: 0.0003463315 invalidSeeds: 8
cover-only energy: 9.078725e-09 LossCover: 9.078725e-09 maxViolation: 0.000193708 invalidSeeds: 8
cover-only energy: 6.553717e-09 LossCover: 6.553717e-09 maxViolation: 0.000145076 invalidSeeds: 8
cover-only energy: 2.471747e-09 LossCover: 2.471747e-09 maxViolation: 7.410833e-05 invalidSeeds: 8
1	10	434.0707	4.539421e-06	2.471747e-09
reach the max itertion time
cover-only energy: 2.471747e-09 LossCover: 2.471747e-09 maxViolation: 7.410833e-05 invalidSeeds: 8
0	0	36.94447	4.539421e-06	2.471747e-09
cover-only energy: 9.011273e-07 LossCover: 9.011273e-07 maxViolation: 0.0007545051 invalidSeeds: 57
cover-only energy: 1.170044e-06 LossCover: 1.170044e-06 maxViolation: 0.0009950482 invalidSeeds: 49
cover-only energy: 1.08099e-06 LossCover: 1.08099e-06 maxViolation: 0.001382149 invalidSeeds: 36
cover-only energy: 5.291618e-07 LossCover: 5.291618e-07 maxViolation: 0.0007535017 invalidSeeds: 40
cover-only energy: 3.593865e-07 LossCover: 3.593865e-07 maxViolation: 0.0006716381 invalidSeeds: 43
cover-only energy: 1.222766e-07 LossCover: 1.222766e-07 maxViolation: 0.0004371008 invalidSeeds: 25
cover-only energy: 5.723945e-08 LossCover: 5.723945e-08 maxViolation: 0.0003884277 invalidSeeds: 10
cover-only energy: 1.080978e-08 LossCover: 1.080978e-08 maxViolation: 0.0002309497 invalidSeeds: 8
cover-only energy: 6.973206e-09 LossCover: 6.973206e-09 maxViolation: 0.0001714611 invalidSeeds: 8
cover-only energy: 6.744375e-09 LossCover: 6.744375e-09 maxViolation: 0.0001531265 invalidSeeds: 8
cover-only energy: 6.796099e-09 LossCover: 6.796099e-09 maxViolation: 0.0001442921 invalidSeeds: 8
CWD: "/home/yiming/research/CWF"
====================CWF3DTest
Now file: bunny
10000   bunny   
OBJ: "/home/yiming/research/CWF/data/bunny.obj"
"/home/yiming/research/CWF"
Pts.size(): 10024

Begin CWF.

10024  10024
filepath = /home/yiming/research/CWF/data/Bunny/Ours_10000_bunny_Iter2_RVD.obj
energy: 0.001702226 LossCVT: 0.001776636 LossQE: 1.442179e-05 LossCover: 0 Lambda_CVT: 0.95
0	0	48.32321	0.0005742849	0.001702226
filepath = /home/yiming/research/CWF/data/Bunny/Ours_10000_bunny_Iter3_RVD.obj
energy: 0.001659009 LossCVT: 0.001822345 LossQE: 1.434274e-05 LossCover: 0 Lambda_CVT: 0.9025
1	1	95.65981	0.0007043512	0.001659009
filepath = /home/yiming/research/CWF/data/Bunny/Ours_10000_bunny_Iter4_RVD.obj
energy: 0.001409826 LossCVT: 0.001630952 LossQE: 1.148882e-05 LossCover: 0 Lambda_CVT: 0.857375
2	2	141.9561	0.0002018089	0.001409826
filepath = /home/yiming/research/CWF/data/Bunny/Ours_10000_bunny_Iter5_RVD.obj
energy: 0.001320673 LossCVT: 0.001607622 LossQE: 1.125498e-05 LossCover: 0 Lambda_CVT: 0.8145062
3	3	187.2099	0.0001049475	0.001320673
filepath = /home/yiming/research/CWF/data/Bunny/Ours_10000_bunny_Iter6_RVD.obj
energy: 0.001246461 LossCVT: 0.001596618 LossQE: 1.102879e-05 LossCover: 0 Lambda_CVT: 0.7737809
4	4	232.1431	7.986522e-05	0.001246461
filepath = /home/yiming/research/CWF/data/Bunny/Ours_10000_bunny_Iter7_RVD.obj
energy: 0.001175983 LossCVT: 0.001585121 LossQE: 1.077292e-05 LossCover: 0 Lambda_CVT: 0.7350919
5	5	278.0615	8.62805e-05	0.001175983
filepath = /home/yiming/research/CWF/data/Bunny/Ours_10000_bunny_Iter8_RVD.obj
energy: 0.001112973 LossCVT: 0.001578589 LossQE: 1.058543e-05 LossCover: 0 Lambda_CVT: 0.6983373
6	6	324.8789	5.89309e-05	0.001112973
filepath = /home/yiming/research/CWF/data/Bunny/Ours_10000_bunny_Iter9_RVD.obj
energy: 0.001055315 LossCVT: 0.001574922 LossQE: 1.048005e-05 LossCover: 0 Lambda_CVT: 0.6634204
7	7	371.2989	4.170652e-05	0.001055315
filepath = /home/yiming/research/CWF/data/Bunny/Ours_10000_bunny_Iter10_RVD.obj
energy: 0.001000486 LossCVT: 0.001571045 LossQE: 1.033654e-05 LossCover: 0 Lambda_CVT: 0.6302494
8	8	417.5783	3.902444e-05	0.001000486
filepath = /home/yiming/research/CWF/data/Bunny/Ours_10000_bunny_Iter11_RVD.obj
energy: 0.0009495027 LossCVT: 0.00156872 LossQE: 1.025232e-05 LossCover: 0 Lambda_CVT: 0.5987369
9	9	462.8011	3.512047e-05	0.0009495027
filepath = /home/yiming/research/CWF/data/Bunny/Ours_10000_bunny_Iter12_RVD.obj
energy: 0.0009013102 LossCVT: 0.001566746 LossQE: 1.014474e-05 LossCover: 0 Lambda_CVT: 0.5688001
10	10	509.3615	2.995365e-05	0.0009013102
filepath = /home/yiming/research/CWF/data/Bunny/Ours_10000_bunny_Iter13_RVD.obj
energy: 0.0008557692 LossCVT: 0.001565099 LossQE: 1.005189e-05 LossCover: 0 Lambda_CVT: 0.5403601
11	11	556.1134	2.713858e-05	0.0008557692
filepath = /home/yiming/research/CWF/data/Bunny/Ours_10000_bunny_Iter14_RVD.obj
energy: 0.0008127037 LossCVT: 0.001563721 LossQE: 9.979983e-06 LossCover: 0 Lambda_CVT: 0.5133421
12	12	601.5467	2.213128e-05	0.0008127037
filepath = /home/yiming/research/CWF/data/Bunny/Ours_10000_bunny_Iter15_RVD.obj
energy: 0.0007719664 LossCVT: 0.001562643 LossQE: 9.90461e-06 LossCover: 0 Lambda_CVT: 0.487675
13	13	645.3285	2.536142e-05	0.0007719664
filepath = /home/yiming/research/CWF/data/Bunny/Ours_10000_bunny_Iter16_RVD.obj
energy: 0.0007333208 LossCVT: 0.001561584 LossQE: 9.852446e-06 LossCover: 0 Lambda_CVT: 0.4632912
14	14	691.3477	2.049574e-05	0.0007333208
filepath = /home/yiming/research/CWF/data/Bunny/Ours_10000_bunny_Iter17_RVD.obj
energy: 0.0006967362 LossCVT: 0.001560785 LossQE: 9.79291e-06 LossCover: 0 Lambda_CVT: 0.4401267
15	15	737.6081	1.586374e-05	0.0006967362
filepath = /home/yiming/research/CWF/data/Bunny/Ours_10000_bunny_Iter18_RVD.obj
energy: 0.0006619993 LossCVT: 0.00156005 LossQE: 9.710838e-06 LossCover: 0 Lambda_CVT: 0.4181203
16	16	782.8057	1.540325e-05	0.0006619993
filepath = /home/yiming/research/CWF/data/Bunny/Ours_10000_bunny_Iter19_RVD.obj
energy: 0.0006291197 LossCVT: 0.001559561 LossQE: 9.639913e-06 LossCover: 0 Lambda_CVT: 0.3972143
17	17	829.4637	1.675981e-05	0.0006291197
filepath = /home/yiming/research/CWF/data/Bunny/Ours_10000_bunny_Iter20_RVD.obj
energy: 0.0005978426 LossCVT: 0.001558912 LossQE: 9.581689e-06 LossCover: 0 Lambda_CVT: 0.3773536
18	18	875.378	1.279205e-05	0.0005978426
filepath = /home/yiming/research/CWF/data/Bunny/Ours_10000_bunny_Iter21_RVD.obj
energy: 0.0005681561 LossCVT: 0.001558364 LossQE: 9.504469e-06 LossCover: 0 Lambda_CVT: 0.3584859
19	19	920.0575	1.189088e-05	0.0005681561
filepath = /home/yiming/research/CWF/data/Bunny/Ours_10000_bunny_Iter22_RVD.obj
energy: 0.0005400336 LossCVT: 0.001558049 LossQE: 9.421747e-06 LossCover: 0 Lambda_CVT: 0.3405616
20	20	965.778	1.19255e-05	0.0005400336
filepath = /home/yiming/research/CWF/data/Bunny/Ours_10000_bunny_Iter23_RVD.obj
energy: 0.0005133259 LossCVT: 0.001557658 LossQE: 9.37124e-06 LossCover: 0 Lambda_CVT: 0.3235335
21	21	1011.069	1.205872e-05	0.0005133259
filepath = /home/yiming/research/CWF/data/Bunny/Ours_10000_bunny_Iter24_RVD.obj
energy: 0.0004879503 LossCVT: 0.001557242 LossQE: 9.321237e-06 LossCover: 0 Lambda_CVT: 0.3073569
22	22	1056.707	1.017131e-05	0.0004879503
filepath = /home/yiming/research/CWF/data/Bunny/Ours_10000_bunny_Iter25_RVD.obj
energy: 0.0004639216 LossCVT: 0.001557149 LossQE: 9.251154e-06 LossCover: 0 Lambda_CVT: 0.291989
23	23	1102.965	1.121014e-05	0.0004639216
filepath = /home/yiming/research/CWF/data/Bunny/Ours_10000_bunny_Iter26_RVD.obj
energy: 0.0004410731 LossCVT: 0.001556966 LossQE: 9.186964e-06 LossCover: 0 Lambda_CVT: 0.2773896
24	24	1149.18	8.301959e-06	0.0004410731
filepath = /home/yiming/research/CWF/data/Bunny/Ours_10000_bunny_Iter27_RVD.obj
energy: 0.0004193777 LossCVT: 0.001556934 LossQE: 9.094411e-06 LossCover: 0 Lambda_CVT: 0.2635201
25	25	1194.185	8.819308e-06	0.0004193777
filepath = /home/yiming/research/CWF/data/Bunny/Ours_10000_bunny_Iter28_RVD.obj
energy: 0.0003987876 LossCVT: 0.001556867 LossQE: 9.03507e-06 LossCover: 0 Lambda_CVT: 0.2503441
26	26	1237.968	8.299574e-06	0.0003987876
filepath = /home/yiming/research/CWF/data/Bunny/Ours_10000_bunny_Iter29_RVD.obj
energy: 0.0003792298 LossCVT: 0.001556811 LossQE: 8.978323e-06 LossCover: 0 Lambda_CVT: 0.2378269
27	27	1282.462	7.819824e-06	0.0003792298
filepath = /home/yiming/research/CWF/data/Bunny/Ours_10000_bunny_Iter30_RVD.obj
energy: 0.0003606487 LossCVT: 0.001556704 LossQE: 8.933994e-06 LossCover: 0 Lambda_CVT: 0.2259355
28	28	1327.478	6.684016e-06	0.0003606487
filepath = /home/yiming/research/CWF/data/Bunny/Ours_10000_bunny_Iter31_RVD.obj
energy: 0.000343033 LossCVT: 0.001556922 LossQE: 8.857125e-06 LossCover: 0 Lambda_CVT: 0.2146388
29	29	1372.215	6.931625e-06	0.000343033
filepath = /home/yiming/research/CWF/data/Bunny/Ours_10000_bunny_Iter32_RVD.obj
energy: 0.0003262822 LossCVT: 0.001556869 LossQE: 8.825975e-06 LossCover: 0 Lambda_CVT: 0.2039068
30	30	1417.391	6.852666e-06	0.0003262822
filepath = /home/yiming/research/CWF/data/Bunny/Ours_10000_bunny_Iter33_RVD.obj
energy: 0.0003103642 LossCVT: 0.001556943 LossQE: 8.766545e-06 LossCover: 0 Lambda_CVT: 0.1937115
31	31	1464.117	6.309933e-06	0.0003103642
filepath = /home/yiming/research/CWF/data/Bunny/Ours_10000_bunny_Iter34_RVD.obj
energy: 0.000295271 LossCVT: 0.001557203 LossQE: 8.705261e-06 LossCover: 0 Lambda_CVT: 0.1840259
32	32	1509.179	7.551927e-06	0.000295271
filepath = /home/yiming/research/CWF/data/Bunny/Ours_10000_bunny_Iter35_RVD.obj
energy: 0.0002809293 LossCVT: 0.00155742 LossQE: 8.653864e-06 LossCover: 0 Lambda_CVT: 0.1748246
33	33	1553.651	6.332504e-06	0.0002809293
filepath = /home/yiming/research/CWF/data/Bunny/Ours_10000_bunny_Iter36_RVD.obj
energy: 0.0002673018 LossCVT: 0.001557623 LossQE: 8.606476e-06 LossCover: 0 Lambda_CVT: 0.1660834
34	34	1598.563	5.821322e-06	0.0002673018
filepath = /home/yiming/research/CWF/data/Bunny/Ours_10000_bunny_Iter37_RVD.obj
energy: 0.0002543899 LossCVT: 0.0015582 LossQE: 8.538238e-06 LossCover: 0 Lambda_CVT: 0.1577792
35	35	1644.488	6.376936e-06	0.0002543899
filepath = /home/yiming/research/CWF/data/Bunny/Ours_10000_bunny_Iter38_RVD.obj
energy: 0.0002421125 LossCVT: 0.001558671 LossQE: 8.48296e-06 LossCover: 0 Lambda_CVT: 0.1498903
36	36	1690.511	6.706473e-06	0.0002421125
filepath = /home/yiming/research/CWF/data/Bunny/Ours_10000_bunny_Iter39_RVD.obj
energy: 0.0002304251 LossCVT: 0.001558887 LossQE: 8.446309e-06 LossCover: 0 Lambda_CVT: 0.1423957
37	37	1736.677	5.800619e-06	0.0002304251
filepath = /home/yiming/research/CWF/data/Bunny/Ours_10000_bunny_Iter40_RVD.obj
energy: 0.000219302 LossCVT: 0.001558894 LossQE: 8.421176e-06 LossCover: 0 Lambda_CVT: 0.135276
38	38	1782.748	5.254675e-06	0.000219302
filepath = /home/yiming/research/CWF/data/Bunny/Ours_10000_bunny_Iter41_RVD.obj
energy: 0.0002087863 LossCVT: 0.001559588 LossQE: 8.360273e-06 LossCover: 0 Lambda_CVT: 0.1285122
39	39	1828.966	6.367261e-06	0.0002087863
filepath = /home/yiming/research/CWF/data/Bunny/Ours_10000_bunny_Iter42_RVD.obj
energy: 0.0001987723 LossCVT: 0.001560143 LossQE: 8.299731e-06 LossCover: 0 Lambda_CVT: 0.1220865
40	40	1874.214	6.213563e-06	0.0001987723
filepath = /home/yiming/research/CWF/data/Bunny/Ours_10000_bunny_Iter43_RVD.obj
energy: 0.0001892912 LossCVT: 0.001561228 LossQE: 8.216428e-06 LossCover: 0 Lambda_CVT: 0.1159822
41	41	1919.452	7.045562e-06	0.0001892912
filepath = /home/yiming/research/CWF/data/Bunny/Ours_10000_bunny_Iter44_RVD.obj
energy: 0.0001802124 LossCVT: 0.001561272 LossQE: 8.186613e-06 LossCover: 0 Lambda_CVT: 0.1101831
42	42	1966.09	6.040711e-06	0.0001802124
filepath = /home/yiming/research/CWF/data/Bunny/Ours_10000_bunny_Iter45_RVD.obj
energy: 0.0001715739 LossCVT: 0.001561118 LossQE: 8.165489e-06 LossCover: 0 Lambda_CVT: 0.104674
43	43	2011.433	5.247512e-06	0.0001715739
filepath = /home/yiming/research/CWF/data/Bunny/Ours_10000_bunny_Iter46_RVD.obj
energy: 0.0001634211 LossCVT: 0.001561915 LossQE: 8.103966e-06 LossCover: 0 Lambda_CVT: 0.09944026
44	44	2055.736	6.474242e-06	0.0001634211
filepath = /home/yiming/research/CWF/data/Bunny/Ours_10000_bunny_Iter47_RVD.obj
energy: 0.0001556724 LossCVT: 0.00156291 LossQE: 8.026988e-06 LossCover: 0 Lambda_CVT: 0.09446824
45	45	2101.201	6.117821e-06	0.0001556724
filepath = /home/yiming/research/CWF/data/Bunny/Ours_10000_bunny_Iter48_RVD.obj
energy: 0.0001483161 LossCVT: 0.001564164 LossQE: 7.940551e-06 LossCover: 0 Lambda_CVT: 0.08974483
46	46	2145.138	6.008778e-06	0.0001483161
filepath = /home/yiming/research/CWF/data/Bunny/Ours_10000_bunny_Iter49_RVD.obj
energy: 0.000141297 LossCVT: 0.001564578 LossQE: 7.904835e-06 LossCover: 0 Lambda_CVT: 0.08525759
47	47	2191.091	6.508254e-06	0.000141297
filepath = /home/yiming/research/CWF/data/Bunny/Ours_10000_bunny_Iter50_RVD.obj
energy: 0.000134637 LossCVT: 0.001565166 LossQE: 7.866792e-06 LossCover: 0 Lambda_CVT: 0.08099471
48	48	2237.061	6.791171e-06	0.000134637
filepath = /home/yiming/research/CWF/data/Bunny/Ours_10000_bunny_Iter51_RVD.obj
energy: 0.0001283094 LossCVT: 0.001566087 LossQE: 7.806896e-06 LossCover: 0 Lambda_CVT: 0.07694498
49	49	2283.509	6.620363e-06	0.0001283094
filepath = /home/yiming/research/CWF/data/Bunny/Ours_10000_bunny_Iter52_RVD.obj
energy: 0.0001222738 LossCVT: 0.001566551 LossQE: 7.762466e-06 LossCover: 0 Lambda_CVT: 0.07309773
50	50	2328.066	5.958749e-06	0.0001222738
reach the max itertion time
energy: 0.0001222738 LossCVT: 0.001566551 LossQE: 7.762466e-06 LossCover: 0 Lambda_CVT: 0.07309773
0	0	41.85566	5.958749e-06	0.0001222738
energy: 0.0001355486 LossCVT: 0.001679412 LossQE: 1.278744e-05 LossCover: 0 Lambda_CVT: 0.07309773
energy: 0.0001271225 LossCVT: 0.001604113 LossQE: 9.865414e-06 LossCover: 0 Lambda_CVT: 0.07309773
energy: 0.0001238215 LossCVT: 0.001576725 LossQE: 8.566432e-06 LossCover: 0 Lambda_CVT: 0.07309773
energy: 0.0001226607 LossCVT: 0.001569111 LossQE: 7.962282e-06 LossCover: 0 Lambda_CVT: 0.07309773
energy: 0.0001223364 LossCVT: 0.001567102 LossQE: 7.784853e-06 LossCover: 0 Lambda_CVT: 0.07309773
energy: 0.0001222714 LossCVT: 0.001566657 LossQE: 7.752318e-06 LossCover: 0 Lambda_CVT: 0.07309773
1	6	291.7097	7.496908e-06	0.0001222714
reach the max itertion time
cover-only energy: 7.439174e-08 LossCover: 7.439174e-08 maxViolation: 0.0002574974 invalidSeeds: 57
0	0	44.22538	1.083165e-05	7.439174e-08
cover-only energy: 1.045586e-05 LossCover: 1.045586e-05 maxViolation: 0.001650003 invalidSeeds: 413
cover-only energy: 7.739693e-06 LossCover: 7.739693e-06 maxViolation: 0.001205846 invalidSeeds: 356
cover-only energy: 3.344787e-06 LossCover: 3.344787e-06 maxViolation: 0.001046146 invalidSeeds: 235
cover-only energy: 1.394382e-06 LossCover: 1.394382e-06 maxViolation: 0.0008910586 invalidSeeds: 116
cover-only energy: 1.863778e-07 LossCover: 1.863778e-07 maxViolation: 0.0003544416 invalidSeeds: 41
cover-only energy: 3.686226e-08 LossCover: 3.686226e-08 maxViolation: 0.0002787318 invalidSeeds: 22
1	6	309.6859	9.641704e-06	3.686226e-08
reach the max itertion time
cover-only energy: 3.686226e-08 LossCover: 3.686226e-08 maxViolation: 0.0002787318 invalidSeeds: 22
0	0	40.2748	9.641704e-06	3.686226e-08
cover-only energy: 3.409778e-06 LossCover: 3.409778e-06 maxViolation: 0.001080132 invalidSeeds: 125
cover-only energy: 6.890688e-06 LossCover: 6.890688e-06 maxViolation: 0.001514783 invalidSeeds: 138
cover-only energy: 1.660019e-06 LossCover: 1.660019e-06 maxViolation: 0.0009818835 invalidSeeds: 121
cover-only energy: 8.394039e-07 LossCover: 8.394039e-07 maxViolation: 0.0009247032 invalidSeeds: 65
cover-only energy: 4.343899e-07 LossCover: 4.343899e-07 maxViolation: 0.0007188361 invalidSeeds: 32
cover-only energy: 3.819203e-08 LossCover: 3.819203e-08 maxViolation: 0.0002545871 invalidSeeds: 17
cover-only energy: 5.965336e-09 LossCover: 5.965336e-09 maxViolation: 0.0001288647 invalidSeeds: 14
1	7	335.5484	3.218718e-06	5.965336e-09
reach the max itertion time
cover-only energy: 5.965336e-09 LossCover: 5.965336e-09 maxViolation: 0.0001288647 invalidSeeds: 14
0	0	37.45644	3.218718e-06	5.965336e-09
cover-only energy: 1.464128e-06 LossCover: 1.464128e-06 maxViolation: 0.00100552 invalidSeeds: 104
cover-only energy: 2.234379e-06 LossCover: 2.234379e-06 maxViolation: 0.0008644366 invalidSeeds: 95
cover-only energy: 1.63813e-06 LossCover: 1.63813e-06 maxViolation: 0.001055391 invalidSeeds: 87
cover-only energy: 1.175846e-06 LossCover: 1.175846e-06 maxViolation: 0.001320548 invalidSeeds: 51
cover-only energy: 1.671774e-07 LossCover: 1.671774e-07 maxViolation: 0.0005063808 invalidSeeds: 21
cover-only energy: 3.002042e-07 LossCover: 3.002042e-07 maxViolation: 0.0007621905 invalidSeeds: 17
cover-only energy: 5.329807e-08 LossCover: 5.329807e-08 maxViolation: 0.0003784206 invalidSeeds: 9
cover-only energy: 2.958405e-08 LossCover: 2.958405e-08 maxViolation: 0.0002449472 invalidSeeds: 9
cover-only energy: 3.329248e-09 LossCover: 3.329248e-09 maxViolation: 0.0001078094 invalidSeeds: 5
1	9	399.5873	4.933545e-06	3.329248e-09
reach the max itertion time
cover-only energy: 3.329248e-09 LossCover: 3.329248e-09 maxViolation: 0.0001078094 invalidSeeds: 5
0	0	34.8055	4.933545e-06	3.329248e-09
cover-only energy: 1.352984e-06 LossCover: 1.352984e-06 maxViolation: 0.0009067204 invalidSeeds: 52
cover-only energy: 9.604432e-07 LossCover: 9.604432e-07 maxViolation: 0.0009958879 invalidSeeds: 45
cover-only energy: 1.214265e-06 LossCover: 1.214265e-06 maxViolation: 0.0009699799 invalidSeeds: 36
cover-only energy: 7.835258e-07 LossCover: 7.835258e-07 maxViolation: 0.0007330728 invalidSeeds: 33
cover-only energy: 1.597684e-07 LossCover: 1.597684e-07 maxViolation: 0.0003924017 invalidSeeds: 27
cover-only energy: 1.358364e-07 LossCover: 1.358364e-07 maxViolation: 0.0004862088 invalidSeeds: 15
cover-only energy: 3.245165e-08 LossCover: 3.245165e-08 maxViolation: 0.0003463315 invalidSeeds: 8
cover-only energy: 9.078725e-09 LossCover: 9.078725e-09 maxViolation: 0.000193708 invalidSeeds: 8
cover-only energy: 6.553717e-09 LossCover: 6.553717e-09 maxViolation: 0.000145076 invalidSeeds: 8
cover-only energy: 2.471747e-09 LossCover: 2.471747e-09 maxViolation: 7.410833e-05 invalidSeeds: 8
1	10	430.5136	4.539421e-06	2.471747e-09
reach the max itertion time
cover-only energy: 2.471747e-09 LossCover: 2.471747e-09 maxViolation: 7.410833e-05 invalidSeeds: 8
0	0	35.59241	4.539421e-06	2.471747e-09
cover-only energy: 9.011273e-07 LossCover: 9.011273e-07 maxViolation: 0.0007545051 invalidSeeds: 57
cover-only energy: 1.170044e-06 LossCover: 1.170044e-06 maxViolation: 0.0009950482 invalidSeeds: 49
cover-only energy: 1.08099e-06 LossCover: 1.08099e-06 maxViolation: 0.001382149 invalidSeeds: 36
cover-only energy: 5.291618e-07 LossCover: 5.291618e-07 maxViolation: 0.0007535017 invalidSeeds: 40
cover-only energy: 3.593865e-07 LossCover: 3.593865e-07 maxViolation: 0.0006716381 invalidSeeds: 43
cover-only energy: 1.222766e-07 LossCover: 1.222766e-07 maxViolation: 0.0004371008 invalidSeeds: 25
cover-only energy: 5.723945e-08 LossCover: 5.723945e-08 maxViolation: 0.0003884277 invalidSeeds: 10
cover-only energy: 1.080978e-08 LossCover: 1.080978e-08 maxViolation: 0.0002309497 invalidSeeds: 8
cover-only energy: 6.973206e-09 LossCover: 6.973206e-09 maxViolation: 0.0001714611 invalidSeeds: 8
cover-only energy: 6.744375e-09 LossCover: 6.744375e-09 maxViolation: 0.0001531265 invalidSeeds: 8
cover-only energy: 6.796099e-09 LossCover: 6.796099e-09 maxViolation: 0.0001442921 invalidSeeds: 8
cover-only energy: 6.875473e-09 LossCover: 6.875473e-09 maxViolation: 0.0001399667 invalidSeeds: 10
cover-only energy: 2.646486e-09 LossCover: 2.646486e-09 maxViolation: 7.435984e-05 invalidSeeds: 10
cover-only energy: 2.532529e-09 LossCover: 2.532529e-09 maxViolation: 7.423396e-05 invalidSeeds: 8
cover-only energy: 2.49776e-09 LossCover: 2.49776e-09 maxViolation: 7.417111e-05 invalidSeeds: 8
cover-only energy: 2.48377e-09 LossCover: 2.48377e-09 maxViolation: 7.413971e-05 invalidSeeds: 8
cover-only energy: 2.477522e-09 LossCover: 2.477522e-09 maxViolation: 7.412402e-05 invalidSeeds: 8
CWD: "/home/yiming/research/CWF"
====================CWF3DTest
Now file: bunny
10000   bunny   
OBJ: "/home/yiming/research/CWF/data/bunny.obj"
"/home/yiming/research/CWF"
Pts.size(): 10024

Begin CWF.

10024  10024
filepath = /home/yiming/research/CWF/data/Bunny/Ours_10000_bunny_Iter2_RVD.obj
energy: 0.001702226 LossCVT: 0.001776636 LossQE: 1.442179e-05 LossCover: 0 Lambda_CVT: 0.95
0	0	55.37758	0.0005742849	0.001702226
filepath = /home/yiming/research/CWF/data/Bunny/Ours_10000_bunny_Iter3_RVD.obj
energy: 0.001659009 LossCVT: 0.001822345 LossQE: 1.434274e-05 LossCover: 0 Lambda_CVT: 0.9025
1	1	101.8727	0.0007043512	0.001659009
filepath = /home/yiming/research/CWF/data/Bunny/Ours_10000_bunny_Iter4_RVD.obj
energy: 0.001409826 LossCVT: 0.001630952 LossQE: 1.148882e-05 LossCover: 0 Lambda_CVT: 0.857375
2	2	150.8098	0.0002018089	0.001409826
filepath = /home/yiming/research/CWF/data/Bunny/Ours_10000_bunny_Iter5_RVD.obj
energy: 0.001320673 LossCVT: 0.001607622 LossQE: 1.125498e-05 LossCover: 0 Lambda_CVT: 0.8145062
3	3	198.0958	0.0001049475	0.001320673
filepath = /home/yiming/research/CWF/data/Bunny/Ours_10000_bunny_Iter6_RVD.obj
energy: 0.001246461 LossCVT: 0.001596618 LossQE: 1.102879e-05 LossCover: 0 Lambda_CVT: 0.7737809
4	4	244.283	7.986522e-05	0.001246461
filepath = /home/yiming/research/CWF/data/Bunny/Ours_10000_bunny_Iter7_RVD.obj
energy: 0.001175983 LossCVT: 0.001585121 LossQE: 1.077292e-05 LossCover: 0 Lambda_CVT: 0.7350919
5	5	291.3357	8.62805e-05	0.001175983
filepath = /home/yiming/research/CWF/data/Bunny/Ours_10000_bunny_Iter8_RVD.obj
energy: 0.001112973 LossCVT: 0.001578589 LossQE: 1.058543e-05 LossCover: 0 Lambda_CVT: 0.6983373
6	6	338.196	5.89309e-05	0.001112973
filepath = /home/yiming/research/CWF/data/Bunny/Ours_10000_bunny_Iter9_RVD.obj
energy: 0.001055315 LossCVT: 0.001574922 LossQE: 1.048005e-05 LossCover: 0 Lambda_CVT: 0.6634204
7	7	382.7036	4.170652e-05	0.001055315
filepath = /home/yiming/research/CWF/data/Bunny/Ours_10000_bunny_Iter10_RVD.obj
energy: 0.001000486 LossCVT: 0.001571045 LossQE: 1.033654e-05 LossCover: 0 Lambda_CVT: 0.6302494
8	8	432.8605	3.902444e-05	0.001000486
filepath = /home/yiming/research/CWF/data/Bunny/Ours_10000_bunny_Iter11_RVD.obj
energy: 0.0009495027 LossCVT: 0.00156872 LossQE: 1.025232e-05 LossCover: 0 Lambda_CVT: 0.5987369
9	9	480.4747	3.512047e-05	0.0009495027
filepath = /home/yiming/research/CWF/data/Bunny/Ours_10000_bunny_Iter12_RVD.obj
energy: 0.0009013102 LossCVT: 0.001566746 LossQE: 1.014474e-05 LossCover: 0 Lambda_CVT: 0.5688001
10	10	528.4342	2.995365e-05	0.0009013102
filepath = /home/yiming/research/CWF/data/Bunny/Ours_10000_bunny_Iter13_RVD.obj
energy: 0.0008557692 LossCVT: 0.001565099 LossQE: 1.005189e-05 LossCover: 0 Lambda_CVT: 0.5403601
11	11	574.302	2.713858e-05	0.0008557692
filepath = /home/yiming/research/CWF/data/Bunny/Ours_10000_bunny_Iter14_RVD.obj
energy: 0.0008127037 LossCVT: 0.001563721 LossQE: 9.979983e-06 LossCover: 0 Lambda_CVT: 0.5133421
12	12	619.9111	2.213128e-05	0.0008127037
filepath = /home/yiming/research/CWF/data/Bunny/Ours_10000_bunny_Iter15_RVD.obj
energy: 0.0007719664 LossCVT: 0.001562643 LossQE: 9.90461e-06 LossCover: 0 Lambda_CVT: 0.487675
13	13	665.6387	2.536142e-05	0.0007719664
filepath = /home/yiming/research/CWF/data/Bunny/Ours_10000_bunny_Iter16_RVD.obj
energy: 0.0007333208 LossCVT: 0.001561584 LossQE: 9.852446e-06 LossCover: 0 Lambda_CVT: 0.4632912
14	14	713.5927	2.049574e-05	0.0007333208
filepath = /home/yiming/research/CWF/data/Bunny/Ours_10000_bunny_Iter17_RVD.obj
energy: 0.0006967362 LossCVT: 0.001560785 LossQE: 9.79291e-06 LossCover: 0 Lambda_CVT: 0.4401267
15	15	760.3019	1.586374e-05	0.0006967362
filepath = /home/yiming/research/CWF/data/Bunny/Ours_10000_bunny_Iter18_RVD.obj
energy: 0.0006619993 LossCVT: 0.00156005 LossQE: 9.710838e-06 LossCover: 0 Lambda_CVT: 0.4181203
16	16	806.3691	1.540325e-05	0.0006619993
filepath = /home/yiming/research/CWF/data/Bunny/Ours_10000_bunny_Iter19_RVD.obj
energy: 0.0006291197 LossCVT: 0.001559561 LossQE: 9.639913e-06 LossCover: 0 Lambda_CVT: 0.3972143
17	17	855.9117	1.675981e-05	0.0006291197
filepath = /home/yiming/research/CWF/data/Bunny/Ours_10000_bunny_Iter20_RVD.obj
energy: 0.0005978426 LossCVT: 0.001558912 LossQE: 9.581689e-06 LossCover: 0 Lambda_CVT: 0.3773536
18	18	904.7347	1.279205e-05	0.0005978426
filepath = /home/yiming/research/CWF/data/Bunny/Ours_10000_bunny_Iter21_RVD.obj
energy: 0.0005681561 LossCVT: 0.001558364 LossQE: 9.504469e-06 LossCover: 0 Lambda_CVT: 0.3584859
19	19	953.4232	1.189088e-05	0.0005681561
filepath = /home/yiming/research/CWF/data/Bunny/Ours_10000_bunny_Iter22_RVD.obj
energy: 0.0005400336 LossCVT: 0.001558049 LossQE: 9.421747e-06 LossCover: 0 Lambda_CVT: 0.3405616
20	20	1001.742	1.19255e-05	0.0005400336
filepath = /home/yiming/research/CWF/data/Bunny/Ours_10000_bunny_Iter23_RVD.obj
energy: 0.0005133259 LossCVT: 0.001557658 LossQE: 9.37124e-06 LossCover: 0 Lambda_CVT: 0.3235335
21	21	1047.937	1.205872e-05	0.0005133259
filepath = /home/yiming/research/CWF/data/Bunny/Ours_10000_bunny_Iter24_RVD.obj
energy: 0.0004879503 LossCVT: 0.001557242 LossQE: 9.321237e-06 LossCover: 0 Lambda_CVT: 0.3073569
22	22	1097.833	1.017131e-05	0.0004879503
filepath = /home/yiming/research/CWF/data/Bunny/Ours_10000_bunny_Iter25_RVD.obj
energy: 0.0004639216 LossCVT: 0.001557149 LossQE: 9.251154e-06 LossCover: 0 Lambda_CVT: 0.291989
23	23	1146.96	1.121014e-05	0.0004639216
filepath = /home/yiming/research/CWF/data/Bunny/Ours_10000_bunny_Iter26_RVD.obj
energy: 0.0004410731 LossCVT: 0.001556966 LossQE: 9.186964e-06 LossCover: 0 Lambda_CVT: 0.2773896
24	24	1197.804	8.301959e-06	0.0004410731
filepath = /home/yiming/research/CWF/data/Bunny/Ours_10000_bunny_Iter27_RVD.obj
energy: 0.0004193777 LossCVT: 0.001556934 LossQE: 9.094411e-06 LossCover: 0 Lambda_CVT: 0.2635201
25	25	1248.263	8.819308e-06	0.0004193777
filepath = /home/yiming/research/CWF/data/Bunny/Ours_10000_bunny_Iter28_RVD.obj
energy: 0.0003987876 LossCVT: 0.001556867 LossQE: 9.03507e-06 LossCover: 0 Lambda_CVT: 0.2503441
26	26	1296.764	8.299574e-06	0.0003987876
filepath = /home/yiming/research/CWF/data/Bunny/Ours_10000_bunny_Iter29_RVD.obj
energy: 0.0003792298 LossCVT: 0.001556811 LossQE: 8.978323e-06 LossCover: 0 Lambda_CVT: 0.2378269
27	27	1344.764	7.819824e-06	0.0003792298
filepath = /home/yiming/research/CWF/data/Bunny/Ours_10000_bunny_Iter30_RVD.obj
energy: 0.0003606487 LossCVT: 0.001556704 LossQE: 8.933994e-06 LossCover: 0 Lambda_CVT: 0.2259355
28	28	1391.511	6.684016e-06	0.0003606487
filepath = /home/yiming/research/CWF/data/Bunny/Ours_10000_bunny_Iter31_RVD.obj
energy: 0.000343033 LossCVT: 0.001556922 LossQE: 8.857125e-06 LossCover: 0 Lambda_CVT: 0.2146388
29	29	1438.649	6.931625e-06	0.000343033
filepath = /home/yiming/research/CWF/data/Bunny/Ours_10000_bunny_Iter32_RVD.obj
energy: 0.0003262822 LossCVT: 0.001556869 LossQE: 8.825975e-06 LossCover: 0 Lambda_CVT: 0.2039068
30	30	1486.459	6.852666e-06	0.0003262822
filepath = /home/yiming/research/CWF/data/Bunny/Ours_10000_bunny_Iter33_RVD.obj
energy: 0.0003103642 LossCVT: 0.001556943 LossQE: 8.766545e-06 LossCover: 0 Lambda_CVT: 0.1937115
31	31	1533.364	6.309933e-06	0.0003103642
filepath = /home/yiming/research/CWF/data/Bunny/Ours_10000_bunny_Iter34_RVD.obj
energy: 0.000295271 LossCVT: 0.001557203 LossQE: 8.705261e-06 LossCover: 0 Lambda_CVT: 0.1840259
32	32	1579.842	7.551927e-06	0.000295271
filepath = /home/yiming/research/CWF/data/Bunny/Ours_10000_bunny_Iter35_RVD.obj
energy: 0.0002809293 LossCVT: 0.00155742 LossQE: 8.653864e-06 LossCover: 0 Lambda_CVT: 0.1748246
33	33	1628.122	6.332504e-06	0.0002809293
filepath = /home/yiming/research/CWF/data/Bunny/Ours_10000_bunny_Iter36_RVD.obj
energy: 0.0002673018 LossCVT: 0.001557623 LossQE: 8.606476e-06 LossCover: 0 Lambda_CVT: 0.1660834
34	34	1676.857	5.821322e-06	0.0002673018
filepath = /home/yiming/research/CWF/data/Bunny/Ours_10000_bunny_Iter37_RVD.obj
energy: 0.0002543899 LossCVT: 0.0015582 LossQE: 8.538238e-06 LossCover: 0 Lambda_CVT: 0.1577792
35	35	1723.228	6.376936e-06	0.0002543899
filepath = /home/yiming/research/CWF/data/Bunny/Ours_10000_bunny_Iter38_RVD.obj
energy: 0.0002421125 LossCVT: 0.001558671 LossQE: 8.48296e-06 LossCover: 0 Lambda_CVT: 0.1498903
36	36	1769.361	6.706473e-06	0.0002421125
filepath = /home/yiming/research/CWF/data/Bunny/Ours_10000_bunny_Iter39_RVD.obj
energy: 0.0002304251 LossCVT: 0.001558887 LossQE: 8.446309e-06 LossCover: 0 Lambda_CVT: 0.1423957
37	37	1817.367	5.800619e-06	0.0002304251
filepath = /home/yiming/research/CWF/data/Bunny/Ours_10000_bunny_Iter40_RVD.obj
energy: 0.000219302 LossCVT: 0.001558894 LossQE: 8.421176e-06 LossCover: 0 Lambda_CVT: 0.135276
38	38	1863.066	5.254675e-06	0.000219302
filepath = /home/yiming/research/CWF/data/Bunny/Ours_10000_bunny_Iter41_RVD.obj
energy: 0.0002087863 LossCVT: 0.001559588 LossQE: 8.360273e-06 LossCover: 0 Lambda_CVT: 0.1285122
39	39	1909.46	6.367261e-06	0.0002087863
filepath = /home/yiming/research/CWF/data/Bunny/Ours_10000_bunny_Iter42_RVD.obj
energy: 0.0001987723 LossCVT: 0.001560143 LossQE: 8.299731e-06 LossCover: 0 Lambda_CVT: 0.1220865
40	40	1956.424	6.213563e-06	0.0001987723
filepath = /home/yiming/research/CWF/data/Bunny/Ours_10000_bunny_Iter43_RVD.obj
energy: 0.0001892912 LossCVT: 0.001561228 LossQE: 8.216428e-06 LossCover: 0 Lambda_CVT: 0.1159822
41	41	2006.627	7.045562e-06	0.0001892912
filepath = /home/yiming/research/CWF/data/Bunny/Ours_10000_bunny_Iter44_RVD.obj
energy: 0.0001802124 LossCVT: 0.001561272 LossQE: 8.186613e-06 LossCover: 0 Lambda_CVT: 0.1101831
42	42	2054.902	6.040711e-06	0.0001802124
filepath = /home/yiming/research/CWF/data/Bunny/Ours_10000_bunny_Iter45_RVD.obj
energy: 0.0001715739 LossCVT: 0.001561118 LossQE: 8.165489e-06 LossCover: 0 Lambda_CVT: 0.104674
43	43	2099.417	5.247512e-06	0.0001715739
filepath = /home/yiming/research/CWF/data/Bunny/Ours_10000_bunny_Iter46_RVD.obj
energy: 0.0001634211 LossCVT: 0.001561915 LossQE: 8.103966e-06 LossCover: 0 Lambda_CVT: 0.09944026
44	44	2147.359	6.474242e-06	0.0001634211
filepath = /home/yiming/research/CWF/data/Bunny/Ours_10000_bunny_Iter47_RVD.obj
energy: 0.0001556724 LossCVT: 0.00156291 LossQE: 8.026988e-06 LossCover: 0 Lambda_CVT: 0.09446824
45	45	2194.841	6.117821e-06	0.0001556724
filepath = /home/yiming/research/CWF/data/Bunny/Ours_10000_bunny_Iter48_RVD.obj
energy: 0.0001483161 LossCVT: 0.001564164 LossQE: 7.940551e-06 LossCover: 0 Lambda_CVT: 0.08974483
46	46	2241.951	6.008778e-06	0.0001483161
filepath = /home/yiming/research/CWF/data/Bunny/Ours_10000_bunny_Iter49_RVD.obj
energy: 0.000141297 LossCVT: 0.001564578 LossQE: 7.904835e-06 LossCover: 0 Lambda_CVT: 0.08525759
47	47	2287.172	6.508254e-06	0.000141297
filepath = /home/yiming/research/CWF/data/Bunny/Ours_10000_bunny_Iter50_RVD.obj
energy: 0.000134637 LossCVT: 0.001565166 LossQE: 7.866792e-06 LossCover: 0 Lambda_CVT: 0.08099471
48	48	2335.762	6.791171e-06	0.000134637
filepath = /home/yiming/research/CWF/data/Bunny/Ours_10000_bunny_Iter51_RVD.obj
energy: 0.0001283094 LossCVT: 0.001566087 LossQE: 7.806896e-06 LossCover: 0 Lambda_CVT: 0.07694498
49	49	2381.684	6.620363e-06	0.0001283094
filepath = /home/yiming/research/CWF/data/Bunny/Ours_10000_bunny_Iter52_RVD.obj
energy: 0.0001222738 LossCVT: 0.001566551 LossQE: 7.762466e-06 LossCover: 0 Lambda_CVT: 0.07309773
50	50	2429.705	5.958749e-06	0.0001222738
reach the max itertion time
energy: 0.0001222738 LossCVT: 0.001566551 LossQE: 7.762466e-06 LossCover: 0 Lambda_CVT: 0.07309773
0	0	43.57266	5.958749e-06	0.0001222738
energy: 0.0001355486 LossCVT: 0.001679412 LossQE: 1.278744e-05 LossCover: 0 Lambda_CVT: 0.07309773
energy: 0.0001271225 LossCVT: 0.001604113 LossQE: 9.865414e-06 LossCover: 0 Lambda_CVT: 0.07309773
energy: 0.0001238215 LossCVT: 0.001576725 LossQE: 8.566432e-06 LossCover: 0 Lambda_CVT: 0.07309773
energy: 0.0001226607 LossCVT: 0.001569111 LossQE: 7.962282e-06 LossCover: 0 Lambda_CVT: 0.07309773
energy: 0.0001223364 LossCVT: 0.001567102 LossQE: 7.784853e-06 LossCover: 0 Lambda_CVT: 0.07309773
energy: 0.0001222714 LossCVT: 0.001566657 LossQE: 7.752318e-06 LossCover: 0 Lambda_CVT: 0.07309773
1	6	298.0064	7.496908e-06	0.0001222714
energy: 0.0001222515 LossCVT: 0.001566781 LossQE: 7.723409e-06 LossCover: 0 Lambda_CVT: 0.07309773
2	7	341.4215	5.882684e-06	0.0001222515
energy: 0.0001222442 LossCVT: 0.001566855 LossQE: 7.710689e-06 LossCover: 0 Lambda_CVT: 0.07309773
3	8	387.0502	5.225552e-06	0.0001222442
energy: 0.000122249 LossCVT: 0.001566968 LossQE: 7.707189e-06 LossCover: 0 Lambda_CVT: 0.07309773
energy: 0.0001222451 LossCVT: 0.001566883 LossQE: 7.709556e-06 LossCover: 0 Lambda_CVT: 0.07309773
energy: 0.0001222446 LossCVT: 0.001566845 LossQE: 7.711832e-06 LossCover: 0 Lambda_CVT: 0.07309773
energy: 0.0001222439 LossCVT: 0.00156687 LossQE: 7.709288e-06 LossCover: 0 Lambda_CVT: 0.07309773
4	12	558.0518	5.148498e-06	0.0001222439
CWD: "/home/yiming/research/CWF"
====================CWF3DTest
Now file: bunny
10000   bunny   
OBJ: "/home/yiming/research/CWF/data/bunny.obj"
"/home/yiming/research/CWF"
Pts.size(): 10024

Begin CWF.

10024  10024
filepath = /home/yiming/research/CWF/data/Bunny/Ours_10000_bunny_Iter2_RVD.obj
energy: 0.001702226 LossCVT: 0.001776636 LossQE: 1.442179e-05 LossCover: 0 Lambda_CVT: 0.95
0	0	53.76619	0.0005742849	0.001702226
filepath = /home/yiming/research/CWF/data/Bunny/Ours_10000_bunny_Iter3_RVD.obj
energy: 0.001659009 LossCVT: 0.001822345 LossQE: 1.434274e-05 LossCover: 0 Lambda_CVT: 0.9025
1	1	102.9751	0.0007043512	0.001659009
filepath = /home/yiming/research/CWF/data/Bunny/Ours_10000_bunny_Iter4_RVD.obj
energy: 0.001409826 LossCVT: 0.001630952 LossQE: 1.148882e-05 LossCover: 0 Lambda_CVT: 0.857375
2	2	151.3681	0.0002018089	0.001409826
filepath = /home/yiming/research/CWF/data/Bunny/Ours_10000_bunny_Iter5_RVD.obj
energy: 0.001320673 LossCVT: 0.001607622 LossQE: 1.125498e-05 LossCover: 0 Lambda_CVT: 0.8145062
3	3	201.3309	0.0001049475	0.001320673
filepath = /home/yiming/research/CWF/data/Bunny/Ours_10000_bunny_Iter6_RVD.obj
energy: 0.001246461 LossCVT: 0.001596618 LossQE: 1.102879e-05 LossCover: 0 Lambda_CVT: 0.7737809
4	4	249.4869	7.986522e-05	0.001246461
filepath = /home/yiming/research/CWF/data/Bunny/Ours_10000_bunny_Iter7_RVD.obj
energy: 0.001175983 LossCVT: 0.001585121 LossQE: 1.077292e-05 LossCover: 0 Lambda_CVT: 0.7350919
5	5	296.5136	8.62805e-05	0.001175983
filepath = /home/yiming/research/CWF/data/Bunny/Ours_10000_bunny_Iter8_RVD.obj
energy: 0.001112973 LossCVT: 0.001578589 LossQE: 1.058543e-05 LossCover: 0 Lambda_CVT: 0.6983373
6	6	343.9585	5.89309e-05	0.001112973
filepath = /home/yiming/research/CWF/data/Bunny/Ours_10000_bunny_Iter9_RVD.obj
energy: 0.001055315 LossCVT: 0.001574922 LossQE: 1.048005e-05 LossCover: 0 Lambda_CVT: 0.6634204
7	7	394.5446	4.170652e-05	0.001055315
filepath = /home/yiming/research/CWF/data/Bunny/Ours_10000_bunny_Iter10_RVD.obj
energy: 0.001000486 LossCVT: 0.001571045 LossQE: 1.033654e-05 LossCover: 0 Lambda_CVT: 0.6302494
8	8	442.9179	3.902444e-05	0.001000486
filepath = /home/yiming/research/CWF/data/Bunny/Ours_10000_bunny_Iter11_RVD.obj
energy: 0.0009495027 LossCVT: 0.00156872 LossQE: 1.025232e-05 LossCover: 0 Lambda_CVT: 0.5987369
9	9	490.8266	3.512047e-05	0.0009495027
filepath = /home/yiming/research/CWF/data/Bunny/Ours_10000_bunny_Iter12_RVD.obj
energy: 0.0009013102 LossCVT: 0.001566746 LossQE: 1.014474e-05 LossCover: 0 Lambda_CVT: 0.5688001
10	10	538.54	2.995365e-05	0.0009013102
filepath = /home/yiming/research/CWF/data/Bunny/Ours_10000_bunny_Iter13_RVD.obj
energy: 0.0008557692 LossCVT: 0.001565099 LossQE: 1.005189e-05 LossCover: 0 Lambda_CVT: 0.5403601
11	11	586.6454	2.713858e-05	0.0008557692
filepath = /home/yiming/research/CWF/data/Bunny/Ours_10000_bunny_Iter14_RVD.obj
energy: 0.0008127037 LossCVT: 0.001563721 LossQE: 9.979983e-06 LossCover: 0 Lambda_CVT: 0.5133421
12	12	634.5311	2.213128e-05	0.0008127037
filepath = /home/yiming/research/CWF/data/Bunny/Ours_10000_bunny_Iter15_RVD.obj
energy: 0.0007719664 LossCVT: 0.001562643 LossQE: 9.90461e-06 LossCover: 0 Lambda_CVT: 0.487675
13	13	682.5091	2.536142e-05	0.0007719664
filepath = /home/yiming/research/CWF/data/Bunny/Ours_10000_bunny_Iter16_RVD.obj
energy: 0.0007333208 LossCVT: 0.001561584 LossQE: 9.852446e-06 LossCover: 0 Lambda_CVT: 0.4632912
14	14	730.0521	2.049574e-05	0.0007333208
filepath = /home/yiming/research/CWF/data/Bunny/Ours_10000_bunny_Iter17_RVD.obj
energy: 0.0006967362 LossCVT: 0.001560785 LossQE: 9.79291e-06 LossCover: 0 Lambda_CVT: 0.4401267
15	15	778.5797	1.586374e-05	0.0006967362
filepath = /home/yiming/research/CWF/data/Bunny/Ours_10000_bunny_Iter18_RVD.obj
energy: 0.0006619993 LossCVT: 0.00156005 LossQE: 9.710838e-06 LossCover: 0 Lambda_CVT: 0.4181203
16	16	826.5274	1.540325e-05	0.0006619993
filepath = /home/yiming/research/CWF/data/Bunny/Ours_10000_bunny_Iter19_RVD.obj
energy: 0.0006291197 LossCVT: 0.001559561 LossQE: 9.639913e-06 LossCover: 0 Lambda_CVT: 0.3972143
17	17	874.1096	1.675981e-05	0.0006291197
filepath = /home/yiming/research/CWF/data/Bunny/Ours_10000_bunny_Iter20_RVD.obj
energy: 0.0005978426 LossCVT: 0.001558912 LossQE: 9.581689e-06 LossCover: 0 Lambda_CVT: 0.3773536
18	18	921.0948	1.279205e-05	0.0005978426
filepath = /home/yiming/research/CWF/data/Bunny/Ours_10000_bunny_Iter21_RVD.obj
energy: 0.0005681561 LossCVT: 0.001558364 LossQE: 9.504469e-06 LossCover: 0 Lambda_CVT: 0.3584859
19	19	969.0375	1.189088e-05	0.0005681561
filepath = /home/yiming/research/CWF/data/Bunny/Ours_10000_bunny_Iter22_RVD.obj
energy: 0.0005400336 LossCVT: 0.001558049 LossQE: 9.421747e-06 LossCover: 0 Lambda_CVT: 0.3405616
20	20	1016.045	1.19255e-05	0.0005400336
filepath = /home/yiming/research/CWF/data/Bunny/Ours_10000_bunny_Iter23_RVD.obj
energy: 0.0005133259 LossCVT: 0.001557658 LossQE: 9.37124e-06 LossCover: 0 Lambda_CVT: 0.3235335
21	21	1063.605	1.205872e-05	0.0005133259
filepath = /home/yiming/research/CWF/data/Bunny/Ours_10000_bunny_Iter24_RVD.obj
energy: 0.0004879503 LossCVT: 0.001557242 LossQE: 9.321237e-06 LossCover: 0 Lambda_CVT: 0.3073569
22	22	1111.246	1.017131e-05	0.0004879503
filepath = /home/yiming/research/CWF/data/Bunny/Ours_10000_bunny_Iter25_RVD.obj
energy: 0.0004639216 LossCVT: 0.001557149 LossQE: 9.251154e-06 LossCover: 0 Lambda_CVT: 0.291989
23	23	1156.882	1.121014e-05	0.0004639216
filepath = /home/yiming/research/CWF/data/Bunny/Ours_10000_bunny_Iter26_RVD.obj
energy: 0.0004410731 LossCVT: 0.001556966 LossQE: 9.186964e-06 LossCover: 0 Lambda_CVT: 0.2773896
24	24	1205.954	8.301959e-06	0.0004410731
filepath = /home/yiming/research/CWF/data/Bunny/Ours_10000_bunny_Iter27_RVD.obj
energy: 0.0004193777 LossCVT: 0.001556934 LossQE: 9.094411e-06 LossCover: 0 Lambda_CVT: 0.2635201
25	25	1252.808	8.819308e-06	0.0004193777
filepath = /home/yiming/research/CWF/data/Bunny/Ours_10000_bunny_Iter28_RVD.obj
energy: 0.0003987876 LossCVT: 0.001556867 LossQE: 9.03507e-06 LossCover: 0 Lambda_CVT: 0.2503441
26	26	1300.376	8.299574e-06	0.0003987876
filepath = /home/yiming/research/CWF/data/Bunny/Ours_10000_bunny_Iter29_RVD.obj
energy: 0.0003792298 LossCVT: 0.001556811 LossQE: 8.978323e-06 LossCover: 0 Lambda_CVT: 0.2378269
27	27	1347.724	7.819824e-06	0.0003792298
filepath = /home/yiming/research/CWF/data/Bunny/Ours_10000_bunny_Iter30_RVD.obj
energy: 0.0003606487 LossCVT: 0.001556704 LossQE: 8.933994e-06 LossCover: 0 Lambda_CVT: 0.2259355
28	28	1396.633	6.684016e-06	0.0003606487
filepath = /home/yiming/research/CWF/data/Bunny/Ours_10000_bunny_Iter31_RVD.obj
energy: 0.000343033 LossCVT: 0.001556922 LossQE: 8.857125e-06 LossCover: 0 Lambda_CVT: 0.2146388
29	29	1442.709	6.931625e-06	0.000343033
filepath = /home/yiming/research/CWF/data/Bunny/Ours_10000_bunny_Iter32_RVD.obj
energy: 0.0003262822 LossCVT: 0.001556869 LossQE: 8.825975e-06 LossCover: 0 Lambda_CVT: 0.2039068
30	30	1491.298	6.852666e-06	0.0003262822
filepath = /home/yiming/research/CWF/data/Bunny/Ours_10000_bunny_Iter33_RVD.obj
energy: 0.0003103642 LossCVT: 0.001556943 LossQE: 8.766545e-06 LossCover: 0 Lambda_CVT: 0.1937115
31	31	1538.574	6.309933e-06	0.0003103642
filepath = /home/yiming/research/CWF/data/Bunny/Ours_10000_bunny_Iter34_RVD.obj
energy: 0.000295271 LossCVT: 0.001557203 LossQE: 8.705261e-06 LossCover: 0 Lambda_CVT: 0.1840259
32	32	1584.649	7.551927e-06	0.000295271
filepath = /home/yiming/research/CWF/data/Bunny/Ours_10000_bunny_Iter35_RVD.obj
energy: 0.0002809293 LossCVT: 0.00155742 LossQE: 8.653864e-06 LossCover: 0 Lambda_CVT: 0.1748246
33	33	1630.256	6.332504e-06	0.0002809293
filepath = /home/yiming/research/CWF/data/Bunny/Ours_10000_bunny_Iter36_RVD.obj
energy: 0.0002673018 LossCVT: 0.001557623 LossQE: 8.606476e-06 LossCover: 0 Lambda_CVT: 0.1660834
34	34	1680.368	5.821322e-06	0.0002673018
filepath = /home/yiming/research/CWF/data/Bunny/Ours_10000_bunny_Iter37_RVD.obj
energy: 0.0002543899 LossCVT: 0.0015582 LossQE: 8.538238e-06 LossCover: 0 Lambda_CVT: 0.1577792
35	35	1729.681	6.376936e-06	0.0002543899
filepath = /home/yiming/research/CWF/data/Bunny/Ours_10000_bunny_Iter38_RVD.obj
energy: 0.0002421125 LossCVT: 0.001558671 LossQE: 8.48296e-06 LossCover: 0 Lambda_CVT: 0.1498903
36	36	1776.348	6.706473e-06	0.0002421125
filepath = /home/yiming/research/CWF/data/Bunny/Ours_10000_bunny_Iter39_RVD.obj
energy: 0.0002304251 LossCVT: 0.001558887 LossQE: 8.446309e-06 LossCover: 0 Lambda_CVT: 0.1423957
37	37	1825.285	5.800619e-06	0.0002304251
filepath = /home/yiming/research/CWF/data/Bunny/Ours_10000_bunny_Iter40_RVD.obj
energy: 0.000219302 LossCVT: 0.001558894 LossQE: 8.421176e-06 LossCover: 0 Lambda_CVT: 0.135276
38	38	1874.688	5.254675e-06	0.000219302
filepath = /home/yiming/research/CWF/data/Bunny/Ours_10000_bunny_Iter41_RVD.obj
energy: 0.0002087863 LossCVT: 0.001559588 LossQE: 8.360273e-06 LossCover: 0 Lambda_CVT: 0.1285122
39	39	1924.978	6.367261e-06	0.0002087863
filepath = /home/yiming/research/CWF/data/Bunny/Ours_10000_bunny_Iter42_RVD.obj
energy: 0.0001987723 LossCVT: 0.001560143 LossQE: 8.299731e-06 LossCover: 0 Lambda_CVT: 0.1220865
40	40	1972.954	6.213563e-06	0.0001987723
filepath = /home/yiming/research/CWF/data/Bunny/Ours_10000_bunny_Iter43_RVD.obj
energy: 0.0001892912 LossCVT: 0.001561228 LossQE: 8.216428e-06 LossCover: 0 Lambda_CVT: 0.1159822
41	41	2021.118	7.045562e-06	0.0001892912
filepath = /home/yiming/research/CWF/data/Bunny/Ours_10000_bunny_Iter44_RVD.obj
energy: 0.0001802124 LossCVT: 0.001561272 LossQE: 8.186613e-06 LossCover: 0 Lambda_CVT: 0.1101831
42	42	2070.328	6.040711e-06	0.0001802124
filepath = /home/yiming/research/CWF/data/Bunny/Ours_10000_bunny_Iter45_RVD.obj
energy: 0.0001715739 LossCVT: 0.001561118 LossQE: 8.165489e-06 LossCover: 0 Lambda_CVT: 0.104674
43	43	2118.679	5.247512e-06	0.0001715739
filepath = /home/yiming/research/CWF/data/Bunny/Ours_10000_bunny_Iter46_RVD.obj
energy: 0.0001634211 LossCVT: 0.001561915 LossQE: 8.103966e-06 LossCover: 0 Lambda_CVT: 0.09944026
44	44	2169.049	6.474242e-06	0.0001634211
filepath = /home/yiming/research/CWF/data/Bunny/Ours_10000_bunny_Iter47_RVD.obj
energy: 0.0001556724 LossCVT: 0.00156291 LossQE: 8.026988e-06 LossCover: 0 Lambda_CVT: 0.09446824
45	45	2216.49	6.117821e-06	0.0001556724
filepath = /home/yiming/research/CWF/data/Bunny/Ours_10000_bunny_Iter48_RVD.obj
energy: 0.0001483161 LossCVT: 0.001564164 LossQE: 7.940551e-06 LossCover: 0 Lambda_CVT: 0.08974483
46	46	2265.534	6.008778e-06	0.0001483161
filepath = /home/yiming/research/CWF/data/Bunny/Ours_10000_bunny_Iter49_RVD.obj
energy: 0.000141297 LossCVT: 0.001564578 LossQE: 7.904835e-06 LossCover: 0 Lambda_CVT: 0.08525759
47	47	2311.94	6.508254e-06	0.000141297
filepath = /home/yiming/research/CWF/data/Bunny/Ours_10000_bunny_Iter50_RVD.obj
energy: 0.000134637 LossCVT: 0.001565166 LossQE: 7.866792e-06 LossCover: 0 Lambda_CVT: 0.08099471
48	48	2360.085	6.791171e-06	0.000134637
filepath = /home/yiming/research/CWF/data/Bunny/Ours_10000_bunny_Iter51_RVD.obj
energy: 0.0001283094 LossCVT: 0.001566087 LossQE: 7.806896e-06 LossCover: 0 Lambda_CVT: 0.07694498
49	49	2409.628	6.620363e-06	0.0001283094
filepath = /home/yiming/research/CWF/data/Bunny/Ours_10000_bunny_Iter52_RVD.obj
energy: 0.0001222738 LossCVT: 0.001566551 LossQE: 7.762466e-06 LossCover: 0 Lambda_CVT: 0.07309773
50	50	2457.673	5.958749e-06	0.0001222738
reach the max itertion time
energy: 0.0001222738 LossCVT: 0.001566551 LossQE: 7.762466e-06 LossCover: 0 Lambda_CVT: 0.07309773
0	0	40.59701	5.958749e-06	0.0001222738
energy: 0.0001355486 LossCVT: 0.001679412 LossQE: 1.278744e-05 LossCover: 0 Lambda_CVT: 0.07309773
energy: 0.0001271225 LossCVT: 0.001604113 LossQE: 9.865414e-06 LossCover: 0 Lambda_CVT: 0.07309773
energy: 0.0001238215 LossCVT: 0.001576725 LossQE: 8.566432e-06 LossCover: 0 Lambda_CVT: 0.07309773
energy: 0.0001226607 LossCVT: 0.001569111 LossQE: 7.962282e-06 LossCover: 0 Lambda_CVT: 0.07309773
energy: 0.0001223364 LossCVT: 0.001567102 LossQE: 7.784853e-06 LossCover: 0 Lambda_CVT: 0.07309773
energy: 0.0001222714 LossCVT: 0.001566657 LossQE: 7.752318e-06 LossCover: 0 Lambda_CVT: 0.07309773
1	6	303.5382	7.496908e-06	0.0001222714
reach the max itertion time
terminate called after throwing an instance of 'alglib::ap_error'
CWD: "/home/yiming/research/CWF"
====================CWF3DTest
Now file: bunny
10000   bunny   
OBJ: "/home/yiming/research/CWF/data/bunny.obj"
"/home/yiming/research/CWF"
Pts.size(): 10024

Begin CWF.

10024  10024
filepath = /home/yiming/research/CWF/data/Bunny/Ours_10000_bunny_Iter2_RVD.obj
energy: 0.001702226 LossCVT: 0.001776636 LossQE: 1.442179e-05 LossCover: 0 Lambda_CVT: 0.95
0	0	49.19066	0.0005742849	0.001702226
filepath = /home/yiming/research/CWF/data/Bunny/Ours_10000_bunny_Iter3_RVD.obj
energy: 0.001659009 LossCVT: 0.001822345 LossQE: 1.434274e-05 LossCover: 0 Lambda_CVT: 0.9025
1	1	97.21126	0.0007043512	0.001659009
filepath = /home/yiming/research/CWF/data/Bunny/Ours_10000_bunny_Iter4_RVD.obj
energy: 0.001409826 LossCVT: 0.001630952 LossQE: 1.148882e-05 LossCover: 0 Lambda_CVT: 0.857375
2	2	144.2668	0.0002018089	0.001409826
reach the max itertion time
energy: 0.001409826 LossCVT: 0.001630952 LossQE: 1.148882e-05 LossCover: 0 Lambda_CVT: 0.857375
0	0	41.8924	0.0002018089	0.001409826
energy: 0.00162876 LossCVT: 0.001881028 LossQE: 1.601408e-05 LossCover: 0 Lambda_CVT: 0.857375
energy: 0.001422404 LossCVT: 0.001644965 LossQE: 1.205243e-05 LossCover: 0 Lambda_CVT: 0.857375
energy: 0.001387113 LossCVT: 0.001604741 LossQE: 1.124811e-05 LossCover: 0 Lambda_CVT: 0.857375
1	3	171.9759	0.0001312452	0.001387113
reach the max itertion time
cover-only energy: 1.650484e-07 LossCover: 1.650484e-07 maxViolation: 0.0003658804 invalidSeeds: 273
cover ALGLIB CG ap_error: ALGLIB: setlength() error, ptr is frozen proxy array
filepath = /home/yiming/research/CWF/data/Bunny/Ours_10000_bunny_RVD.obj
energy: 0.001387113 LossCVT: 0.001604741 LossQE: 1.124811e-05 LossCover: 0 Lambda_CVT: 0.857375
0	0	43.39562	0.0001312526	0.001387113
energy: 0.001637363 LossCVT: 0.001891446 LossQE: 1.568481e-05 LossCover: 0 Lambda_CVT: 0.857375
energy: 0.001434566 LossCVT: 0.001659256 LossQE: 1.196148e-05 LossCover: 0 Lambda_CVT: 0.857375
energy: 0.00138339 LossCVT: 0.001600678 LossQE: 1.100907e-05 LossCover: 0 Lambda_CVT: 0.857375
1	3	173.0999	0.0001880841	0.00138339
reach the max itertion time
cover-only energy: 2.215097e-07 LossCover: 2.215097e-07 maxViolation: 0.0003913518 invalidSeeds: 233
cover ALGLIB CG ap_error: ALGLIB: setlength() error, ptr is frozen proxy array
filepath = /home/yiming/research/CWF/data/Bunny/Ours_10000_bunny_RVD.obj
energy: 0.00138339 LossCVT: 0.001600678 LossQE: 1.100907e-05 LossCover: 0 Lambda_CVT: 0.857375
0	0	43.28923	0.0001880959	0.00138339
energy: 0.001730698 LossCVT: 0.001997045 LossQE: 1.848186e-05 LossCover: 0 Lambda_CVT: 0.857375
energy: 0.001454305 LossCVT: 0.001681179 LossQE: 1.290432e-05 LossCover: 0 Lambda_CVT: 0.857375
energy: 0.001378618 LossCVT: 0.001594932 LossQE: 1.116286e-05 LossCover: 0 Lambda_CVT: 0.857375
1	3	174.7668	0.0001872184	0.001378618
reach the max itertion time
CWD: "/home/yiming/research/CWF"
====================CWF3DTest
Now file: bunny
10000   bunny   
OBJ: "/home/yiming/research/CWF/data/bunny.obj"
"/home/yiming/research/CWF"
Pts.size(): 10024

Begin CWF.

10024  10024
filepath = /home/yiming/research/CWF/data/Bunny/Ours_10000_bunny_Iter2_RVD.obj
energy: 0.001702226 LossCVT: 0.001776636 LossQE: 1.442179e-05 LossCover: 0 Lambda_CVT: 0.95
0	0	50.58046	0.0005742849	0.001702226
filepath = /home/yiming/research/CWF/data/Bunny/Ours_10000_bunny_Iter3_RVD.obj
energy: 0.001659009 LossCVT: 0.001822345 LossQE: 1.434274e-05 LossCover: 0 Lambda_CVT: 0.9025
1	1	98.09709	0.0007043512	0.001659009
filepath = /home/yiming/research/CWF/data/Bunny/Ours_10000_bunny_Iter4_RVD.obj
energy: 0.001409826 LossCVT: 0.001630952 LossQE: 1.148882e-05 LossCover: 0 Lambda_CVT: 0.857375
2	2	144.9065	0.0002018089	0.001409826
filepath = /home/yiming/research/CWF/data/Bunny/Ours_10000_bunny_Iter5_RVD.obj
energy: 0.001320673 LossCVT: 0.001607622 LossQE: 1.125498e-05 LossCover: 0 Lambda_CVT: 0.8145062
3	3	192.2727	0.0001049475	0.001320673
filepath = /home/yiming/research/CWF/data/Bunny/Ours_10000_bunny_Iter6_RVD.obj
energy: 0.001246461 LossCVT: 0.001596618 LossQE: 1.102879e-05 LossCover: 0 Lambda_CVT: 0.7737809
4	4	238.5841	7.986522e-05	0.001246461
filepath = /home/yiming/research/CWF/data/Bunny/Ours_10000_bunny_Iter7_RVD.obj
energy: 0.001175983 LossCVT: 0.001585121 LossQE: 1.077292e-05 LossCover: 0 Lambda_CVT: 0.7350919
5	5	285.2748	8.62805e-05	0.001175983
filepath = /home/yiming/research/CWF/data/Bunny/Ours_10000_bunny_Iter8_RVD.obj
energy: 0.001112973 LossCVT: 0.001578589 LossQE: 1.058543e-05 LossCover: 0 Lambda_CVT: 0.6983373
6	6	333.0506	5.89309e-05	0.001112973
filepath = /home/yiming/research/CWF/data/Bunny/Ours_10000_bunny_Iter9_RVD.obj
energy: 0.001055315 LossCVT: 0.001574922 LossQE: 1.048005e-05 LossCover: 0 Lambda_CVT: 0.6634204
7	7	380.6472	4.170652e-05	0.001055315
filepath = /home/yiming/research/CWF/data/Bunny/Ours_10000_bunny_Iter10_RVD.obj
energy: 0.001000486 LossCVT: 0.001571045 LossQE: 1.033654e-05 LossCover: 0 Lambda_CVT: 0.6302494
8	8	425.8015	3.902444e-05	0.001000486
filepath = /home/yiming/research/CWF/data/Bunny/Ours_10000_bunny_Iter11_RVD.obj
energy: 0.0009495027 LossCVT: 0.00156872 LossQE: 1.025232e-05 LossCover: 0 Lambda_CVT: 0.5987369
9	9	472.7748	3.512047e-05	0.0009495027
filepath = /home/yiming/research/CWF/data/Bunny/Ours_10000_bunny_Iter12_RVD.obj
energy: 0.0009013102 LossCVT: 0.001566746 LossQE: 1.014474e-05 LossCover: 0 Lambda_CVT: 0.5688001
10	10	519.6765	2.995365e-05	0.0009013102
filepath = /home/yiming/research/CWF/data/Bunny/Ours_10000_bunny_Iter13_RVD.obj
energy: 0.0008557692 LossCVT: 0.001565099 LossQE: 1.005189e-05 LossCover: 0 Lambda_CVT: 0.5403601
11	11	567.0501	2.713858e-05	0.0008557692
filepath = /home/yiming/research/CWF/data/Bunny/Ours_10000_bunny_Iter14_RVD.obj
energy: 0.0008127037 LossCVT: 0.001563721 LossQE: 9.979983e-06 LossCover: 0 Lambda_CVT: 0.5133421
12	12	615.6378	2.213128e-05	0.0008127037
filepath = /home/yiming/research/CWF/data/Bunny/Ours_10000_bunny_Iter15_RVD.obj
energy: 0.0007719664 LossCVT: 0.001562643 LossQE: 9.90461e-06 LossCover: 0 Lambda_CVT: 0.487675
13	13	663.509	2.536142e-05	0.0007719664
filepath = /home/yiming/research/CWF/data/Bunny/Ours_10000_bunny_Iter16_RVD.obj
energy: 0.0007333208 LossCVT: 0.001561584 LossQE: 9.852446e-06 LossCover: 0 Lambda_CVT: 0.4632912
14	14	709.8233	2.049574e-05	0.0007333208
filepath = /home/yiming/research/CWF/data/Bunny/Ours_10000_bunny_Iter17_RVD.obj
energy: 0.0006967362 LossCVT: 0.001560785 LossQE: 9.79291e-06 LossCover: 0 Lambda_CVT: 0.4401267
15	15	757.0344	1.586374e-05	0.0006967362
filepath = /home/yiming/research/CWF/data/Bunny/Ours_10000_bunny_Iter18_RVD.obj
energy: 0.0006619993 LossCVT: 0.00156005 LossQE: 9.710838e-06 LossCover: 0 Lambda_CVT: 0.4181203
16	16	803.3209	1.540325e-05	0.0006619993
filepath = /home/yiming/research/CWF/data/Bunny/Ours_10000_bunny_Iter19_RVD.obj
energy: 0.0006291197 LossCVT: 0.001559561 LossQE: 9.639913e-06 LossCover: 0 Lambda_CVT: 0.3972143
17	17	850.4949	1.675981e-05	0.0006291197
filepath = /home/yiming/research/CWF/data/Bunny/Ours_10000_bunny_Iter20_RVD.obj
energy: 0.0005978426 LossCVT: 0.001558912 LossQE: 9.581689e-06 LossCover: 0 Lambda_CVT: 0.3773536
18	18	898.2821	1.279205e-05	0.0005978426
filepath = /home/yiming/research/CWF/data/Bunny/Ours_10000_bunny_Iter21_RVD.obj
energy: 0.0005681561 LossCVT: 0.001558364 LossQE: 9.504469e-06 LossCover: 0 Lambda_CVT: 0.3584859
19	19	945.7185	1.189088e-05	0.0005681561
filepath = /home/yiming/research/CWF/data/Bunny/Ours_10000_bunny_Iter22_RVD.obj
energy: 0.0005400336 LossCVT: 0.001558049 LossQE: 9.421747e-06 LossCover: 0 Lambda_CVT: 0.3405616
20	20	992.9929	1.19255e-05	0.0005400336
filepath = /home/yiming/research/CWF/data/Bunny/Ours_10000_bunny_Iter23_RVD.obj
energy: 0.0005133259 LossCVT: 0.001557658 LossQE: 9.37124e-06 LossCover: 0 Lambda_CVT: 0.3235335
21	21	1039.088	1.205872e-05	0.0005133259
filepath = /home/yiming/research/CWF/data/Bunny/Ours_10000_bunny_Iter24_RVD.obj
energy: 0.0004879503 LossCVT: 0.001557242 LossQE: 9.321237e-06 LossCover: 0 Lambda_CVT: 0.3073569
22	22	1086.576	1.017131e-05	0.0004879503
filepath = /home/yiming/research/CWF/data/Bunny/Ours_10000_bunny_Iter25_RVD.obj
energy: 0.0004639216 LossCVT: 0.001557149 LossQE: 9.251154e-06 LossCover: 0 Lambda_CVT: 0.291989
23	23	1133.736	1.121014e-05	0.0004639216
filepath = /home/yiming/research/CWF/data/Bunny/Ours_10000_bunny_Iter26_RVD.obj
energy: 0.0004410731 LossCVT: 0.001556966 LossQE: 9.186964e-06 LossCover: 0 Lambda_CVT: 0.2773896
24	24	1179.519	8.301959e-06	0.0004410731
filepath = /home/yiming/research/CWF/data/Bunny/Ours_10000_bunny_Iter27_RVD.obj
energy: 0.0004193777 LossCVT: 0.001556934 LossQE: 9.094411e-06 LossCover: 0 Lambda_CVT: 0.2635201
25	25	1227.373	8.819308e-06	0.0004193777
filepath = /home/yiming/research/CWF/data/Bunny/Ours_10000_bunny_Iter28_RVD.obj
energy: 0.0003987876 LossCVT: 0.001556867 LossQE: 9.03507e-06 LossCover: 0 Lambda_CVT: 0.2503441
26	26	1273.902	8.299574e-06	0.0003987876
filepath = /home/yiming/research/CWF/data/Bunny/Ours_10000_bunny_Iter29_RVD.obj
energy: 0.0003792298 LossCVT: 0.001556811 LossQE: 8.978323e-06 LossCover: 0 Lambda_CVT: 0.2378269
27	27	1321.153	7.819824e-06	0.0003792298
filepath = /home/yiming/research/CWF/data/Bunny/Ours_10000_bunny_Iter30_RVD.obj
energy: 0.0003606487 LossCVT: 0.001556704 LossQE: 8.933994e-06 LossCover: 0 Lambda_CVT: 0.2259355
28	28	1366.493	6.684016e-06	0.0003606487
filepath = /home/yiming/research/CWF/data/Bunny/Ours_10000_bunny_Iter31_RVD.obj
energy: 0.000343033 LossCVT: 0.001556922 LossQE: 8.857125e-06 LossCover: 0 Lambda_CVT: 0.2146388
29	29	1413.451	6.931625e-06	0.000343033
filepath = /home/yiming/research/CWF/data/Bunny/Ours_10000_bunny_Iter32_RVD.obj
energy: 0.0003262822 LossCVT: 0.001556869 LossQE: 8.825975e-06 LossCover: 0 Lambda_CVT: 0.2039068
30	30	1460.501	6.852666e-06	0.0003262822
filepath = /home/yiming/research/CWF/data/Bunny/Ours_10000_bunny_Iter33_RVD.obj
energy: 0.0003103642 LossCVT: 0.001556943 LossQE: 8.766545e-06 LossCover: 0 Lambda_CVT: 0.1937115
31	31	1507.089	6.309933e-06	0.0003103642
filepath = /home/yiming/research/CWF/data/Bunny/Ours_10000_bunny_Iter34_RVD.obj
energy: 0.000295271 LossCVT: 0.001557203 LossQE: 8.705261e-06 LossCover: 0 Lambda_CVT: 0.1840259
32	32	1553.852	7.551927e-06	0.000295271
filepath = /home/yiming/research/CWF/data/Bunny/Ours_10000_bunny_Iter35_RVD.obj
energy: 0.0002809293 LossCVT: 0.00155742 LossQE: 8.653864e-06 LossCover: 0 Lambda_CVT: 0.1748246
33	33	1601.583	6.332504e-06	0.0002809293
filepath = /home/yiming/research/CWF/data/Bunny/Ours_10000_bunny_Iter36_RVD.obj
energy: 0.0002673018 LossCVT: 0.001557623 LossQE: 8.606476e-06 LossCover: 0 Lambda_CVT: 0.1660834
34	34	1648.14	5.821322e-06	0.0002673018
filepath = /home/yiming/research/CWF/data/Bunny/Ours_10000_bunny_Iter37_RVD.obj
energy: 0.0002543899 LossCVT: 0.0015582 LossQE: 8.538238e-06 LossCover: 0 Lambda_CVT: 0.1577792
35	35	1694.793	6.376936e-06	0.0002543899
filepath = /home/yiming/research/CWF/data/Bunny/Ours_10000_bunny_Iter38_RVD.obj
energy: 0.0002421125 LossCVT: 0.001558671 LossQE: 8.48296e-06 LossCover: 0 Lambda_CVT: 0.1498903
36	36	1741.872	6.706473e-06	0.0002421125
filepath = /home/yiming/research/CWF/data/Bunny/Ours_10000_bunny_Iter39_RVD.obj
energy: 0.0002304251 LossCVT: 0.001558887 LossQE: 8.446309e-06 LossCover: 0 Lambda_CVT: 0.1423957
37	37	1788.881	5.800619e-06	0.0002304251
filepath = /home/yiming/research/CWF/data/Bunny/Ours_10000_bunny_Iter40_RVD.obj
energy: 0.000219302 LossCVT: 0.001558894 LossQE: 8.421176e-06 LossCover: 0 Lambda_CVT: 0.135276
38	38	1834.438	5.254675e-06	0.000219302
filepath = /home/yiming/research/CWF/data/Bunny/Ours_10000_bunny_Iter41_RVD.obj
energy: 0.0002087863 LossCVT: 0.001559588 LossQE: 8.360273e-06 LossCover: 0 Lambda_CVT: 0.1285122
39	39	1881.414	6.367261e-06	0.0002087863
filepath = /home/yiming/research/CWF/data/Bunny/Ours_10000_bunny_Iter42_RVD.obj
energy: 0.0001987723 LossCVT: 0.001560143 LossQE: 8.299731e-06 LossCover: 0 Lambda_CVT: 0.1220865
40	40	1926.061	6.213563e-06	0.0001987723
filepath = /home/yiming/research/CWF/data/Bunny/Ours_10000_bunny_Iter43_RVD.obj
energy: 0.0001892912 LossCVT: 0.001561228 LossQE: 8.216428e-06 LossCover: 0 Lambda_CVT: 0.1159822
41	41	1971.661	7.045562e-06	0.0001892912
filepath = /home/yiming/research/CWF/data/Bunny/Ours_10000_bunny_Iter44_RVD.obj
energy: 0.0001802124 LossCVT: 0.001561272 LossQE: 8.186613e-06 LossCover: 0 Lambda_CVT: 0.1101831
42	42	2018.222	6.040711e-06	0.0001802124
filepath = /home/yiming/research/CWF/data/Bunny/Ours_10000_bunny_Iter45_RVD.obj
energy: 0.0001715739 LossCVT: 0.001561118 LossQE: 8.165489e-06 LossCover: 0 Lambda_CVT: 0.104674
43	43	2064.86	5.247512e-06	0.0001715739
filepath = /home/yiming/research/CWF/data/Bunny/Ours_10000_bunny_Iter46_RVD.obj
energy: 0.0001634211 LossCVT: 0.001561915 LossQE: 8.103966e-06 LossCover: 0 Lambda_CVT: 0.09944026
44	44	2109.831	6.474242e-06	0.0001634211
filepath = /home/yiming/research/CWF/data/Bunny/Ours_10000_bunny_Iter47_RVD.obj
energy: 0.0001556724 LossCVT: 0.00156291 LossQE: 8.026988e-06 LossCover: 0 Lambda_CVT: 0.09446824
45	45	2154.596	6.117821e-06	0.0001556724
filepath = /home/yiming/research/CWF/data/Bunny/Ours_10000_bunny_Iter48_RVD.obj
energy: 0.0001483161 LossCVT: 0.001564164 LossQE: 7.940551e-06 LossCover: 0 Lambda_CVT: 0.08974483
46	46	2198.872	6.008778e-06	0.0001483161
filepath = /home/yiming/research/CWF/data/Bunny/Ours_10000_bunny_Iter49_RVD.obj
energy: 0.000141297 LossCVT: 0.001564578 LossQE: 7.904835e-06 LossCover: 0 Lambda_CVT: 0.08525759
47	47	2245.829	6.508254e-06	0.000141297
filepath = /home/yiming/research/CWF/data/Bunny/Ours_10000_bunny_Iter50_RVD.obj
energy: 0.000134637 LossCVT: 0.001565166 LossQE: 7.866792e-06 LossCover: 0 Lambda_CVT: 0.08099471
48	48	2292.332	6.791171e-06	0.000134637
filepath = /home/yiming/research/CWF/data/Bunny/Ours_10000_bunny_Iter51_RVD.obj
energy: 0.0001283094 LossCVT: 0.001566087 LossQE: 7.806896e-06 LossCover: 0 Lambda_CVT: 0.07694498
49	49	2338.909	6.620363e-06	0.0001283094
filepath = /home/yiming/research/CWF/data/Bunny/Ours_10000_bunny_Iter52_RVD.obj
energy: 0.0001222738 LossCVT: 0.001566551 LossQE: 7.762466e-06 LossCover: 0 Lambda_CVT: 0.07309773
50	50	2384.513	5.958749e-06	0.0001222738
reach the max itertion time
energy: 0.0001222738 LossCVT: 0.001566551 LossQE: 7.762466e-06 LossCover: 0 Lambda_CVT: 0.07309773
0	0	42.01173	5.958749e-06	0.0001222738
energy: 0.0001355486 LossCVT: 0.001679412 LossQE: 1.278744e-05 LossCover: 0 Lambda_CVT: 0.07309773
energy: 0.0001271225 LossCVT: 0.001604113 LossQE: 9.865414e-06 LossCover: 0 Lambda_CVT: 0.07309773
energy: 0.0001238215 LossCVT: 0.001576725 LossQE: 8.566432e-06 LossCover: 0 Lambda_CVT: 0.07309773
energy: 0.0001226607 LossCVT: 0.001569111 LossQE: 7.962282e-06 LossCover: 0 Lambda_CVT: 0.07309773
energy: 0.0001223364 LossCVT: 0.001567102 LossQE: 7.784853e-06 LossCover: 0 Lambda_CVT: 0.07309773
energy: 0.0001222714 LossCVT: 0.001566657 LossQE: 7.752318e-06 LossCover: 0 Lambda_CVT: 0.07309773
1	6	295.426	7.496908e-06	0.0001222714
reach the max itertion time
cover-only energy: 1.697783e-08 LossCover: 1.697783e-08 maxViolation: 0.0001611525 invalidSeeds: 24
cover ALGLIB CG accepted term=5 iters=1 nfev=2 moveNorm=0.01593203 stepCap=0.01606196 gradNorm=6.703256e-06
cover-only energy: 2.97802e-09 LossCover: 2.97802e-09 maxViolation: 7.939958e-05 invalidSeeds: 10
cover ALGLIB CG accepted term=5 iters=1 nfev=2 moveNorm=0.01577805 stepCap=0.01606196 gradNorm=2.853762e-06
cover-only energy: 2.97802e-09 LossCover: 2.97802e-09 maxViolation: 7.939958e-05 invalidSeeds: 10
cover ALGLIB CG: no effective accepted step term=5 iters=1 nfev=21 moveNorm=5.00032e-15
filepath = /home/yiming/research/CWF/data/Bunny/Ours_10000_bunny_RVD.obj
energy: 0.0001223127 LossCVT: 0.001566647 LossQE: 7.794339e-06 LossCover: 0 Lambda_CVT: 0.07309773
0	0	44.17495	9.187344e-06	0.0001223127
energy: 0.0001317803 LossCVT: 0.001630526 LossQE: 1.259259e-05 LossCover: 0 Lambda_CVT: 0.07309773
energy: 0.0001268053 LossCVT: 0.0015907 LossQE: 1.052877e-05 LossCover: 0 Lambda_CVT: 0.07309773
energy: 0.000124165 LossCVT: 0.001574344 LossQE: 9.083974e-06 LossCover: 0 Lambda_CVT: 0.07309773
energy: 0.0001229249 LossCVT: 0.001568505 LossQE: 8.27082e-06 LossCover: 0 Lambda_CVT: 0.07309773
energy: 0.000122471 LossCVT: 0.001566844 LossQE: 7.938302e-06 LossCover: 0 Lambda_CVT: 0.07309773
energy: 0.0001223208 LossCVT: 0.001566501 LossQE: 7.813168e-06 LossCover: 0 Lambda_CVT: 0.07309773
energy: 0.0001222828 LossCVT: 0.001566508 LossQE: 7.774619e-06 LossCover: 0 Lambda_CVT: 0.07309773
1	7	340.2825	6.183293e-06	0.0001222828
reach the max itertion time
cover-only energy: 3.429599e-09 LossCover: 3.429599e-09 maxViolation: 7.577409e-05 invalidSeeds: 21
cover ALGLIB CG accepted term=5 iters=1 nfev=5 moveNorm=0.00425309 stepCap=0.01606196 gradNorm=5.00315e-06
cover-only energy: 1.621793e-09 LossCover: 1.621793e-09 maxViolation: 4.995371e-05 invalidSeeds: 11
cover ALGLIB CG accepted term=5 iters=1 nfev=3 moveNorm=0.005266454 stepCap=0.01606196 gradNorm=1.726036e-06
cover-only energy: 8.286292e-10 LossCover: 8.286292e-10 maxViolation: 5.56546e-05 invalidSeeds: 4
cover ALGLIB CG accepted term=5 iters=1 nfev=21 moveNorm=0.002170127 stepCap=0.01606196 gradNorm=2.762345e-06
cover-only energy: 8.286292e-10 LossCover: 8.286292e-10 maxViolation: 5.56546e-05 invalidSeeds: 4
cover ALGLIB CG: no effective accepted step term=5 iters=1 nfev=21 moveNorm=4.931982e-15
filepath = /home/yiming/research/CWF/data/Bunny/Ours_10000_bunny_RVD.obj
energy: 0.000122295 LossCVT: 0.001566544 LossQE: 7.784208e-06 LossCover: 0 Lambda_CVT: 0.07309773
0	0	44.25596	6.673205e-06	0.000122295
energy: 0.0001347384 LossCVT: 0.001654286 LossQE: 1.38139e-05 LossCover: 0 Lambda_CVT: 0.07309773
energy: 0.0001285043 LossCVT: 0.001603517 LossQE: 1.12909e-05 LossCover: 0 Lambda_CVT: 0.07309773
energy: 0.0001249264 LossCVT: 0.00157802 LossQE: 9.576755e-06 LossCover: 0 Lambda_CVT: 0.07309773
energy: 0.0001232581 LossCVT: 0.001569709 LossQE: 8.51596e-06 LossCover: 0 Lambda_CVT: 0.07309773
energy: 0.0001225768 LossCVT: 0.001567185 LossQE: 8.019142e-06 LossCover: 0 Lambda_CVT: 0.07309773
energy: 0.0001223393 LossCVT: 0.001566642 LossQE: 7.821265e-06 LossCover: 0 Lambda_CVT: 0.07309773
energy: 0.0001222763 LossCVT: 0.001566576 LossQE: 7.763161e-06 LossCover: 0 Lambda_CVT: 0.07309773
1	7	343.5694	6.609563e-06	0.0001222763
reach the max itertion time
cover-only energy: 1.323726e-09 LossCover: 1.323726e-09 maxViolation: 7.900765e-05 invalidSeeds: 16
cover ALGLIB CG accepted term=5 iters=1 nfev=21 moveNorm=0.003196945 stepCap=0.01606196 gradNorm=4.802474e-06
CWD: "/home/yiming/research/CWF"
====================CWF3DTest
Now file: bunny
10000   bunny   
OBJ: "/home/yiming/research/CWF/data/bunny.obj"
"/home/yiming/research/CWF"
Pts.size(): 10024

Begin CWF.

filepath = /home/yiming/research/CWF/data/Bunny/Ours_10000_bunny_Iter2_RVD.obj
energy: 0.001702226 LossCVT: 0.001776636 LossQE: 1.442179e-05 LossCover: 0 Lambda_CVT: 0.95
0	0	47.83564	0.0005742849	0.001702226
filepath = /home/yiming/research/CWF/data/Bunny/Ours_10000_bunny_Iter3_RVD.obj
energy: 0.001659009 LossCVT: 0.001822345 LossQE: 1.434274e-05 LossCover: 0 Lambda_CVT: 0.9025
1	1	97.54789	0.0007043512	0.001659009
reach the max itertion time
energy: 0.001659009 LossCVT: 0.001822345 LossQE: 1.434274e-05 LossCover: 0 Lambda_CVT: 0.9025
0	0	44.05904	0.0007043512	0.001659009
energy: 0.001624532 LossCVT: 0.001784764 LossQE: 1.378228e-05 LossCover: 0 Lambda_CVT: 0.9025
1	1	89.40467	0.0006864577	0.001624532
reach the max itertion time
cover-only energy: 4.315259e-06 LossCover: 4.315259e-06 maxViolation: 0.0006034047 invalidSeeds: 1493 activePoints: 5176
cover-active accepted: surrogateEnergy=6.880608e-06 activePoints=5176 activeSeeds=1493 localInvalidSeeds=2323 maxMove=0.000122505
CWD: "/home/yiming/research/CWF"
====================CWF3DTest
Now file: bunny
10000   bunny   
OBJ: "/home/yiming/research/CWF/data/bunny.obj"
"/home/yiming/research/CWF"
Pts.size(): 10024

Begin CWF.

filepath = /home/yiming/research/CWF/data/Bunny/Ours_10000_bunny_Iter2_RVD.obj
energy: 0.001702226 LossCVT: 0.001776636 LossQE: 1.442179e-05 LossCover: 0 Lambda_CVT: 0.95
0	0	51.95663	0.0005742849	0.001702226
filepath = /home/yiming/research/CWF/data/Bunny/Ours_10000_bunny_Iter3_RVD.obj
energy: 0.001659009 LossCVT: 0.001822345 LossQE: 1.434274e-05 LossCover: 0 Lambda_CVT: 0.9025
1	1	102.7536	0.0007043512	0.001659009
filepath = /home/yiming/research/CWF/data/Bunny/Ours_10000_bunny_Iter4_RVD.obj
energy: 0.001409826 LossCVT: 0.001630952 LossQE: 1.148882e-05 LossCover: 0 Lambda_CVT: 0.857375
2	2	154.7198	0.0002018089	0.001409826
filepath = /home/yiming/research/CWF/data/Bunny/Ours_10000_bunny_Iter5_RVD.obj
energy: 0.001320673 LossCVT: 0.001607622 LossQE: 1.125498e-05 LossCover: 0 Lambda_CVT: 0.8145062
3	3	204.2052	0.0001049475	0.001320673
filepath = /home/yiming/research/CWF/data/Bunny/Ours_10000_bunny_Iter6_RVD.obj
energy: 0.001246461 LossCVT: 0.001596618 LossQE: 1.102879e-05 LossCover: 0 Lambda_CVT: 0.7737809
4	4	256.497	7.986522e-05	0.001246461
filepath = /home/yiming/research/CWF/data/Bunny/Ours_10000_bunny_Iter7_RVD.obj
energy: 0.001175983 LossCVT: 0.001585121 LossQE: 1.077292e-05 LossCover: 0 Lambda_CVT: 0.7350919
5	5	303.707	8.62805e-05	0.001175983
filepath = /home/yiming/research/CWF/data/Bunny/Ours_10000_bunny_Iter8_RVD.obj
energy: 0.001112973 LossCVT: 0.001578589 LossQE: 1.058543e-05 LossCover: 0 Lambda_CVT: 0.6983373
6	6	354.2165	5.89309e-05	0.001112973
filepath = /home/yiming/research/CWF/data/Bunny/Ours_10000_bunny_Iter9_RVD.obj
energy: 0.001055315 LossCVT: 0.001574922 LossQE: 1.048005e-05 LossCover: 0 Lambda_CVT: 0.6634204
7	7	403.588	4.170652e-05	0.001055315
filepath = /home/yiming/research/CWF/data/Bunny/Ours_10000_bunny_Iter10_RVD.obj
energy: 0.001000486 LossCVT: 0.001571045 LossQE: 1.033654e-05 LossCover: 0 Lambda_CVT: 0.6302494
8	8	451.0639	3.902444e-05	0.001000486
filepath = /home/yiming/research/CWF/data/Bunny/Ours_10000_bunny_Iter11_RVD.obj
energy: 0.0009495027 LossCVT: 0.00156872 LossQE: 1.025232e-05 LossCover: 0 Lambda_CVT: 0.5987369
9	9	500.148	3.512047e-05	0.0009495027
filepath = /home/yiming/research/CWF/data/Bunny/Ours_10000_bunny_Iter12_RVD.obj
energy: 0.0009013102 LossCVT: 0.001566746 LossQE: 1.014474e-05 LossCover: 0 Lambda_CVT: 0.5688001
10	10	551.4201	2.995365e-05	0.0009013102
filepath = /home/yiming/research/CWF/data/Bunny/Ours_10000_bunny_Iter13_RVD.obj
energy: 0.0008557692 LossCVT: 0.001565099 LossQE: 1.005189e-05 LossCover: 0 Lambda_CVT: 0.5403601
11	11	601.4238	2.713858e-05	0.0008557692
filepath = /home/yiming/research/CWF/data/Bunny/Ours_10000_bunny_Iter14_RVD.obj
energy: 0.0008127037 LossCVT: 0.001563721 LossQE: 9.979983e-06 LossCover: 0 Lambda_CVT: 0.5133421
12	12	651.4655	2.213128e-05	0.0008127037
filepath = /home/yiming/research/CWF/data/Bunny/Ours_10000_bunny_Iter15_RVD.obj
energy: 0.0007719664 LossCVT: 0.001562643 LossQE: 9.90461e-06 LossCover: 0 Lambda_CVT: 0.487675
13	13	703.2226	2.536142e-05	0.0007719664
filepath = /home/yiming/research/CWF/data/Bunny/Ours_10000_bunny_Iter16_RVD.obj
energy: 0.0007333208 LossCVT: 0.001561584 LossQE: 9.852446e-06 LossCover: 0 Lambda_CVT: 0.4632912
14	14	752.545	2.049574e-05	0.0007333208
filepath = /home/yiming/research/CWF/data/Bunny/Ours_10000_bunny_Iter17_RVD.obj
energy: 0.0006967362 LossCVT: 0.001560785 LossQE: 9.79291e-06 LossCover: 0 Lambda_CVT: 0.4401267
15	15	801.9032	1.586374e-05	0.0006967362
filepath = /home/yiming/research/CWF/data/Bunny/Ours_10000_bunny_Iter18_RVD.obj
energy: 0.0006619993 LossCVT: 0.00156005 LossQE: 9.710838e-06 LossCover: 0 Lambda_CVT: 0.4181203
16	16	851.9355	1.540325e-05	0.0006619993
filepath = /home/yiming/research/CWF/data/Bunny/Ours_10000_bunny_Iter19_RVD.obj
energy: 0.0006291197 LossCVT: 0.001559561 LossQE: 9.639913e-06 LossCover: 0 Lambda_CVT: 0.3972143
17	17	904.2283	1.675981e-05	0.0006291197
filepath = /home/yiming/research/CWF/data/Bunny/Ours_10000_bunny_Iter20_RVD.obj
energy: 0.0005978426 LossCVT: 0.001558912 LossQE: 9.581689e-06 LossCover: 0 Lambda_CVT: 0.3773536
18	18	951.4231	1.279205e-05	0.0005978426
filepath = /home/yiming/research/CWF/data/Bunny/Ours_10000_bunny_Iter21_RVD.obj
energy: 0.0005681561 LossCVT: 0.001558364 LossQE: 9.504469e-06 LossCover: 0 Lambda_CVT: 0.3584859
19	19	996.3714	1.189088e-05	0.0005681561
filepath = /home/yiming/research/CWF/data/Bunny/Ours_10000_bunny_Iter22_RVD.obj
energy: 0.0005400336 LossCVT: 0.001558049 LossQE: 9.421747e-06 LossCover: 0 Lambda_CVT: 0.3405616
20	20	1045.803	1.19255e-05	0.0005400336
filepath = /home/yiming/research/CWF/data/Bunny/Ours_10000_bunny_Iter23_RVD.obj
energy: 0.0005133259 LossCVT: 0.001557658 LossQE: 9.37124e-06 LossCover: 0 Lambda_CVT: 0.3235335
21	21	1097.485	1.205872e-05	0.0005133259
filepath = /home/yiming/research/CWF/data/Bunny/Ours_10000_bunny_Iter24_RVD.obj
energy: 0.0004879503 LossCVT: 0.001557242 LossQE: 9.321237e-06 LossCover: 0 Lambda_CVT: 0.3073569
22	22	1148.995	1.017131e-05	0.0004879503
filepath = /home/yiming/research/CWF/data/Bunny/Ours_10000_bunny_Iter25_RVD.obj
energy: 0.0004639216 LossCVT: 0.001557149 LossQE: 9.251154e-06 LossCover: 0 Lambda_CVT: 0.291989
23	23	1201.159	1.121014e-05	0.0004639216
filepath = /home/yiming/research/CWF/data/Bunny/Ours_10000_bunny_Iter26_RVD.obj
energy: 0.0004410731 LossCVT: 0.001556966 LossQE: 9.186964e-06 LossCover: 0 Lambda_CVT: 0.2773896
24	24	1251.388	8.301959e-06	0.0004410731
filepath = /home/yiming/research/CWF/data/Bunny/Ours_10000_bunny_Iter27_RVD.obj
energy: 0.0004193777 LossCVT: 0.001556934 LossQE: 9.094411e-06 LossCover: 0 Lambda_CVT: 0.2635201
25	25	1301.603	8.819308e-06	0.0004193777
filepath = /home/yiming/research/CWF/data/Bunny/Ours_10000_bunny_Iter28_RVD.obj
energy: 0.0003987876 LossCVT: 0.001556867 LossQE: 9.03507e-06 LossCover: 0 Lambda_CVT: 0.2503441
26	26	1352.291	8.299574e-06	0.0003987876
filepath = /home/yiming/research/CWF/data/Bunny/Ours_10000_bunny_Iter29_RVD.obj
energy: 0.0003792298 LossCVT: 0.001556811 LossQE: 8.978323e-06 LossCover: 0 Lambda_CVT: 0.2378269
27	27	1399.448	7.819824e-06	0.0003792298
filepath = /home/yiming/research/CWF/data/Bunny/Ours_10000_bunny_Iter30_RVD.obj
energy: 0.0003606487 LossCVT: 0.001556704 LossQE: 8.933994e-06 LossCover: 0 Lambda_CVT: 0.2259355
28	28	1446.991	6.684016e-06	0.0003606487
filepath = /home/yiming/research/CWF/data/Bunny/Ours_10000_bunny_Iter31_RVD.obj
energy: 0.000343033 LossCVT: 0.001556922 LossQE: 8.857125e-06 LossCover: 0 Lambda_CVT: 0.2146388
29	29	1496.88	6.931625e-06	0.000343033
filepath = /home/yiming/research/CWF/data/Bunny/Ours_10000_bunny_Iter32_RVD.obj
energy: 0.0003262822 LossCVT: 0.001556869 LossQE: 8.825975e-06 LossCover: 0 Lambda_CVT: 0.2039068
30	30	1545.02	6.852666e-06	0.0003262822
filepath = /home/yiming/research/CWF/data/Bunny/Ours_10000_bunny_Iter33_RVD.obj
energy: 0.0003103642 LossCVT: 0.001556943 LossQE: 8.766545e-06 LossCover: 0 Lambda_CVT: 0.1937115
31	31	1595.361	6.309933e-06	0.0003103642
filepath = /home/yiming/research/CWF/data/Bunny/Ours_10000_bunny_Iter34_RVD.obj
energy: 0.000295271 LossCVT: 0.001557203 LossQE: 8.705261e-06 LossCover: 0 Lambda_CVT: 0.1840259
32	32	1648.169	7.551927e-06	0.000295271
filepath = /home/yiming/research/CWF/data/Bunny/Ours_10000_bunny_Iter35_RVD.obj
energy: 0.0002809293 LossCVT: 0.00155742 LossQE: 8.653864e-06 LossCover: 0 Lambda_CVT: 0.1748246
33	33	1696.971	6.332504e-06	0.0002809293
filepath = /home/yiming/research/CWF/data/Bunny/Ours_10000_bunny_Iter36_RVD.obj
energy: 0.0002673018 LossCVT: 0.001557623 LossQE: 8.606476e-06 LossCover: 0 Lambda_CVT: 0.1660834
34	34	1750.893	5.821322e-06	0.0002673018
filepath = /home/yiming/research/CWF/data/Bunny/Ours_10000_bunny_Iter37_RVD.obj
energy: 0.0002543899 LossCVT: 0.0015582 LossQE: 8.538238e-06 LossCover: 0 Lambda_CVT: 0.1577792
35	35	1801.603	6.376936e-06	0.0002543899
filepath = /home/yiming/research/CWF/data/Bunny/Ours_10000_bunny_Iter38_RVD.obj
energy: 0.0002421125 LossCVT: 0.001558671 LossQE: 8.48296e-06 LossCover: 0 Lambda_CVT: 0.1498903
36	36	1848.369	6.706473e-06	0.0002421125
filepath = /home/yiming/research/CWF/data/Bunny/Ours_10000_bunny_Iter39_RVD.obj
energy: 0.0002304251 LossCVT: 0.001558887 LossQE: 8.446309e-06 LossCover: 0 Lambda_CVT: 0.1423957
37	37	1903.323	5.800619e-06	0.0002304251
filepath = /home/yiming/research/CWF/data/Bunny/Ours_10000_bunny_Iter40_RVD.obj
energy: 0.000219302 LossCVT: 0.001558894 LossQE: 8.421176e-06 LossCover: 0 Lambda_CVT: 0.135276
38	38	1953.258	5.254675e-06	0.000219302
filepath = /home/yiming/research/CWF/data/Bunny/Ours_10000_bunny_Iter41_RVD.obj
energy: 0.0002087863 LossCVT: 0.001559588 LossQE: 8.360273e-06 LossCover: 0 Lambda_CVT: 0.1285122
39	39	2004.062	6.367261e-06	0.0002087863
filepath = /home/yiming/research/CWF/data/Bunny/Ours_10000_bunny_Iter42_RVD.obj
energy: 0.0001987723 LossCVT: 0.001560143 LossQE: 8.299731e-06 LossCover: 0 Lambda_CVT: 0.1220865
40	40	2054.011	6.213563e-06	0.0001987723
filepath = /home/yiming/research/CWF/data/Bunny/Ours_10000_bunny_Iter43_RVD.obj
energy: 0.0001892912 LossCVT: 0.001561228 LossQE: 8.216428e-06 LossCover: 0 Lambda_CVT: 0.1159822
41	41	2105.5	7.045562e-06	0.0001892912
filepath = /home/yiming/research/CWF/data/Bunny/Ours_10000_bunny_Iter44_RVD.obj
energy: 0.0001802124 LossCVT: 0.001561272 LossQE: 8.186613e-06 LossCover: 0 Lambda_CVT: 0.1101831
42	42	2152.969	6.040711e-06	0.0001802124
filepath = /home/yiming/research/CWF/data/Bunny/Ours_10000_bunny_Iter45_RVD.obj
energy: 0.0001715739 LossCVT: 0.001561118 LossQE: 8.165489e-06 LossCover: 0 Lambda_CVT: 0.104674
43	43	2204.251	5.247512e-06	0.0001715739
filepath = /home/yiming/research/CWF/data/Bunny/Ours_10000_bunny_Iter46_RVD.obj
energy: 0.0001634211 LossCVT: 0.001561915 LossQE: 8.103966e-06 LossCover: 0 Lambda_CVT: 0.09944026
44	44	2254.249	6.474242e-06	0.0001634211
filepath = /home/yiming/research/CWF/data/Bunny/Ours_10000_bunny_Iter47_RVD.obj
energy: 0.0001556724 LossCVT: 0.00156291 LossQE: 8.026988e-06 LossCover: 0 Lambda_CVT: 0.09446824
45	45	2302.112	6.117821e-06	0.0001556724
filepath = /home/yiming/research/CWF/data/Bunny/Ours_10000_bunny_Iter48_RVD.obj
energy: 0.0001483161 LossCVT: 0.001564164 LossQE: 7.940551e-06 LossCover: 0 Lambda_CVT: 0.08974483
46	46	2349.871	6.008778e-06	0.0001483161
filepath = /home/yiming/research/CWF/data/Bunny/Ours_10000_bunny_Iter49_RVD.obj
energy: 0.000141297 LossCVT: 0.001564578 LossQE: 7.904835e-06 LossCover: 0 Lambda_CVT: 0.08525759
47	47	2406.22	6.508254e-06	0.000141297
filepath = /home/yiming/research/CWF/data/Bunny/Ours_10000_bunny_Iter50_RVD.obj
energy: 0.000134637 LossCVT: 0.001565166 LossQE: 7.866792e-06 LossCover: 0 Lambda_CVT: 0.08099471
48	48	2460.045	6.791171e-06	0.000134637
filepath = /home/yiming/research/CWF/data/Bunny/Ours_10000_bunny_Iter51_RVD.obj
energy: 0.0001283094 LossCVT: 0.001566087 LossQE: 7.806896e-06 LossCover: 0 Lambda_CVT: 0.07694498
49	49	2508.004	6.620363e-06	0.0001283094
filepath = /home/yiming/research/CWF/data/Bunny/Ours_10000_bunny_Iter52_RVD.obj
energy: 0.0001222738 LossCVT: 0.001566551 LossQE: 7.762466e-06 LossCover: 0 Lambda_CVT: 0.07309773
50	50	2557.46	5.958749e-06	0.0001222738
reach the max itertion time
energy: 0.0001222738 LossCVT: 0.001566551 LossQE: 7.762466e-06 LossCover: 0 Lambda_CVT: 0.07309773
0	0	42.72	5.958749e-06	0.0001222738
energy: 0.0001355486 LossCVT: 0.001679412 LossQE: 1.278744e-05 LossCover: 0 Lambda_CVT: 0.07309773
energy: 0.0001271225 LossCVT: 0.001604113 LossQE: 9.865414e-06 LossCover: 0 Lambda_CVT: 0.07309773
energy: 0.0001238215 LossCVT: 0.001576725 LossQE: 8.566432e-06 LossCover: 0 Lambda_CVT: 0.07309773
energy: 0.0001226607 LossCVT: 0.001569111 LossQE: 7.962282e-06 LossCover: 0 Lambda_CVT: 0.07309773
energy: 0.0001223364 LossCVT: 0.001567102 LossQE: 7.784853e-06 LossCover: 0 Lambda_CVT: 0.07309773
energy: 0.0001222714 LossCVT: 0.001566657 LossQE: 7.752318e-06 LossCover: 0 Lambda_CVT: 0.07309773
1	6	315.9078	7.496908e-06	0.0001222714
reach the max itertion time
cover-only energy: 7.439174e-08 LossCover: 7.439174e-08 maxViolation: 0.0002574974 invalidSeeds: 57 activePoints: 308
cover-active accepted: surrogateEnergy=7.427398e-08 activePoints=308 activeSeeds=57 localInvalidSeeds=57 maxMove=2.68563e-06
cover-only energy: 7.427801e-08 LossCover: 7.427801e-08 maxViolation: 0.0002573748 invalidSeeds: 57 activePoints: 308
cover-active accepted: surrogateEnergy=7.41607e-08 activePoints=308 activeSeeds=57 localInvalidSeeds=57 maxMove=2.685639e-06
cover-only energy: 7.416483e-08 LossCover: 7.416483e-08 maxViolation: 0.000257251 invalidSeeds: 57 activePoints: 308
cover-active accepted: surrogateEnergy=7.404762e-08 activePoints=308 activeSeeds=57 localInvalidSeeds=57 maxMove=2.685652e-06
连续三次invalidSeeds保持不变，退出lossCover优化 (57)
filepath = /home/yiming/research/CWF/data/Bunny/Ours_10000_bunny_RVD.obj
energy: 0.0001222714 LossCVT: 0.001566657 LossQE: 7.752354e-06 LossCover: 0 Lambda_CVT: 0.07309773
0	0	45.02113	7.571516e-06	0.0001222714
energy: 0.0001332284 LossCVT: 0.00163977 LossQE: 1.336492e-05 LossCover: 0 Lambda_CVT: 0.07309773
energy: 0.0001278398 LossCVT: 0.001593778 LossQE: 1.133825e-05 LossCover: 0 Lambda_CVT: 0.07309773
energy: 0.0001245531 LossCVT: 0.001574865 LossQE: 9.434031e-06 LossCover: 0 Lambda_CVT: 0.07309773
energy: 0.0001230853 LossCVT: 0.001568771 LossQE: 8.411735e-06 LossCover: 0 Lambda_CVT: 0.07309773
energy: 0.0001225297 LossCVT: 0.001566986 LossQE: 7.986591e-06 LossCover: 0 Lambda_CVT: 0.07309773
energy: 0.0001223294 LossCVT: 0.001566592 LossQE: 7.815057e-06 LossCover: 0 Lambda_CVT: 0.07309773
energy: 0.0001222691 LossCVT: 0.001566564 LossQE: 7.756867e-06 LossCover: 0 Lambda_CVT: 0.07309773
1	7	360.4682	6.245442e-06	0.0001222691
reach the max itertion time
cover-only energy: 6.268383e-08 LossCover: 6.268383e-08 maxViolation: 0.0002480409 invalidSeeds: 53 activePoints: 303
cover-active accepted: surrogateEnergy=6.259303e-08 activePoints=303 activeSeeds=53 localInvalidSeeds=53 maxMove=2.52653e-06
cover-only energy: 6.258195e-08 LossCover: 6.258195e-08 maxViolation: 0.000247936 invalidSeeds: 53 activePoints: 303
cover-active accepted: surrogateEnergy=6.249131e-08 activePoints=303 activeSeeds=53 localInvalidSeeds=53 maxMove=2.5226e-06
cover-only energy: 6.248029e-08 LossCover: 6.248029e-08 maxViolation: 0.0002478311 invalidSeeds: 53 activePoints: 303
cover-active accepted: surrogateEnergy=6.23898e-08 activePoints=303 activeSeeds=53 localInvalidSeeds=53 maxMove=2.518673e-06
连续三次invalidSeeds保持不变，退出lossCover优化 (53)
filepath = /home/yiming/research/CWF/data/Bunny/Ours_10000_bunny_RVD.obj
energy: 0.0001222691 LossCVT: 0.001566564 LossQE: 7.756889e-06 LossCover: 0 Lambda_CVT: 0.07309773
0	0	40.3087	6.245435e-06	0.0001222691
energy: 0.0001349937 LossCVT: 0.001654766 LossQE: 1.403407e-05 LossCover: 0 Lambda_CVT: 0.07309773
energy: 0.0001287172 LossCVT: 0.001603695 LossQE: 1.149076e-05 LossCover: 0 Lambda_CVT: 0.07309773
energy: 0.0001249753 LossCVT: 0.001577626 LossQE: 9.654462e-06 LossCover: 0 Lambda_CVT: 0.07309773
energy: 0.000123329 LossCVT: 0.001569507 LossQE: 8.601579e-06 LossCover: 0 Lambda_CVT: 0.07309773
energy: 0.0001226287 LossCVT: 0.001567249 LossQE: 8.066291e-06 LossCover: 0 Lambda_CVT: 0.07309773
energy: 0.0001223543 LossCVT: 0.001566714 LossQE: 7.831026e-06 LossCover: 0 Lambda_CVT: 0.07309773
energy: 0.0001222688 LossCVT: 0.001566639 LossQE: 7.751074e-06 LossCover: 0 Lambda_CVT: 0.07309773
1	7	344.4514	6.391703e-06	0.0001222688
reach the max itertion time
cover-only energy: 5.715084e-08 LossCover: 5.715084e-08 maxViolation: 0.0002320582 invalidSeeds: 51 activePoints: 289
cover-active accepted: surrogateEnergy=5.70689e-08 activePoints=289 activeSeeds=51 localInvalidSeeds=51 maxMove=2.512985e-06
cover-only energy: 5.705355e-08 LossCover: 5.705355e-08 maxViolation: 0.0002319442 invalidSeeds: 51 activePoints: 289
cover-active accepted: surrogateEnergy=5.697176e-08 activePoints=289 activeSeeds=51 localInvalidSeeds=51 maxMove=2.509232e-06
cover-only energy: 5.695644e-08 LossCover: 5.695644e-08 maxViolation: 0.0002318301 invalidSeeds: 51 activePoints: 289
cover-active accepted: surrogateEnergy=5.68748e-08 activePoints=289 activeSeeds=51 localInvalidSeeds=51 maxMove=2.505484e-06
连续三次invalidSeeds保持不变，退出lossCover优化 (51)
filepath = /home/yiming/research/CWF/data/Bunny/Ours_10000_bunny_RVD.obj
energy: 0.0001222688 LossCVT: 0.001566639 LossQE: 7.751092e-06 LossCover: 0 Lambda_CVT: 0.07309773
0	0	42.18419	6.391815e-06	0.0001222688
energy: 0.0001336485 LossCVT: 0.001641794 LossQE: 1.363711e-05 LossCover: 0 Lambda_CVT: 0.07309773
energy: 0.0001279401 LossCVT: 0.00159843 LossQE: 1.109843e-05 LossCover: 0 Lambda_CVT: 0.07309773
energy: 0.0001248199 LossCVT: 0.001576596 LossQE: 9.574293e-06 LossCover: 0 Lambda_CVT: 0.07309773
energy: 0.0001232992 LossCVT: 0.00156923 LossQE: 8.592007e-06 LossCover: 0 Lambda_CVT: 0.07309773
energy: 0.0001226167 LossCVT: 0.00156718 LossQE: 8.059403e-06 LossCover: 0 Lambda_CVT: 0.07309773
energy: 0.0001223524 LossCVT: 0.001566697 LossQE: 7.830445e-06 LossCover: 0 Lambda_CVT: 0.07309773
energy: 0.000122268 LossCVT: 0.001566656 LossQE: 7.749023e-06 LossCover: 0 Lambda_CVT: 0.07309773
1	7	354.0377	6.189198e-06	0.000122268
reach the max itertion time
cover-only energy: 6.035225e-08 LossCover: 6.035225e-08 maxViolation: 0.000229837 invalidSeeds: 56 activePoints: 323
cover-active accepted: surrogateEnergy=6.026736e-08 activePoints=323 activeSeeds=56 localInvalidSeeds=56 maxMove=2.49564e-06
cover-only energy: 6.025477e-08 LossCover: 6.025477e-08 maxViolation: 0.000229726 invalidSeeds: 56 activePoints: 323
cover-active accepted: surrogateEnergy=6.017004e-08 activePoints=323 activeSeeds=56 localInvalidSeeds=56 maxMove=2.491521e-06
cover-only energy: 6.015751e-08 LossCover: 6.015751e-08 maxViolation: 0.0002296149 invalidSeeds: 56 activePoints: 323
cover-active accepted: surrogateEnergy=6.007294e-08 activePoints=323 activeSeeds=56 localInvalidSeeds=56 maxMove=2.487407e-06
连续三次invalidSeeds保持不变，退出lossCover优化 (56)
filepath = /home/yiming/research/CWF/data/Bunny/Ours_10000_bunny_RVD.obj
energy: 0.000122268 LossCVT: 0.001566655 LossQE: 7.74904e-06 LossCover: 0 Lambda_CVT: 0.07309773
0	0	43.69439	6.189241e-06	0.000122268
energy: 0.0001332613 LossCVT: 0.001640879 LossQE: 1.331674e-05 LossCover: 0 Lambda_CVT: 0.07309773
energy: 0.000128031 LossCVT: 0.001599862 LossQE: 1.108476e-05 LossCover: 0 Lambda_CVT: 0.07309773
energy: 0.0001249178 LossCVT: 0.001577591 LossQE: 9.599495e-06 LossCover: 0 Lambda_CVT: 0.07309773
energy: 0.0001233193 LossCVT: 0.001569619 LossQE: 8.583703e-06 LossCover: 0 Lambda_CVT: 0.07309773
energy: 0.0001226264 LossCVT: 0.001567387 LossQE: 8.053951e-06 LossCover: 0 Lambda_CVT: 0.07309773
energy: 0.0001223571 LossCVT: 0.001566827 LossQE: 7.825645e-06 LossCover: 0 Lambda_CVT: 0.07309773
energy: 0.0001222657 LossCVT: 0.001566745 LossQE: 7.740176e-06 LossCover: 0 Lambda_CVT: 0.07309773
1	7	358.5761	6.836665e-06	0.0001222657
reach the max itertion time
cover-only energy: 5.679844e-08 LossCover: 5.679844e-08 maxViolation: 0.0002137264 invalidSeeds: 52 activePoints: 288
cover-active accepted: surrogateEnergy=5.689267e-08 activePoints=288 activeSeeds=52 localInvalidSeeds=56 maxMove=2.36048e-06
cover-only energy: 5.669357e-08 LossCover: 5.669357e-08 maxViolation: 0.0002136034 invalidSeeds: 52 activePoints: 288
cover-active accepted: surrogateEnergy=5.678259e-08 activePoints=288 activeSeeds=52 localInvalidSeeds=56 maxMove=2.360414e-06
cover-only energy: 5.658911e-08 LossCover: 5.658911e-08 maxViolation: 0.0002134803 invalidSeeds: 52 activePoints: 288
cover-active accepted: surrogateEnergy=5.667312e-08 activePoints=288 activeSeeds=52 localInvalidSeeds=56 maxMove=2.360348e-06
连续三次invalidSeeds保持不变，退出lossCover优化 (52)
filepath = /home/yiming/research/CWF/data/Bunny/Ours_10000_bunny_RVD.obj
energy: 0.0001222657 LossCVT: 0.001566745 LossQE: 7.740192e-06 LossCover: 0 Lambda_CVT: 0.07309773
0	0	42.79886	6.69716e-06	0.0001222657
energy: 0.0001336013 LossCVT: 0.001640047 LossQE: 1.371758e-05 LossCover: 0 Lambda_CVT: 0.07309773
energy: 0.0001280459 LossCVT: 0.001596975 LossQE: 1.13107e-05 LossCover: 0 Lambda_CVT: 0.07309773
energy: 0.0001247765 LossCVT: 0.001576018 LossQE: 9.57318e-06 LossCover: 0 Lambda_CVT: 0.07309773
energy: 0.0001232497 LossCVT: 0.001569246 LossQE: 8.541348e-06 LossCover: 0 Lambda_CVT: 0.07309773
energy: 0.0001226176 LossCVT: 0.001567317 LossQE: 8.050293e-06 LossCover: 0 Lambda_CVT: 0.07309773
energy: 0.0001223501 LossCVT: 0.001566828 LossQE: 7.818539e-06 LossCover: 0 Lambda_CVT: 0.07309773
energy: 0.0001222644 LossCVT: 0.001566774 LossQE: 7.736726e-06 LossCover: 0 Lambda_CVT: 0.07309773
1	7	356.6595	6.336151e-06	0.0001222644
reach the max itertion time
cover-only energy: 6.15065e-08 LossCover: 6.15065e-08 maxViolation: 0.0002314056 invalidSeeds: 58 activePoints: 341
cover-active accepted: surrogateEnergy=6.159731e-08 activePoints=341 activeSeeds=58 localInvalidSeeds=60 maxMove=2.75261e-06
cover-only energy: 6.140075e-08 LossCover: 6.140075e-08 maxViolation: 0.0002313381 invalidSeeds: 58 activePoints: 341
cover-active accepted: surrogateEnergy=6.148931e-08 activePoints=341 activeSeeds=58 localInvalidSeeds=60 maxMove=2.747806e-06
cover-only energy: 6.129525e-08 LossCover: 6.129525e-08 maxViolation: 0.0002312705 invalidSeeds: 58 activePoints: 341
cover-active accepted: surrogateEnergy=6.13816e-08 activePoints=341 activeSeeds=58 localInvalidSeeds=60 maxMove=2.743007e-06
连续三次invalidSeeds保持不变，退出lossCover优化 (58)
filepath = /home/yiming/research/CWF/data/Bunny/Ours_10000_bunny_RVD.obj
energy: 0.0001222643 LossCVT: 0.001566774 LossQE: 7.736739e-06 LossCover: 0 Lambda_CVT: 0.07309773
0	0	44.51776	6.336146e-06	0.0001222643
energy: 0.0001328007 LossCVT: 0.001637183 LossQE: 1.312626e-05 LossCover: 0 Lambda_CVT: 0.07309773
energy: 0.0001278376 LossCVT: 0.001597398 LossQE: 1.107146e-05 LossCover: 0 Lambda_CVT: 0.07309773
energy: 0.0001248438 LossCVT: 0.001576451 LossQE: 9.608808e-06 LossCover: 0 Lambda_CVT: 0.07309773
energy: 0.0001233032 LossCVT: 0.001569245 LossQE: 8.594986e-06 LossCover: 0 Lambda_CVT: 0.07309773
energy: 0.0001226314 LossCVT: 0.001567285 LossQE: 8.066409e-06 LossCover: 0 Lambda_CVT: 0.07309773
energy: 0.0001223596 LossCVT: 0.00156684 LossQE: 7.827185e-06 LossCover: 0 Lambda_CVT: 0.07309773
energy: 0.000122265 LossCVT: 0.001566813 LossQE: 7.734591e-06 LossCover: 0 Lambda_CVT: 0.07309773
energy: 0.0001222475 LossCVT: 0.00156681 LossQE: 7.717214e-06 LossCover: 0 Lambda_CVT: 0.07309773
1	8	400.2413	4.036536e-06	0.0001222475
reach the max itertion time
cover-only energy: 5.844351e-08 LossCover: 5.844351e-08 maxViolation: 0.0002264576 invalidSeeds: 64 activePoints: 377
cover-active accepted: surrogateEnergy=5.83554e-08 activePoints=377 activeSeeds=64 localInvalidSeeds=64 maxMove=2.511712e-06
cover-only energy: 5.834131e-08 LossCover: 5.834131e-08 maxViolation: 0.0002263796 invalidSeeds: 64 activePoints: 377
cover-active accepted: surrogateEnergy=5.825337e-08 activePoints=377 activeSeeds=64 localInvalidSeeds=64 maxMove=2.507862e-06
cover-only energy: 5.823932e-08 LossCover: 5.823932e-08 maxViolation: 0.0002263015 invalidSeeds: 64 activePoints: 377
cover-active accepted: surrogateEnergy=5.815154e-08 activePoints=377 activeSeeds=64 localInvalidSeeds=64 maxMove=2.504017e-06
连续三次invalidSeeds保持不变，退出lossCover优化 (64)
filepath = /home/yiming/research/CWF/data/Bunny/Ours_10000_bunny_RVD.obj
energy: 0.0001222475 LossCVT: 0.00156681 LossQE: 7.717228e-06 LossCover: 0 Lambda_CVT: 0.07309773
0	0	44.19367	4.036406e-06	0.0001222475
energy: 0.0001340732 LossCVT: 0.001658292 LossQE: 1.285582e-05 LossCover: 0 Lambda_CVT: 0.07309773
energy: 0.0001278166 LossCVT: 0.001604367 LossQE: 1.0541e-05 LossCover: 0 Lambda_CVT: 0.07309773
CWD: "/home/yiming/research/CWF"
====================CWF3DTest
Now file: bunny
10000   bunny   
OBJ: "/home/yiming/research/CWF/data/bunny.obj"
"/home/yiming/research/CWF"
Pts.size(): 10024

Begin CWF.

filepath = /home/yiming/research/CWF/data/Bunny/Ours_10000_bunny_Iter2_RVD.obj
energy: 0.001702226 LossCVT: 0.001776636 LossQE: 1.442179e-05 LossCover: 0 Lambda_CVT: 0.95
0	0	53.56963	0.0005742849	0.001702226
filepath = /home/yiming/research/CWF/data/Bunny/Ours_10000_bunny_Iter3_RVD.obj
energy: 0.001659009 LossCVT: 0.001822345 LossQE: 1.434274e-05 LossCover: 0 Lambda_CVT: 0.9025
1	1	104.8174	0.0007043512	0.001659009
filepath = /home/yiming/research/CWF/data/Bunny/Ours_10000_bunny_Iter4_RVD.obj
energy: 0.001409826 LossCVT: 0.001630952 LossQE: 1.148882e-05 LossCover: 0 Lambda_CVT: 0.857375
2	2	155.8242	0.0002018089	0.001409826
filepath = /home/yiming/research/CWF/data/Bunny/Ours_10000_bunny_Iter5_RVD.obj
energy: 0.001320673 LossCVT: 0.001607622 LossQE: 1.125498e-05 LossCover: 0 Lambda_CVT: 0.8145062
3	3	201.4707	0.0001049475	0.001320673
filepath = /home/yiming/research/CWF/data/Bunny/Ours_10000_bunny_Iter6_RVD.obj
energy: 0.001246461 LossCVT: 0.001596618 LossQE: 1.102879e-05 LossCover: 0 Lambda_CVT: 0.7737809
4	4	249.3627	7.986522e-05	0.001246461
filepath = /home/yiming/research/CWF/data/Bunny/Ours_10000_bunny_Iter7_RVD.obj
energy: 0.001175983 LossCVT: 0.001585121 LossQE: 1.077292e-05 LossCover: 0 Lambda_CVT: 0.7350919
5	5	300.1214	8.62805e-05	0.001175983
filepath = /home/yiming/research/CWF/data/Bunny/Ours_10000_bunny_Iter8_RVD.obj
energy: 0.001112973 LossCVT: 0.001578589 LossQE: 1.058543e-05 LossCover: 0 Lambda_CVT: 0.6983373
6	6	347.3666	5.89309e-05	0.001112973
filepath = /home/yiming/research/CWF/data/Bunny/Ours_10000_bunny_Iter9_RVD.obj
energy: 0.001055315 LossCVT: 0.001574922 LossQE: 1.048005e-05 LossCover: 0 Lambda_CVT: 0.6634204
7	7	399.1898	4.170652e-05	0.001055315
filepath = /home/yiming/research/CWF/data/Bunny/Ours_10000_bunny_Iter10_RVD.obj
energy: 0.001000486 LossCVT: 0.001571045 LossQE: 1.033654e-05 LossCover: 0 Lambda_CVT: 0.6302494
8	8	448.9956	3.902444e-05	0.001000486
filepath = /home/yiming/research/CWF/data/Bunny/Ours_10000_bunny_Iter11_RVD.obj
energy: 0.0009495027 LossCVT: 0.00156872 LossQE: 1.025232e-05 LossCover: 0 Lambda_CVT: 0.5987369
9	9	495.3247	3.512047e-05	0.0009495027
filepath = /home/yiming/research/CWF/data/Bunny/Ours_10000_bunny_Iter12_RVD.obj
energy: 0.0009013102 LossCVT: 0.001566746 LossQE: 1.014474e-05 LossCover: 0 Lambda_CVT: 0.5688001
10	10	542.8983	2.995365e-05	0.0009013102
filepath = /home/yiming/research/CWF/data/Bunny/Ours_10000_bunny_Iter13_RVD.obj
energy: 0.0008557692 LossCVT: 0.001565099 LossQE: 1.005189e-05 LossCover: 0 Lambda_CVT: 0.5403601
11	11	592.9013	2.713858e-05	0.0008557692
filepath = /home/yiming/research/CWF/data/Bunny/Ours_10000_bunny_Iter14_RVD.obj
energy: 0.0008127037 LossCVT: 0.001563721 LossQE: 9.979983e-06 LossCover: 0 Lambda_CVT: 0.5133421
12	12	640.0508	2.213128e-05	0.0008127037
filepath = /home/yiming/research/CWF/data/Bunny/Ours_10000_bunny_Iter15_RVD.obj
energy: 0.0007719664 LossCVT: 0.001562643 LossQE: 9.90461e-06 LossCover: 0 Lambda_CVT: 0.487675
13	13	689.3129	2.536142e-05	0.0007719664
filepath = /home/yiming/research/CWF/data/Bunny/Ours_10000_bunny_Iter16_RVD.obj
energy: 0.0007333208 LossCVT: 0.001561584 LossQE: 9.852446e-06 LossCover: 0 Lambda_CVT: 0.4632912
14	14	734.0658	2.049574e-05	0.0007333208
filepath = /home/yiming/research/CWF/data/Bunny/Ours_10000_bunny_Iter17_RVD.obj
energy: 0.0006967362 LossCVT: 0.001560785 LossQE: 9.79291e-06 LossCover: 0 Lambda_CVT: 0.4401267
15	15	782.0863	1.586374e-05	0.0006967362
filepath = /home/yiming/research/CWF/data/Bunny/Ours_10000_bunny_Iter18_RVD.obj
energy: 0.0006619993 LossCVT: 0.00156005 LossQE: 9.710838e-06 LossCover: 0 Lambda_CVT: 0.4181203
16	16	829.6028	1.540325e-05	0.0006619993
filepath = /home/yiming/research/CWF/data/Bunny/Ours_10000_bunny_Iter19_RVD.obj
energy: 0.0006291197 LossCVT: 0.001559561 LossQE: 9.639913e-06 LossCover: 0 Lambda_CVT: 0.3972143
17	17	877.385	1.675981e-05	0.0006291197
filepath = /home/yiming/research/CWF/data/Bunny/Ours_10000_bunny_Iter20_RVD.obj
energy: 0.0005978426 LossCVT: 0.001558912 LossQE: 9.581689e-06 LossCover: 0 Lambda_CVT: 0.3773536
18	18	925.418	1.279205e-05	0.0005978426
filepath = /home/yiming/research/CWF/data/Bunny/Ours_10000_bunny_Iter21_RVD.obj
energy: 0.0005681561 LossCVT: 0.001558364 LossQE: 9.504469e-06 LossCover: 0 Lambda_CVT: 0.3584859
19	19	973.7966	1.189088e-05	0.0005681561
filepath = /home/yiming/research/CWF/data/Bunny/Ours_10000_bunny_Iter22_RVD.obj
energy: 0.0005400336 LossCVT: 0.001558049 LossQE: 9.421747e-06 LossCover: 0 Lambda_CVT: 0.3405616
20	20	1019.108	1.19255e-05	0.0005400336
filepath = /home/yiming/research/CWF/data/Bunny/Ours_10000_bunny_Iter23_RVD.obj
energy: 0.0005133259 LossCVT: 0.001557658 LossQE: 9.37124e-06 LossCover: 0 Lambda_CVT: 0.3235335
21	21	1068.695	1.205872e-05	0.0005133259
filepath = /home/yiming/research/CWF/data/Bunny/Ours_10000_bunny_Iter24_RVD.obj
energy: 0.0004879503 LossCVT: 0.001557242 LossQE: 9.321237e-06 LossCover: 0 Lambda_CVT: 0.3073569
22	22	1115.885	1.017131e-05	0.0004879503
filepath = /home/yiming/research/CWF/data/Bunny/Ours_10000_bunny_Iter25_RVD.obj
energy: 0.0004639216 LossCVT: 0.001557149 LossQE: 9.251154e-06 LossCover: 0 Lambda_CVT: 0.291989
23	23	1159.707	1.121014e-05	0.0004639216
filepath = /home/yiming/research/CWF/data/Bunny/Ours_10000_bunny_Iter26_RVD.obj
energy: 0.0004410731 LossCVT: 0.001556966 LossQE: 9.186964e-06 LossCover: 0 Lambda_CVT: 0.2773896
24	24	1208.964	8.301959e-06	0.0004410731
filepath = /home/yiming/research/CWF/data/Bunny/Ours_10000_bunny_Iter27_RVD.obj
energy: 0.0004193777 LossCVT: 0.001556934 LossQE: 9.094411e-06 LossCover: 0 Lambda_CVT: 0.2635201
25	25	1257.7	8.819308e-06	0.0004193777
filepath = /home/yiming/research/CWF/data/Bunny/Ours_10000_bunny_Iter28_RVD.obj
energy: 0.0003987876 LossCVT: 0.001556867 LossQE: 9.03507e-06 LossCover: 0 Lambda_CVT: 0.2503441
26	26	1303.617	8.299574e-06	0.0003987876
filepath = /home/yiming/research/CWF/data/Bunny/Ours_10000_bunny_Iter29_RVD.obj
energy: 0.0003792298 LossCVT: 0.001556811 LossQE: 8.978323e-06 LossCover: 0 Lambda_CVT: 0.2378269
27	27	1352.715	7.819824e-06	0.0003792298
filepath = /home/yiming/research/CWF/data/Bunny/Ours_10000_bunny_Iter30_RVD.obj
energy: 0.0003606487 LossCVT: 0.001556704 LossQE: 8.933994e-06 LossCover: 0 Lambda_CVT: 0.2259355
28	28	1400.236	6.684016e-06	0.0003606487
filepath = /home/yiming/research/CWF/data/Bunny/Ours_10000_bunny_Iter31_RVD.obj
energy: 0.000343033 LossCVT: 0.001556922 LossQE: 8.857125e-06 LossCover: 0 Lambda_CVT: 0.2146388
29	29	1448.292	6.931625e-06	0.000343033
filepath = /home/yiming/research/CWF/data/Bunny/Ours_10000_bunny_Iter32_RVD.obj
energy: 0.0003262822 LossCVT: 0.001556869 LossQE: 8.825975e-06 LossCover: 0 Lambda_CVT: 0.2039068
30	30	1497.443	6.852666e-06	0.0003262822
filepath = /home/yiming/research/CWF/data/Bunny/Ours_10000_bunny_Iter33_RVD.obj
energy: 0.0003103642 LossCVT: 0.001556943 LossQE: 8.766545e-06 LossCover: 0 Lambda_CVT: 0.1937115
31	31	1544.255	6.309933e-06	0.0003103642
filepath = /home/yiming/research/CWF/data/Bunny/Ours_10000_bunny_Iter34_RVD.obj
energy: 0.000295271 LossCVT: 0.001557203 LossQE: 8.705261e-06 LossCover: 0 Lambda_CVT: 0.1840259
32	32	1593.31	7.551927e-06	0.000295271
filepath = /home/yiming/research/CWF/data/Bunny/Ours_10000_bunny_Iter35_RVD.obj
energy: 0.0002809293 LossCVT: 0.00155742 LossQE: 8.653864e-06 LossCover: 0 Lambda_CVT: 0.1748246
33	33	1642.321	6.332504e-06	0.0002809293
filepath = /home/yiming/research/CWF/data/Bunny/Ours_10000_bunny_Iter36_RVD.obj
energy: 0.0002673018 LossCVT: 0.001557623 LossQE: 8.606476e-06 LossCover: 0 Lambda_CVT: 0.1660834
34	34	1689.753	5.821322e-06	0.0002673018
filepath = /home/yiming/research/CWF/data/Bunny/Ours_10000_bunny_Iter37_RVD.obj
energy: 0.0002543899 LossCVT: 0.0015582 LossQE: 8.538238e-06 LossCover: 0 Lambda_CVT: 0.1577792
35	35	1736.157	6.376936e-06	0.0002543899
filepath = /home/yiming/research/CWF/data/Bunny/Ours_10000_bunny_Iter38_RVD.obj
energy: 0.0002421125 LossCVT: 0.001558671 LossQE: 8.48296e-06 LossCover: 0 Lambda_CVT: 0.1498903
36	36	1786.852	6.706473e-06	0.0002421125
filepath = /home/yiming/research/CWF/data/Bunny/Ours_10000_bunny_Iter39_RVD.obj
energy: 0.0002304251 LossCVT: 0.001558887 LossQE: 8.446309e-06 LossCover: 0 Lambda_CVT: 0.1423957
37	37	1835.186	5.800619e-06	0.0002304251
filepath = /home/yiming/research/CWF/data/Bunny/Ours_10000_bunny_Iter40_RVD.obj
energy: 0.000219302 LossCVT: 0.001558894 LossQE: 8.421176e-06 LossCover: 0 Lambda_CVT: 0.135276
38	38	1886.671	5.254675e-06	0.000219302
filepath = /home/yiming/research/CWF/data/Bunny/Ours_10000_bunny_Iter41_RVD.obj
energy: 0.0002087863 LossCVT: 0.001559588 LossQE: 8.360273e-06 LossCover: 0 Lambda_CVT: 0.1285122
39	39	1934.699	6.367261e-06	0.0002087863
filepath = /home/yiming/research/CWF/data/Bunny/Ours_10000_bunny_Iter42_RVD.obj
energy: 0.0001987723 LossCVT: 0.001560143 LossQE: 8.299731e-06 LossCover: 0 Lambda_CVT: 0.1220865
40	40	1984.79	6.213563e-06	0.0001987723
filepath = /home/yiming/research/CWF/data/Bunny/Ours_10000_bunny_Iter43_RVD.obj
energy: 0.0001892912 LossCVT: 0.001561228 LossQE: 8.216428e-06 LossCover: 0 Lambda_CVT: 0.1159822
41	41	2031.559	7.045562e-06	0.0001892912
filepath = /home/yiming/research/CWF/data/Bunny/Ours_10000_bunny_Iter44_RVD.obj
energy: 0.0001802124 LossCVT: 0.001561272 LossQE: 8.186613e-06 LossCover: 0 Lambda_CVT: 0.1101831
42	42	2081.232	6.040711e-06	0.0001802124
filepath = /home/yiming/research/CWF/data/Bunny/Ours_10000_bunny_Iter45_RVD.obj
energy: 0.0001715739 LossCVT: 0.001561118 LossQE: 8.165489e-06 LossCover: 0 Lambda_CVT: 0.104674
43	43	2129.529	5.247512e-06	0.0001715739
filepath = /home/yiming/research/CWF/data/Bunny/Ours_10000_bunny_Iter46_RVD.obj
energy: 0.0001634211 LossCVT: 0.001561915 LossQE: 8.103966e-06 LossCover: 0 Lambda_CVT: 0.09944026
44	44	2180.291	6.474242e-06	0.0001634211
filepath = /home/yiming/research/CWF/data/Bunny/Ours_10000_bunny_Iter47_RVD.obj
energy: 0.0001556724 LossCVT: 0.00156291 LossQE: 8.026988e-06 LossCover: 0 Lambda_CVT: 0.09446824
45	45	2228.28	6.117821e-06	0.0001556724
filepath = /home/yiming/research/CWF/data/Bunny/Ours_10000_bunny_Iter48_RVD.obj
energy: 0.0001483161 LossCVT: 0.001564164 LossQE: 7.940551e-06 LossCover: 0 Lambda_CVT: 0.08974483
46	46	2279.361	6.008778e-06	0.0001483161
filepath = /home/yiming/research/CWF/data/Bunny/Ours_10000_bunny_Iter49_RVD.obj
energy: 0.000141297 LossCVT: 0.001564578 LossQE: 7.904835e-06 LossCover: 0 Lambda_CVT: 0.08525759
47	47	2326.461	6.508254e-06	0.000141297
filepath = /home/yiming/research/CWF/data/Bunny/Ours_10000_bunny_Iter50_RVD.obj
energy: 0.000134637 LossCVT: 0.001565166 LossQE: 7.866792e-06 LossCover: 0 Lambda_CVT: 0.08099471
48	48	2373.562	6.791171e-06	0.000134637
filepath = /home/yiming/research/CWF/data/Bunny/Ours_10000_bunny_Iter51_RVD.obj
energy: 0.0001283094 LossCVT: 0.001566087 LossQE: 7.806896e-06 LossCover: 0 Lambda_CVT: 0.07694498
49	49	2425.131	6.620363e-06	0.0001283094
filepath = /home/yiming/research/CWF/data/Bunny/Ours_10000_bunny_Iter52_RVD.obj
energy: 0.0001222738 LossCVT: 0.001566551 LossQE: 7.762466e-06 LossCover: 0 Lambda_CVT: 0.07309773
50	50	2472.914	5.958749e-06	0.0001222738
reach the max itertion time
[state] saved: /home/yiming/research/CWF/data/Bunny/State_10000_bunny.bin qem_iterations_done=50 epsilon=0.07309773
energy: 0.0001222738 LossCVT: 0.001566551 LossQE: 7.762466e-06 LossCover: 0 Lambda_CVT: 0.07309773
0	0	47.04897	5.840034e-06	0.0001222738
energy: 0.0001378728 LossCVT: 0.001690613 LossQE: 1.429281e-05 LossCover: 0 Lambda_CVT: 0.07309773
energy: 0.0001289265 LossCVT: 0.001610853 LossQE: 1.11768e-05 LossCover: 0 Lambda_CVT: 0.07309773
energy: 0.0001247123 LossCVT: 0.00157923 LossQE: 9.274146e-06 LossCover: 0 Lambda_CVT: 0.07309773
energy: 0.0001230974 LossCVT: 0.001569658 LossQE: 8.358925e-06 LossCover: 0 Lambda_CVT: 0.07309773
energy: 0.0001225239 LossCVT: 0.001567037 LossQE: 7.977061e-06 LossCover: 0 Lambda_CVT: 0.07309773
energy: 0.0001223346 LossCVT: 0.00156653 LossQE: 7.824832e-06 LossCover: 0 Lambda_CVT: 0.07309773
energy: 0.0001222801 LossCVT: 0.001566485 LossQE: 7.773615e-06 LossCover: 0 Lambda_CVT: 0.07309773
energy: 0.0001222701 LossCVT: 0.001566503 LossQE: 7.762225e-06 LossCover: 0 Lambda_CVT: 0.07309773
1	8	412.0541	5.778856e-06	0.0001222701
reach the max itertion time
cover-only energy: 5.049724e-08 LossCover: 5.049724e-08 maxViolation: 0.0001755098 invalidSeeds: 56 activePoints: 313
cover-active accepted: surrogateEnergy=5.041949e-08 activePoints=313 activeSeeds=56 localInvalidSeeds=62 maxMove=2.531704e-06
cover-only energy: 5.040421e-08 LossCover: 5.040421e-08 maxViolation: 0.0001754421 invalidSeeds: 56 activePoints: 313
cover-active accepted: surrogateEnergy=5.032594e-08 activePoints=313 activeSeeds=56 localInvalidSeeds=62 maxMove=2.527921e-06
CWD: "/home/yiming/research/CWF"
====================CWF3DTest
Now file: bunny
10000   bunny   
OBJ: "/home/yiming/research/CWF/data/bunny.obj"
"/home/yiming/research/CWF"
Pts.size(): 10024

Begin CWF.

[state] loaded: /home/yiming/research/CWF/data/Bunny/State_10000_bunny.bin qem_iterations_done=50 epsilon=0.0730977
cover-only energy: 0.0005217946 LossCover: 0.0005217946 maxViolation: 0.0001706405 invalidSeeds: 60 activePoints: 356
cover-active accepted: surrogateEnergy=0.0004600116 activePoints=356 activeSeeds=60 localInvalidSeeds=62 maxMove=0.0001041506
cover-only energy: 0.0004598812 LossCover: 0.0004598812 maxViolation: 0.0001668296 invalidSeeds: 44 activePoints: 267
cover-active accepted: surrogateEnergy=0.0004037621 activePoints=267 activeSeeds=44 localInvalidSeeds=44 maxMove=0.0001041499
cover-only energy: 0.0004148702 LossCover: 0.0004148702 maxViolation: 0.0001638557 invalidSeeds: 42 activePoints: 244
cover-active accepted: surrogateEnergy=0.0003611706 activePoints=244 activeSeeds=42 localInvalidSeeds=42 maxMove=0.0001041499
cover-only energy: 0.0003745458 LossCover: 0.0003745458 maxViolation: 0.0001599123 invalidSeeds: 40 activePoints: 234
cover-active accepted: surrogateEnergy=0.0003225153 activePoints=234 activeSeeds=40 localInvalidSeeds=40 maxMove=0.0001041502
cover-only energy: 0.0003372388 LossCover: 0.0003372388 maxViolation: 0.0001566809 invalidSeeds: 38 activePoints: 221
cover-active accepted: surrogateEnergy=0.0002885521 activePoints=221 activeSeeds=38 localInvalidSeeds=38 maxMove=0.0001041504
cover-only energy: 0.0003017222 LossCover: 0.0003017222 maxViolation: 0.0001524339 invalidSeeds: 32 activePoints: 209
cover-active accepted: surrogateEnergy=0.0002569929 activePoints=209 activeSeeds=32 localInvalidSeeds=32 maxMove=0.0001041507
cover-only energy: 0.0002738981 LossCover: 0.0002738981 maxViolation: 0.0001483428 invalidSeeds: 30 activePoints: 187
cover-active accepted: surrogateEnergy=0.0002301923 activePoints=187 activeSeeds=30 localInvalidSeeds=30 maxMove=0.0001041509
cover-only energy: 0.0002512319 LossCover: 0.0002512319 maxViolation: 0.000143645 invalidSeeds: 32 activePoints: 182
cover-active accepted: surrogateEnergy=0.0002075001 activePoints=182 activeSeeds=32 localInvalidSeeds=32 maxMove=0.0001041514
cover-only energy: 0.0002353982 LossCover: 0.0002353982 maxViolation: 0.0001393225 invalidSeeds: 28 activePoints: 172
cover-active accepted: surrogateEnergy=0.0001842943 activePoints=172 activeSeeds=28 localInvalidSeeds=28 maxMove=0.0001041518
cover-only energy: 0.000209116 LossCover: 0.000209116 maxViolation: 0.0001344175 invalidSeeds: 30 activePoints: 180
cover-active accepted: surrogateEnergy=0.0001614289 activePoints=180 activeSeeds=30 localInvalidSeeds=30 maxMove=0.0001041524
filepath = /home/yiming/research/CWF/data/Bunny/Ours_10000_bunny_RVD.obj
[state] saved: /home/yiming/research/CWF/data/Bunny/State_10000_bunny.bin qem_iterations_done=50 epsilon=0.07309773
energy: 0.0001222814 LossCVT: 0.001566518 LossQE: 7.77244e-06 LossCover: 0 Lambda_CVT: 0.07309773
0	0	42.15817	6.474833e-06	0.0001222814
energy: 0.0001365015 LossCVT: 0.001678379 LossQE: 1.381582e-05 LossCover: 0 Lambda_CVT: 0.07309773
energy: 0.0001284352 LossCVT: 0.001606512 LossQE: 1.100284e-05 LossCover: 0 Lambda_CVT: 0.07309773
energy: 0.0001246636 LossCVT: 0.001578711 LossQE: 9.263417e-06 LossCover: 0 Lambda_CVT: 0.07309773
energy: 0.0001230772 LossCVT: 0.001569563 LossQE: 8.345729e-06 LossCover: 0 Lambda_CVT: 0.07309773
energy: 0.0001225165 LossCVT: 0.001567012 LossQE: 7.971449e-06 LossCover: 0 Lambda_CVT: 0.07309773
energy: 0.0001223331 LossCVT: 0.001566508 LossQE: 7.824889e-06 LossCover: 0 Lambda_CVT: 0.07309773
energy: 0.0001222818 LossCVT: 0.001566459 LossQE: 7.777204e-06 LossCover: 0 Lambda_CVT: 0.07309773
energy: 0.000122274 LossCVT: 0.001566476 LossQE: 7.768137e-06 LossCover: 0 Lambda_CVT: 0.07309773
1	8	383.3204	5.772704e-06	0.000122274
reach the max itertion time
filepath = /home/yiming/research/CWF/data/Bunny/Ours_10000_bunny_RVD.obj
[state] saved: /home/yiming/research/CWF/data/Bunny/State_10000_bunny.bin qem_iterations_done=51 epsilon=0.07309773
cover-only energy: 0.0002357074 LossCover: 0.0002357074 maxViolation: 0.0001365272 invalidSeeds: 34 activePoints: 207
cover-active accepted: surrogateEnergy=0.0001984078 activePoints=207 activeSeeds=34 localInvalidSeeds=34 maxMove=0.0001041477
cover-only energy: 0.0002020148 LossCover: 0.0002020148 maxViolation: 0.0001321451 invalidSeeds: 26 activePoints: 156
cover-active accepted: surrogateEnergy=0.0001628157 activePoints=156 activeSeeds=26 localInvalidSeeds=26 maxMove=0.0001041478
cover-only energy: 0.0001781234 LossCover: 0.0001781234 maxViolation: 0.000127212 invalidSeeds: 22 activePoints: 131
cover-active accepted: surrogateEnergy=0.0001454801 activePoints=131 activeSeeds=22 localInvalidSeeds=22 maxMove=0.000104148
cover-only energy: 0.0001752092 LossCover: 0.0001752092 maxViolation: 0.0001229181 invalidSeeds: 24 activePoints: 122
cover-active accepted: surrogateEnergy=0.0001350245 activePoints=122 activeSeeds=24 localInvalidSeeds=24 maxMove=0.0001041484
cover-only energy: 0.0001518245 LossCover: 0.0001518245 maxViolation: 0.000118405 invalidSeeds: 18 activePoints: 115
cover-active accepted: surrogateEnergy=0.0001228271 activePoints=115 activeSeeds=18 localInvalidSeeds=18 maxMove=0.000104149
cover-only energy: 0.0001279954 LossCover: 0.0001279954 maxViolation: 0.0001132393 invalidSeeds: 14 activePoints: 89
cover-active accepted: surrogateEnergy=0.0001102841 activePoints=89 activeSeeds=14 localInvalidSeeds=14 maxMove=0.0001041494
cover-only energy: 0.0001280369 LossCover: 0.0001280369 maxViolation: 0.0001087852 invalidSeeds: 20 activePoints: 98
cover-active accepted: surrogateEnergy=0.0001013512 activePoints=98 activeSeeds=20 localInvalidSeeds=20 maxMove=0.0001041497
cover-only energy: 0.0001065455 LossCover: 0.0001065455 maxViolation: 0.0001042168 invalidSeeds: 12 activePoints: 75
cover-active accepted: surrogateEnergy=9.043689e-05 activePoints=75 activeSeeds=12 localInvalidSeeds=12 maxMove=0.0001041499
cover-only energy: 9.646566e-05 LossCover: 9.646566e-05 maxViolation: 9.887621e-05 invalidSeeds: 12 activePoints: 75
cover-active accepted: surrogateEnergy=7.987409e-05 activePoints=75 activeSeeds=12 localInvalidSeeds=12 maxMove=0.0001041502
cover-only energy: 8.738293e-05 LossCover: 8.738293e-05 maxViolation: 9.420736e-05 invalidSeeds: 16 activePoints: 83
cover-active accepted: surrogateEnergy=7.155127e-05 activePoints=83 activeSeeds=16 localInvalidSeeds=16 maxMove=0.0001041506
filepath = /home/yiming/research/CWF/data/Bunny/Ours_10000_bunny_RVD.obj
[state] saved: /home/yiming/research/CWF/data/Bunny/State_10000_bunny.bin qem_iterations_done=51 epsilon=0.07309773
energy: 0.0001222799 LossCVT: 0.001566467 LossQE: 7.774673e-06 LossCover: 0 Lambda_CVT: 0.07309773
0	0	41.81556	6.015341e-06	0.0001222799
energy: 0.0001368748 LossCVT: 0.001678583 LossQE: 1.417419e-05 LossCover: 0 Lambda_CVT: 0.07309773
energy: 0.0001288841 LossCVT: 0.001609256 LossQE: 1.125117e-05 LossCover: 0 Lambda_CVT: 0.07309773
energy: 0.0001248412 LossCVT: 0.001579383 LossQE: 9.391866e-06 LossCover: 0 Lambda_CVT: 0.07309773
energy: 0.0001231371 LossCVT: 0.001569959 LossQE: 8.3767e-06 LossCover: 0 Lambda_CVT: 0.07309773
energy: 0.000122537 LossCVT: 0.001567197 LossQE: 7.97849e-06 LossCover: 0 Lambda_CVT: 0.07309773
energy: 0.0001223356 LossCVT: 0.001566586 LossQE: 7.821724e-06 LossCover: 0 Lambda_CVT: 0.07309773
energy: 0.0001222769 LossCVT: 0.001566488 LossQE: 7.770155e-06 LossCover: 0 Lambda_CVT: 0.07309773
1	7	332.5059	6.661651e-06	0.0001222769
reach the max itertion time
filepath = /home/yiming/research/CWF/data/Bunny/Ours_10000_bunny_RVD.obj
[state] saved: /home/yiming/research/CWF/data/Bunny/State_10000_bunny.bin qem_iterations_done=52 epsilon=0.07309773
cover-only energy: 0.0002144537 LossCover: 0.0002144537 maxViolation: 0.0001488001 invalidSeeds: 34 activePoints: 189
cover-active accepted: surrogateEnergy=0.000167031 activePoints=189 activeSeeds=34 localInvalidSeeds=34 maxMove=0.0001041528
cover-only energy: 0.0001713806 LossCover: 0.0001713806 maxViolation: 0.0001445713 invalidSeeds: 26 activePoints: 145
cover-active accepted: surrogateEnergy=0.000143922 activePoints=145 activeSeeds=26 localInvalidSeeds=26 maxMove=0.000104153
cover-only energy: 0.0001503378 LossCover: 0.0001503378 maxViolation: 0.0001399928 invalidSeeds: 20 activePoints: 121
cover-active accepted: surrogateEnergy=0.000126825 activePoints=121 activeSeeds=20 localInvalidSeeds=20 maxMove=0.0001041532
cover-only energy: 0.000144989 LossCover: 0.000144989 maxViolation: 0.0001350782 invalidSeeds: 22 activePoints: 124
cover-active accepted: surrogateEnergy=0.0001111885 activePoints=124 activeSeeds=22 localInvalidSeeds=22 maxMove=0.0001041535
cover-only energy: 0.0001181284 LossCover: 0.0001181284 maxViolation: 0.0001300225 invalidSeeds: 16 activePoints: 102
cover-active accepted: surrogateEnergy=9.675256e-05 activePoints=102 activeSeeds=16 localInvalidSeeds=16 maxMove=0.0001041537
cover-only energy: 0.0001065256 LossCover: 0.0001065256 maxViolation: 0.0001245219 invalidSeeds: 18 activePoints: 106
cover-active accepted: surrogateEnergy=8.658572e-05 activePoints=106 activeSeeds=18 localInvalidSeeds=18 maxMove=0.0001041542
cover-only energy: 9.612388e-05 LossCover: 9.612388e-05 maxViolation: 0.0001185109 invalidSeeds: 14 activePoints: 89
cover-active accepted: surrogateEnergy=7.7664e-05 activePoints=89 activeSeeds=14 localInvalidSeeds=14 maxMove=0.0001041548
cover-only energy: 9.972999e-05 LossCover: 9.972999e-05 maxViolation: 0.0001119102 invalidSeeds: 14 activePoints: 79
cover-active accepted: surrogateEnergy=7.071653e-05 activePoints=79 activeSeeds=14 localInvalidSeeds=14 maxMove=0.0001041553
cover-only energy: 8.253449e-05 LossCover: 8.253449e-05 maxViolation: 0.0001046145 invalidSeeds: 14 activePoints: 82
cover-active accepted: surrogateEnergy=6.402722e-05 activePoints=82 activeSeeds=14 localInvalidSeeds=14 maxMove=0.0001041559
连续三次invalidSeeds保持不变，退出lossCover优化 (14)
filepath = /home/yiming/research/CWF/data/Bunny/Ours_10000_bunny_RVD.obj
[state] saved: /home/yiming/research/CWF/data/Bunny/State_10000_bunny.bin qem_iterations_done=52 epsilon=0.07309773
energy: 0.0001222815 LossCVT: 0.001566489 LossQE: 7.774715e-06 LossCover: 0 Lambda_CVT: 0.07309773
0	0	41.47744	6.786733e-06	0.0001222815
energy: 0.0001348424 LossCVT: 0.001654634 LossQE: 1.389242e-05 LossCover: 0 Lambda_CVT: 0.07309773
energy: 0.0001284892 LossCVT: 0.001603231 LossQE: 1.129666e-05 LossCover: 0 Lambda_CVT: 0.07309773
CWD: "/home/yiming/research/CWF"
====================CWF3DTest
Now file: bunny
10000   bunny   
OBJ: "/home/yiming/research/CWF/data/bunny.obj"
"/home/yiming/research/CWF"
Pts.size(): 10024

Begin CWF.

[state] loaded: /home/yiming/research/CWF/data/Bunny/State_10000_bunny.bin qem_iterations_done=52 epsilon=0.0730977
cover-only energy: 4.564887e-09 LossCover: 4.564887e-09 maxViolation: 9.64778e-05 invalidSeeds: 16 activePoints: 85
cover-active accepted: surrogateEnergy=4.538331e-09 activePoints=85 activeSeeds=16 localInvalidSeeds=16 maxMove=2.729736e-06
cover-only energy: 4.55523e-09 LossCover: 4.55523e-09 maxViolation: 9.6321e-05 invalidSeeds: 16 activePoints: 85
cover-active accepted: surrogateEnergy=4.528645e-09 activePoints=85 activeSeeds=16 localInvalidSeeds=16 maxMove=2.732652e-06
cover-only energy: 4.545565e-09 LossCover: 4.545565e-09 maxViolation: 9.616358e-05 invalidSeeds: 16 activePoints: 85
cover-active accepted: surrogateEnergy=4.518952e-09 activePoints=85 activeSeeds=16 localInvalidSeeds=16 maxMove=2.73557e-06
连续三次invalidSeeds保持不变，退出lossCover优化 (16)
filepath = /home/yiming/research/CWF/data/Bunny/Ours_10000_bunny_RVD.obj
energy: 0.0001222815 LossCVT: 0.001566489 LossQE: 7.77473e-06 LossCover: 0 Lambda_CVT: 0.07309773
CWD: "/home/yiming/research/CWF"
====================CWF3DTest
Now file: bunny
10000   bunny   
OBJ: "/home/yiming/research/CWF/data/bunny.obj"
"/home/yiming/research/CWF"
Pts.size(): 10024

Begin CWF.

filepath = /home/yiming/research/CWF/data/Bunny/Ours_10000_bunny_Iter2_RVD.obj
energy: 0.001702226 LossCVT: 0.001776636 LossQE: 1.442179e-05 LossCover: 0 Lambda_CVT: 0.95
0	0	49.44687	0.0005742849	0.001702226
filepath = /home/yiming/research/CWF/data/Bunny/Ours_10000_bunny_Iter3_RVD.obj
energy: 0.001659009 LossCVT: 0.001822345 LossQE: 1.434274e-05 LossCover: 0 Lambda_CVT: 0.9025
1	1	95.63758	0.0007043512	0.001659009
filepath = /home/yiming/research/CWF/data/Bunny/Ours_10000_bunny_Iter4_RVD.obj
energy: 0.001409826 LossCVT: 0.001630952 LossQE: 1.148882e-05 LossCover: 0 Lambda_CVT: 0.857375
2	2	141.1859	0.0002018089	0.001409826
filepath = /home/yiming/research/CWF/data/Bunny/Ours_10000_bunny_Iter5_RVD.obj
energy: 0.001320673 LossCVT: 0.001607622 LossQE: 1.125498e-05 LossCover: 0 Lambda_CVT: 0.8145062
3	3	188.1324	0.0001049475	0.001320673
filepath = /home/yiming/research/CWF/data/Bunny/Ours_10000_bunny_Iter6_RVD.obj
energy: 0.001246461 LossCVT: 0.001596618 LossQE: 1.102879e-05 LossCover: 0 Lambda_CVT: 0.7737809
4	4	235.8254	7.986522e-05	0.001246461
filepath = /home/yiming/research/CWF/data/Bunny/Ours_10000_bunny_Iter7_RVD.obj
energy: 0.001175983 LossCVT: 0.001585121 LossQE: 1.077292e-05 LossCover: 0 Lambda_CVT: 0.7350919
5	5	281.8637	8.62805e-05	0.001175983
filepath = /home/yiming/research/CWF/data/Bunny/Ours_10000_bunny_Iter8_RVD.obj
energy: 0.001112973 LossCVT: 0.001578589 LossQE: 1.058543e-05 LossCover: 0 Lambda_CVT: 0.6983373
6	6	327.8856	5.89309e-05	0.001112973
filepath = /home/yiming/research/CWF/data/Bunny/Ours_10000_bunny_Iter9_RVD.obj
energy: 0.001055315 LossCVT: 0.001574922 LossQE: 1.048005e-05 LossCover: 0 Lambda_CVT: 0.6634204
7	7	374.2746	4.170652e-05	0.001055315
filepath = /home/yiming/research/CWF/data/Bunny/Ours_10000_bunny_Iter10_RVD.obj
energy: 0.001000486 LossCVT: 0.001571045 LossQE: 1.033654e-05 LossCover: 0 Lambda_CVT: 0.6302494
8	8	421.4112	3.902444e-05	0.001000486
filepath = /home/yiming/research/CWF/data/Bunny/Ours_10000_bunny_Iter11_RVD.obj
energy: 0.0009495027 LossCVT: 0.00156872 LossQE: 1.025232e-05 LossCover: 0 Lambda_CVT: 0.5987369
9	9	467.3004	3.512047e-05	0.0009495027
filepath = /home/yiming/research/CWF/data/Bunny/Ours_10000_bunny_Iter12_RVD.obj
energy: 0.0009013102 LossCVT: 0.001566746 LossQE: 1.014474e-05 LossCover: 0 Lambda_CVT: 0.5688001
10	10	512.6439	2.995365e-05	0.0009013102
filepath = /home/yiming/research/CWF/data/Bunny/Ours_10000_bunny_Iter13_RVD.obj
energy: 0.0008557692 LossCVT: 0.001565099 LossQE: 1.005189e-05 LossCover: 0 Lambda_CVT: 0.5403601
11	11	558.1062	2.713858e-05	0.0008557692
filepath = /home/yiming/research/CWF/data/Bunny/Ours_10000_bunny_Iter14_RVD.obj
energy: 0.0008127037 LossCVT: 0.001563721 LossQE: 9.979983e-06 LossCover: 0 Lambda_CVT: 0.5133421
12	12	603.6973	2.213128e-05	0.0008127037
filepath = /home/yiming/research/CWF/data/Bunny/Ours_10000_bunny_Iter15_RVD.obj
energy: 0.0007719664 LossCVT: 0.001562643 LossQE: 9.90461e-06 LossCover: 0 Lambda_CVT: 0.487675
13	13	649.2375	2.536142e-05	0.0007719664
filepath = /home/yiming/research/CWF/data/Bunny/Ours_10000_bunny_Iter16_RVD.obj
energy: 0.0007333208 LossCVT: 0.001561584 LossQE: 9.852446e-06 LossCover: 0 Lambda_CVT: 0.4632912
14	14	695.4279	2.049574e-05	0.0007333208
filepath = /home/yiming/research/CWF/data/Bunny/Ours_10000_bunny_Iter17_RVD.obj
energy: 0.0006967362 LossCVT: 0.001560785 LossQE: 9.79291e-06 LossCover: 0 Lambda_CVT: 0.4401267
15	15	743.0384	1.586374e-05	0.0006967362
filepath = /home/yiming/research/CWF/data/Bunny/Ours_10000_bunny_Iter18_RVD.obj
energy: 0.0006619993 LossCVT: 0.00156005 LossQE: 9.710838e-06 LossCover: 0 Lambda_CVT: 0.4181203
16	16	789.0763	1.540325e-05	0.0006619993
filepath = /home/yiming/research/CWF/data/Bunny/Ours_10000_bunny_Iter19_RVD.obj
energy: 0.0006291197 LossCVT: 0.001559561 LossQE: 9.639913e-06 LossCover: 0 Lambda_CVT: 0.3972143
17	17	834.444	1.675981e-05	0.0006291197
filepath = /home/yiming/research/CWF/data/Bunny/Ours_10000_bunny_Iter20_RVD.obj
energy: 0.0005978426 LossCVT: 0.001558912 LossQE: 9.581689e-06 LossCover: 0 Lambda_CVT: 0.3773536
18	18	879.3075	1.279205e-05	0.0005978426
filepath = /home/yiming/research/CWF/data/Bunny/Ours_10000_bunny_Iter21_RVD.obj
energy: 0.0005681561 LossCVT: 0.001558364 LossQE: 9.504469e-06 LossCover: 0 Lambda_CVT: 0.3584859
19	19	924.4323	1.189088e-05	0.0005681561
filepath = /home/yiming/research/CWF/data/Bunny/Ours_10000_bunny_Iter22_RVD.obj
energy: 0.0005400336 LossCVT: 0.001558049 LossQE: 9.421747e-06 LossCover: 0 Lambda_CVT: 0.3405616
20	20	970.4048	1.19255e-05	0.0005400336
filepath = /home/yiming/research/CWF/data/Bunny/Ours_10000_bunny_Iter23_RVD.obj
energy: 0.0005133259 LossCVT: 0.001557658 LossQE: 9.37124e-06 LossCover: 0 Lambda_CVT: 0.3235335
21	21	1016.017	1.205872e-05	0.0005133259
filepath = /home/yiming/research/CWF/data/Bunny/Ours_10000_bunny_Iter24_RVD.obj
energy: 0.0004879503 LossCVT: 0.001557242 LossQE: 9.321237e-06 LossCover: 0 Lambda_CVT: 0.3073569
22	22	1062.459	1.017131e-05	0.0004879503
filepath = /home/yiming/research/CWF/data/Bunny/Ours_10000_bunny_Iter25_RVD.obj
energy: 0.0004639216 LossCVT: 0.001557149 LossQE: 9.251154e-06 LossCover: 0 Lambda_CVT: 0.291989
23	23	1109.136	1.121014e-05	0.0004639216
filepath = /home/yiming/research/CWF/data/Bunny/Ours_10000_bunny_Iter26_RVD.obj
energy: 0.0004410731 LossCVT: 0.001556966 LossQE: 9.186964e-06 LossCover: 0 Lambda_CVT: 0.2773896
24	24	1155.858	8.301959e-06	0.0004410731
filepath = /home/yiming/research/CWF/data/Bunny/Ours_10000_bunny_Iter27_RVD.obj
energy: 0.0004193777 LossCVT: 0.001556934 LossQE: 9.094411e-06 LossCover: 0 Lambda_CVT: 0.2635201
25	25	1201.219	8.819308e-06	0.0004193777
filepath = /home/yiming/research/CWF/data/Bunny/Ours_10000_bunny_Iter28_RVD.obj
energy: 0.0003987876 LossCVT: 0.001556867 LossQE: 9.03507e-06 LossCover: 0 Lambda_CVT: 0.2503441
26	26	1246.937	8.299574e-06	0.0003987876
filepath = /home/yiming/research/CWF/data/Bunny/Ours_10000_bunny_Iter29_RVD.obj
energy: 0.0003792298 LossCVT: 0.001556811 LossQE: 8.978323e-06 LossCover: 0 Lambda_CVT: 0.2378269
27	27	1291.894	7.819824e-06	0.0003792298
filepath = /home/yiming/research/CWF/data/Bunny/Ours_10000_bunny_Iter30_RVD.obj
energy: 0.0003606487 LossCVT: 0.001556704 LossQE: 8.933994e-06 LossCover: 0 Lambda_CVT: 0.2259355
28	28	1337.618	6.684016e-06	0.0003606487
filepath = /home/yiming/research/CWF/data/Bunny/Ours_10000_bunny_Iter31_RVD.obj
energy: 0.000343033 LossCVT: 0.001556922 LossQE: 8.857125e-06 LossCover: 0 Lambda_CVT: 0.2146388
29	29	1384.408	6.931625e-06	0.000343033
filepath = /home/yiming/research/CWF/data/Bunny/Ours_10000_bunny_Iter32_RVD.obj
energy: 0.0003262822 LossCVT: 0.001556869 LossQE: 8.825975e-06 LossCover: 0 Lambda_CVT: 0.2039068
30	30	1430.676	6.852666e-06	0.0003262822
filepath = /home/yiming/research/CWF/data/Bunny/Ours_10000_bunny_Iter33_RVD.obj
energy: 0.0003103642 LossCVT: 0.001556943 LossQE: 8.766545e-06 LossCover: 0 Lambda_CVT: 0.1937115
31	31	1476.421	6.309933e-06	0.0003103642
filepath = /home/yiming/research/CWF/data/Bunny/Ours_10000_bunny_Iter34_RVD.obj
energy: 0.000295271 LossCVT: 0.001557203 LossQE: 8.705261e-06 LossCover: 0 Lambda_CVT: 0.1840259
32	32	1521.429	7.551927e-06	0.000295271
filepath = /home/yiming/research/CWF/data/Bunny/Ours_10000_bunny_Iter35_RVD.obj
energy: 0.0002809293 LossCVT: 0.00155742 LossQE: 8.653864e-06 LossCover: 0 Lambda_CVT: 0.1748246
33	33	1566.389	6.332504e-06	0.0002809293
filepath = /home/yiming/research/CWF/data/Bunny/Ours_10000_bunny_Iter36_RVD.obj
energy: 0.0002673018 LossCVT: 0.001557623 LossQE: 8.606476e-06 LossCover: 0 Lambda_CVT: 0.1660834
34	34	1612.173	5.821322e-06	0.0002673018
filepath = /home/yiming/research/CWF/data/Bunny/Ours_10000_bunny_Iter37_RVD.obj
energy: 0.0002543899 LossCVT: 0.0015582 LossQE: 8.538238e-06 LossCover: 0 Lambda_CVT: 0.1577792
35	35	1659.151	6.376936e-06	0.0002543899
filepath = /home/yiming/research/CWF/data/Bunny/Ours_10000_bunny_Iter38_RVD.obj
energy: 0.0002421125 LossCVT: 0.001558671 LossQE: 8.48296e-06 LossCover: 0 Lambda_CVT: 0.1498903
36	36	1705.484	6.706473e-06	0.0002421125
filepath = /home/yiming/research/CWF/data/Bunny/Ours_10000_bunny_Iter39_RVD.obj
energy: 0.0002304251 LossCVT: 0.001558887 LossQE: 8.446309e-06 LossCover: 0 Lambda_CVT: 0.1423957
37	37	1750.288	5.800619e-06	0.0002304251
filepath = /home/yiming/research/CWF/data/Bunny/Ours_10000_bunny_Iter40_RVD.obj
energy: 0.000219302 LossCVT: 0.001558894 LossQE: 8.421176e-06 LossCover: 0 Lambda_CVT: 0.135276
38	38	1795.283	5.254675e-06	0.000219302
filepath = /home/yiming/research/CWF/data/Bunny/Ours_10000_bunny_Iter41_RVD.obj
energy: 0.0002087863 LossCVT: 0.001559588 LossQE: 8.360273e-06 LossCover: 0 Lambda_CVT: 0.1285122
39	39	1840.654	6.367261e-06	0.0002087863
filepath = /home/yiming/research/CWF/data/Bunny/Ours_10000_bunny_Iter42_RVD.obj
energy: 0.0001987723 LossCVT: 0.001560143 LossQE: 8.299731e-06 LossCover: 0 Lambda_CVT: 0.1220865
40	40	1885.448	6.213563e-06	0.0001987723
filepath = /home/yiming/research/CWF/data/Bunny/Ours_10000_bunny_Iter43_RVD.obj
energy: 0.0001892912 LossCVT: 0.001561228 LossQE: 8.216428e-06 LossCover: 0 Lambda_CVT: 0.1159822
41	41	1931.793	7.045562e-06	0.0001892912
filepath = /home/yiming/research/CWF/data/Bunny/Ours_10000_bunny_Iter44_RVD.obj
energy: 0.0001802124 LossCVT: 0.001561272 LossQE: 8.186613e-06 LossCover: 0 Lambda_CVT: 0.1101831
42	42	1977.412	6.040711e-06	0.0001802124
filepath = /home/yiming/research/CWF/data/Bunny/Ours_10000_bunny_Iter45_RVD.obj
energy: 0.0001715739 LossCVT: 0.001561118 LossQE: 8.165489e-06 LossCover: 0 Lambda_CVT: 0.104674
43	43	2022.831	5.247512e-06	0.0001715739
filepath = /home/yiming/research/CWF/data/Bunny/Ours_10000_bunny_Iter46_RVD.obj
energy: 0.0001634211 LossCVT: 0.001561915 LossQE: 8.103966e-06 LossCover: 0 Lambda_CVT: 0.09944026
44	44	2068.91	6.474242e-06	0.0001634211
filepath = /home/yiming/research/CWF/data/Bunny/Ours_10000_bunny_Iter47_RVD.obj
energy: 0.0001556724 LossCVT: 0.00156291 LossQE: 8.026988e-06 LossCover: 0 Lambda_CVT: 0.09446824
45	45	2115.101	6.117821e-06	0.0001556724
filepath = /home/yiming/research/CWF/data/Bunny/Ours_10000_bunny_Iter48_RVD.obj
energy: 0.0001483161 LossCVT: 0.001564164 LossQE: 7.940551e-06 LossCover: 0 Lambda_CVT: 0.08974483
46	46	2159.759	6.008778e-06	0.0001483161
filepath = /home/yiming/research/CWF/data/Bunny/Ours_10000_bunny_Iter49_RVD.obj
energy: 0.000141297 LossCVT: 0.001564578 LossQE: 7.904835e-06 LossCover: 0 Lambda_CVT: 0.08525759
47	47	2206.119	6.508254e-06	0.000141297
filepath = /home/yiming/research/CWF/data/Bunny/Ours_10000_bunny_Iter50_RVD.obj
energy: 0.000134637 LossCVT: 0.001565166 LossQE: 7.866792e-06 LossCover: 0 Lambda_CVT: 0.08099471
48	48	2252.073	6.791171e-06	0.000134637
filepath = /home/yiming/research/CWF/data/Bunny/Ours_10000_bunny_Iter51_RVD.obj
energy: 0.0001283094 LossCVT: 0.001566087 LossQE: 7.806896e-06 LossCover: 0 Lambda_CVT: 0.07694498
49	49	2297.879	6.620363e-06	0.0001283094
filepath = /home/yiming/research/CWF/data/Bunny/Ours_10000_bunny_Iter52_RVD.obj
energy: 0.0001222738 LossCVT: 0.001566551 LossQE: 7.762466e-06 LossCover: 0 Lambda_CVT: 0.07309773
50	50	2342.672	5.958749e-06	0.0001222738
reach the max itertion time
[state] saved: /home/yiming/research/CWF/data/Bunny/State_10000_bunny.bin qem_iterations_done=50 epsilon=0.07309773
cover-only energy: 5.444553e-08 LossCover: 5.444553e-08 maxViolation: 0.0001706405 invalidSeeds: 60 activePoints: 356
cover-active accepted: surrogateEnergy=5.429686e-08 activePoints=356 activeSeeds=60 localInvalidSeeds=62 maxMove=2.629256e-06
cover-only energy: 5.434973e-08 LossCover: 5.434973e-08 maxViolation: 0.0001705694 invalidSeeds: 60 activePoints: 356
cover-active accepted: surrogateEnergy=5.420081e-08 activePoints=356 activeSeeds=60 localInvalidSeeds=62 maxMove=2.629151e-06
cover-only energy: 5.425469e-08 LossCover: 5.425469e-08 maxViolation: 0.000170504 invalidSeeds: 60 activePoints: 356
cover-active accepted: surrogateEnergy=5.410597e-08 activePoints=356 activeSeeds=60 localInvalidSeeds=62 maxMove=2.629042e-06
连续三次invalidSeeds保持不变，退出lossCover优化 (60)
filepath = /home/yiming/research/CWF/data/Bunny/Ours_10000_bunny_RVD.obj
energy: 0.0001222738 LossCVT: 0.001566551 LossQE: 7.762488e-06 LossCover: 0 Lambda_CVT: 0.07309773
CWD: "/home/yiming/research/CWF"
====================CWF3DTest
Now file: bunny
10000   bunny   
OBJ: "/home/yiming/research/CWF/data/bunny.obj"
"/home/yiming/research/CWF"
Pts.size(): 10024

Begin CWF.

[state] loaded: /home/yiming/research/CWF/data/Bunny/State_10000_bunny.bin epsilon=0.0730977
cover-only energy: 53.46904 LossCover: 53.46904 maxViolation: 0.00500839 coveredRatio: 0.001496782 coverScore: 0.0492854 invalidSeeds: 60 activePoints: 356
cover-active accepted: trialSurrogate=36.5429 realEnergy=37.39897 maxViolation=0.004604414 coveredRatio=0.0009479146 coverScore=0.04496824 activePoints=356 activeSeeds=60 maxMove=0.0003083849 pointStepCap=0.0003083849 capScale=0.01480476 gnorm=7102.721
cover-only energy: 37.39897 LossCover: 37.39897 maxViolation: 0.004604414 coveredRatio: 0.0009479146 coverScore: 0.04496824 invalidSeeds: 38 activePoints: 228
cover-active accepted: trialSurrogate=24.53362 realEnergy=27.53049 maxViolation=0.004268951 coveredRatio=0.0007483536 coverScore=0.04158733 activePoints=228 activeSeeds=38 maxMove=0.0003203597 pointStepCap=0.0003203597 capScale=0.01537989 gnorm=4981.371
cover-only energy: 27.53049 LossCover: 27.53049 maxViolation: 0.004268951 coveredRatio: 0.0007483536 coverScore: 0.04158733 invalidSeeds: 30 activePoints: 187
cover-active accepted: trialSurrogate=17.07239 realEnergy=23.60641 maxViolation=0.003794949 coveredRatio=0.0007982439 coverScore=0.03707546 activePoints=187 activeSeeds=30 maxMove=0.0003303768 pointStepCap=0.0003303768 capScale=0.01586068 gnorm=4964.698
cover-only energy: 23.60641 LossCover: 23.60641 maxViolation: 0.003794949 coveredRatio: 0.0007982439 coverScore: 0.03707546 invalidSeeds: 32 activePoints: 181
cover-active accepted: trialSurrogate=11.94501 realEnergy=16.46606 maxViolation=0.003342107 coveredRatio=0.0004989024 coverScore=0.03248735 activePoints=181 activeSeeds=32 maxMove=0.000344617 pointStepCap=0.000344617 capScale=0.01654405 gnorm=7512.567
cover-only energy: 16.46606 LossCover: 16.46606 maxViolation: 0.003342107 coveredRatio: 0.0004989024 coverScore: 0.03248735 invalidSeeds: 20 activePoints: 120
cover-active accepted: trialSurrogate=8.002506 realEnergy=13.18957 maxViolation=0.002856496 coveredRatio=0.0004490122 coverScore=0.02778428 activePoints=120 activeSeeds=20 maxMove=0.0003581377 pointStepCap=0.0003581377 capScale=0.01719275 gnorm=5412.882
cover-only energy: 13.18957 LossCover: 13.18957 maxViolation: 0.002856496 coveredRatio: 0.0004490122 coverScore: 0.02778428 invalidSeeds: 18 activePoints: 106
cover-active accepted: trialSurrogate=5.201049 realEnergy=9.591285 maxViolation=0.002364688 coveredRatio=0.0003492317 coverScore=0.02298197 activePoints=106 activeSeeds=18 maxMove=0.0003727054 pointStepCap=0.0003727054 capScale=0.01789163 gnorm=7162.923
cover-only energy: 9.591285 LossCover: 9.591285 maxViolation: 0.002364688 coveredRatio: 0.0003492317 coverScore: 0.02298197 invalidSeeds: 14 activePoints: 89
cover-active accepted: trialSurrogate=3.212463 realEnergy=8.440582 maxViolation=0.001753246 coveredRatio=0.0003991219 coverScore=0.01715134 activePoints=89 activeSeeds=14 maxMove=0.000387448 pointStepCap=0.000387448 capScale=0.0185988 gnorm=4535.212
cover-only energy: 8.440582 LossCover: 8.440582 maxViolation: 0.001753246 coveredRatio: 0.0003991219 coverScore: 0.01715134 invalidSeeds: 16 activePoints: 83
cover-only energy: 8.440582 LossCover: 8.440582 maxViolation: 0.001753246 coveredRatio: 0.0003991219 coverScore: 0.01715134 invalidSeeds: 16 activePoints: 83
cover-only energy: 8.440582 LossCover: 8.440582 maxViolation: 0.001753246 coveredRatio: 0.0003991219 coverScore: 0.01715134 invalidSeeds: 16 activePoints: 83
filepath = /home/yiming/research/CWF/data/Bunny/Ours_10000_bunny_RVD.obj
energy: 0.0001222941 LossCVT: 0.001566536 LossQE: 7.783914e-06 Lambda_CVT: 0.07309773
energy: 0.0001222941 LossCVT: 0.001566536 LossQE: 7.783893e-06 Lambda_CVT: 0.07309773
qem-cvt projected-gd accepted: energy=0.0001222941 f0=0.0001222941 gnorm=6.955785e-06 pointStepCap=0.01606196 maxMove=1.582846e-06
filepath = /home/yiming/research/CWF/data/Bunny/Ours_10000_bunny_RVD.obj
cover-only energy: 8.442672 LossCover: 8.442672 maxViolation: 0.00175359 coveredRatio: 0.0003991219 coverScore: 0.01715465 invalidSeeds: 16 activePoints: 83
cover-only energy: 8.442672 LossCover: 8.442672 maxViolation: 0.00175359 coveredRatio: 0.0003991219 coverScore: 0.01715465 invalidSeeds: 16 activePoints: 83
CWD: "/home/yiming/research/CWF"
====================CWF3DTest
Now file: bunny
30000   bunny   
OBJ: "/home/yiming/research/CWF/data/bunny.obj"
"/home/yiming/research/CWF"
Pts.size(): 29974

Begin CWF.

filepath = /home/yiming/research/CWF/data/Bunny/Ours_30000_bunny_Iter2_RVD.obj
energy: 0.0005649326 LossCVT: 0.0005917678 LossQE: 2.753249e-06 Lambda_CVT: 0.95
0	0	94.79983	0.0001876172	0.0005649326
filepath = /home/yiming/research/CWF/data/Bunny/Ours_30000_bunny_Iter3_RVD.obj
energy: 0.0005538362 LossCVT: 0.0006105237 LossQE: 2.838532e-06 Lambda_CVT: 0.9025
filepath = /home/yiming/research/CWF/data/Bunny/Ours_30000_bunny_Iter4_RVD.obj
energy: 0.0004746198 LossCVT: 0.000550802 LossQE: 2.37595e-06 Lambda_CVT: 0.857375
1	2	276.2763	8.150902e-05	0.0004746198
filepath = /home/yiming/research/CWF/data/Bunny/Ours_30000_bunny_Iter5_RVD.obj
energy: 0.0004432703 LossCVT: 0.0005414017 LossQE: 2.295276e-06 Lambda_CVT: 0.8145062
2	3	364.9782	4.0985e-05	0.0004432703
filepath = /home/yiming/research/CWF/data/Bunny/Ours_30000_bunny_Iter6_RVD.obj
energy: 0.0004163934 LossCVT: 0.0005352438 LossQE: 2.2319e-06 Lambda_CVT: 0.7737809
3	4	457.5563	2.74286e-05	0.0004163934
filepath = /home/yiming/research/CWF/data/Bunny/Ours_30000_bunny_Iter7_RVD.obj
energy: 0.0003929874 LossCVT: 0.0005316315 LossQE: 2.189441e-06 Lambda_CVT: 0.7350919
4	5	546.0949	2.428967e-05	0.0003929874
filepath = /home/yiming/research/CWF/data/Bunny/Ours_30000_bunny_Iter8_RVD.obj
energy: 0.0003716752 LossCVT: 0.0005291398 LossQE: 2.15708e-06 Lambda_CVT: 0.6983373
5	6	632.859	2.466481e-05	0.0003716752
filepath = /home/yiming/research/CWF/data/Bunny/Ours_30000_bunny_Iter9_RVD.obj
energy: 0.0003518709 LossCVT: 0.0005271923 LossQE: 2.120752e-06 Lambda_CVT: 0.6634204
6	7	722.929	1.48806e-05	0.0003518709
filepath = /home/yiming/research/CWF/data/Bunny/Ours_30000_bunny_Iter10_RVD.obj
energy: 0.0003336456 LossCVT: 0.0005260519 LossQE: 2.101675e-06 Lambda_CVT: 0.6302494
7	8	811.5921	1.115497e-05	0.0003336456
filepath = /home/yiming/research/CWF/data/Bunny/Ours_30000_bunny_Iter11_RVD.obj
energy: 0.0003164377 LossCVT: 0.0005250568 LossQE: 2.066845e-06 Lambda_CVT: 0.5987369
8	9	899.464	1.113262e-05	0.0003164377
filepath = /home/yiming/research/CWF/data/Bunny/Ours_30000_bunny_Iter12_RVD.obj
energy: 0.000300299 LossCVT: 0.0005243535 LossQE: 2.046663e-06 Lambda_CVT: 0.5688001
9	10	988.0825	1.140439e-05	0.000300299
filepath = /home/yiming/research/CWF/data/Bunny/Ours_30000_bunny_Iter13_RVD.obj
energy: 0.0002849979 LossCVT: 0.0005236766 LossQE: 2.02391e-06 Lambda_CVT: 0.5403601
10	11	1075.985	7.349579e-06	0.0002849979
filepath = /home/yiming/research/CWF/data/Bunny/Ours_30000_bunny_Iter14_RVD.obj
energy: 0.0002705624 LossCVT: 0.0005231615 LossQE: 2.001581e-06 Lambda_CVT: 0.5133421
11	12	1164.331	6.809791e-06	0.0002705624
filepath = /home/yiming/research/CWF/data/Bunny/Ours_30000_bunny_Iter15_RVD.obj
energy: 0.0002569506 LossCVT: 0.0005228166 LossQE: 1.986058e-06 Lambda_CVT: 0.487675
12	13	1249.664	7.329283e-06	0.0002569506
filepath = /home/yiming/research/CWF/data/Bunny/Ours_30000_bunny_Iter16_RVD.obj
energy: 0.0002440121 LossCVT: 0.0005224491 LossQE: 1.966036e-06 Lambda_CVT: 0.4632912
13	14	1336.077	5.665674e-06	0.0002440121
filepath = /home/yiming/research/CWF/data/Bunny/Ours_30000_bunny_Iter17_RVD.obj
energy: 0.0002317237 LossCVT: 0.0005220867 LossQE: 1.939444e-06 Lambda_CVT: 0.4401267
14	15	1421.35	4.869492e-06	0.0002317237
filepath = /home/yiming/research/CWF/data/Bunny/Ours_30000_bunny_Iter18_RVD.obj
energy: 0.0002201042 LossCVT: 0.0005218258 LossQE: 1.918174e-06 Lambda_CVT: 0.4181203
15	16	1508.066	4.9448e-06	0.0002201042
filepath = /home/yiming/research/CWF/data/Bunny/Ours_30000_bunny_Iter19_RVD.obj
energy: 0.0002090813 LossCVT: 0.0005215792 LossQE: 1.902621e-06 Lambda_CVT: 0.3972143
16	17	1596.611	4.511407e-06	0.0002090813
filepath = /home/yiming/research/CWF/data/Bunny/Ours_30000_bunny_Iter20_RVD.obj
energy: 0.0001986199 LossCVT: 0.0005213622 LossQE: 1.881966e-06 Lambda_CVT: 0.3773536
17	18	1685.139	3.843479e-06	0.0001986199
filepath = /home/yiming/research/CWF/data/Bunny/Ours_30000_bunny_Iter21_RVD.obj
energy: 0.0001887117 LossCVT: 0.0005212061 LossQE: 1.866664e-06 Lambda_CVT: 0.3584859
18	19	1773.044	3.687382e-06	0.0001887117
filepath = /home/yiming/research/CWF/data/Bunny/Ours_30000_bunny_Iter22_RVD.obj
energy: 0.0001793085 LossCVT: 0.000521077 LossQE: 1.849656e-06 Lambda_CVT: 0.3405616
19	20	1859.327	3.401508e-06	0.0001793085
filepath = /home/yiming/research/CWF/data/Bunny/Ours_30000_bunny_Iter23_RVD.obj
energy: 0.0001703747 LossCVT: 0.0005209543 LossQE: 1.828446e-06 Lambda_CVT: 0.3235335
20	21	1946.154	2.872792e-06	0.0001703747
filepath = /home/yiming/research/CWF/data/Bunny/Ours_30000_bunny_Iter24_RVD.obj
energy: 0.0001618952 LossCVT: 0.0005208557 LossQE: 1.806626e-06 Lambda_CVT: 0.3073569
21	22	2037.369	2.75669e-06	0.0001618952
filepath = /home/yiming/research/CWF/data/Bunny/Ours_30000_bunny_Iter25_RVD.obj
energy: 0.0001538473 LossCVT: 0.000520772 LossQE: 1.78761e-06 Lambda_CVT: 0.291989
22	23	2125.729	2.570761e-06	0.0001538473
filepath = /home/yiming/research/CWF/data/Bunny/Ours_30000_bunny_Iter26_RVD.obj
energy: 0.0001462045 LossCVT: 0.0005206828 LossQE: 1.77253e-06 Lambda_CVT: 0.2773896
23	24	2215.326	2.374672e-06	0.0001462045
filepath = /home/yiming/research/CWF/data/Bunny/Ours_30000_bunny_Iter27_RVD.obj
energy: 0.0001389522 LossCVT: 0.0005206357 LossQE: 1.754188e-06 Lambda_CVT: 0.2635201
24	25	2303.02	2.108313e-06	0.0001389522
filepath = /home/yiming/research/CWF/data/Bunny/Ours_30000_bunny_Iter28_RVD.obj
energy: 0.0001320699 LossCVT: 0.0005206146 LossQE: 1.73712e-06 Lambda_CVT: 0.2503441
25	26	2388.368	2.156673e-06	0.0001320699
filepath = /home/yiming/research/CWF/data/Bunny/Ours_30000_bunny_Iter29_RVD.obj
energy: 0.0001255325 LossCVT: 0.0005205986 LossQE: 1.720127e-06 Lambda_CVT: 0.2378269
26	27	2476.747	1.872584e-06	0.0001255325
filepath = /home/yiming/research/CWF/data/Bunny/Ours_30000_bunny_Iter30_RVD.obj
energy: 0.0001193284 LossCVT: 0.0005206271 LossQE: 1.700231e-06 Lambda_CVT: 0.2259355
27	28	2565.362	2.294751e-06	0.0001193284
filepath = /home/yiming/research/CWF/data/Bunny/Ours_30000_bunny_Iter31_RVD.obj
energy: 0.00011343 LossCVT: 0.0005206137 LossQE: 1.686127e-06 Lambda_CVT: 0.2146388
28	29	2654.19	1.845642e-06	0.00011343
filepath = /home/yiming/research/CWF/data/Bunny/Ours_30000_bunny_Iter32_RVD.obj
energy: 0.000107828 LossCVT: 0.0005206 LossQE: 1.674117e-06 Lambda_CVT: 0.2039068
29	30	2744.707	1.567369e-06	0.000107828
filepath = /home/yiming/research/CWF/data/Bunny/Ours_30000_bunny_Iter33_RVD.obj
energy: 0.000102511 LossCVT: 0.0005206587 LossQE: 1.653392e-06 Lambda_CVT: 0.1937115
30	31	2833.093	1.481732e-06	0.000102511
filepath = /home/yiming/research/CWF/data/Bunny/Ours_30000_bunny_Iter34_RVD.obj
energy: 9.746636e-05 LossCVT: 0.0005207793 LossQE: 1.629476e-06 Lambda_CVT: 0.1840259
31	32	2922.624	1.777233e-06	9.746636e-05
filepath = /home/yiming/research/CWF/data/Bunny/Ours_30000_bunny_Iter35_RVD.obj
energy: 9.266332e-05 LossCVT: 0.0005207877 LossQE: 1.616811e-06 Lambda_CVT: 0.1748246
32	33	3011.839	1.545252e-06	9.266332e-05
filepath = /home/yiming/research/CWF/data/Bunny/Ours_30000_bunny_Iter36_RVD.obj
energy: 8.809936e-05 LossCVT: 0.0005207809 LossQE: 1.606296e-06 Lambda_CVT: 0.1660834
33	34	3101.819	1.36543e-06	8.809936e-05
filepath = /home/yiming/research/CWF/data/Bunny/Ours_30000_bunny_Iter37_RVD.obj
energy: 8.377622e-05 LossCVT: 0.0005209476 LossQE: 1.581517e-06 Lambda_CVT: 0.1577792
34	35	3187.286	1.724227e-06	8.377622e-05
filepath = /home/yiming/research/CWF/data/Bunny/Ours_30000_bunny_Iter38_RVD.obj
energy: 7.965755e-05 LossCVT: 0.0005209536 LossQE: 1.571688e-06 Lambda_CVT: 0.1498903
35	36	3273.103	1.473413e-06	7.965755e-05
filepath = /home/yiming/research/CWF/data/Bunny/Ours_30000_bunny_Iter39_RVD.obj
energy: 7.574508e-05 LossCVT: 0.0005209808 LossQE: 1.559632e-06 Lambda_CVT: 0.1423957
36	37	3359.821	1.177631e-06	7.574508e-05
filepath = /home/yiming/research/CWF/data/Bunny/Ours_30000_bunny_Iter40_RVD.obj
energy: 7.203801e-05 LossCVT: 0.0005211935 LossQE: 1.533071e-06 Lambda_CVT: 0.135276
37	38	3446.492	1.469815e-06	7.203801e-05
filepath = /home/yiming/research/CWF/data/Bunny/Ours_30000_bunny_Iter41_RVD.obj
energy: 6.850512e-05 LossCVT: 0.0005212189 LossQE: 1.522149e-06 Lambda_CVT: 0.1285122
38	39	3532.684	1.210952e-06	6.850512e-05
filepath = /home/yiming/research/CWF/data/Bunny/Ours_30000_bunny_Iter42_RVD.obj
energy: 6.515292e-05 LossCVT: 0.0005213728 LossQE: 1.500317e-06 Lambda_CVT: 0.1220865
39	40	3618.921	1.157449e-06	6.515292e-05
filepath = /home/yiming/research/CWF/data/Bunny/Ours_30000_bunny_Iter43_RVD.obj
energy: 6.197088e-05 LossCVT: 0.0005215263 LossQE: 1.483101e-06 Lambda_CVT: 0.1159822
40	41	3706.958	1.254558e-06	6.197088e-05
filepath = /home/yiming/research/CWF/data/Bunny/Ours_30000_bunny_Iter44_RVD.obj
energy: 5.894893e-05 LossCVT: 0.0005217217 LossQE: 1.464007e-06 Lambda_CVT: 0.1101831
41	42	3794.292	1.483985e-06	5.894893e-05
filepath = /home/yiming/research/CWF/data/Bunny/Ours_30000_bunny_Iter45_RVD.obj
energy: 5.606888e-05 LossCVT: 0.0005217992 LossQE: 1.450102e-06 Lambda_CVT: 0.104674
42	43	3880.91	1.125277e-06	5.606888e-05
filepath = /home/yiming/research/CWF/data/Bunny/Ours_30000_bunny_Iter46_RVD.obj
energy: 5.333592e-05 LossCVT: 0.0005219288 LossQE: 1.435178e-06 Lambda_CVT: 0.09944026
43	44	3967.971	1.026458e-06	5.333592e-05
filepath = /home/yiming/research/CWF/data/Bunny/Ours_30000_bunny_Iter47_RVD.obj
energy: 5.075056e-05 LossCVT: 0.0005223903 LossQE: 1.401262e-06 Lambda_CVT: 0.09446824
44	45	4057.189	1.323936e-06	5.075056e-05
filepath = /home/yiming/research/CWF/data/Bunny/Ours_30000_bunny_Iter48_RVD.obj
energy: 4.82804e-05 LossCVT: 0.0005224762 LossQE: 1.390865e-06 Lambda_CVT: 0.08974483
45	46	4142.493	1.180092e-06	4.82804e-05
filepath = /home/yiming/research/CWF/data/Bunny/Ours_30000_bunny_Iter49_RVD.obj
energy: 4.593347e-05 LossCVT: 0.0005226086 LossQE: 1.377127e-06 Lambda_CVT: 0.08525759
46	47	4231.329	1.175268e-06	4.593347e-05
filepath = /home/yiming/research/CWF/data/Bunny/Ours_30000_bunny_Iter50_RVD.obj
energy: 4.370443e-05 LossCVT: 0.0005227501 LossQE: 1.364439e-06 Lambda_CVT: 0.08099471
47	48	4320.291	1.240611e-06	4.370443e-05
filepath = /home/yiming/research/CWF/data/Bunny/Ours_30000_bunny_Iter51_RVD.obj
energy: 4.159422e-05 LossCVT: 0.0005231652 LossQE: 1.339289e-06 Lambda_CVT: 0.07694498
48	49	4408.973	1.33446e-06	4.159422e-05
filepath = /home/yiming/research/CWF/data/Bunny/Ours_30000_bunny_Iter52_RVD.obj
energy: 3.960508e-05 LossCVT: 0.0005239303 LossQE: 1.30696e-06 Lambda_CVT: 0.07309773
49	50	4497.715	2.018495e-06	3.960508e-05
filepath = /home/yiming/research/CWF/data/Bunny/Ours_30000_bunny_Iter53_RVD.obj
energy: 3.766969e-05 LossCVT: 0.0005237037 LossQE: 1.302223e-06 Lambda_CVT: 0.06944284
50	51	4583.727	1.219494e-06	3.766969e-05
reach the max itertion time
[state] saved: /home/yiming/research/CWF/data/Bunny/State_30000_bunny.bin qem_iterations_done=50 epsilon=0.06944284
cover-only energy: 62.34114 LossCover: 62.34114 maxViolation: 0.004220676 coveredRatio: 0.0007007241 coverScore: 0.07080552 invalidSeeds: 84 activePoints: 493
cover-active accepted: trialSurrogate=40.15445 realEnergy=41.81837 maxViolation=0.003961162 coveredRatio=0.0004170698 coverScore=0.06626024 activePoints=493 activeSeeds=84 maxMove=0.0001378553 pointStepCap=0.0001378553 capScale=0.01147167 gnorm=16478.41
cover-only energy: 41.81837 LossCover: 41.81837 maxViolation: 0.003961162 coveredRatio: 0.0004170768 coverScore: 0.06626025 invalidSeeds: 50 activePoints: 282
cover-active accepted: trialSurrogate=28.39265 realEnergy=29.51653 maxViolation=0.003700132 coveredRatio=0.0003169731 coverScore=0.06183581 activePoints=282 activeSeeds=50 maxMove=0.0001455968 pointStepCap=0.0001455968 capScale=0.01211602 gnorm=11654.04
cover-only energy: 29.51653 LossCover: 29.51653 maxViolation: 0.003700132 coveredRatio: 0.0003169784 coverScore: 0.06183581 invalidSeeds: 38 activePoints: 215
cover-active accepted: trialSurrogate=18.57091 realEnergy=21.02592 maxViolation=0.003413756 coveredRatio=0.0002168727 coverScore=0.05698939 activePoints=215 activeSeeds=38 maxMove=0.0001534132 pointStepCap=0.0001534132 capScale=0.01276647 gnorm=9370.697
cover-only energy: 21.02592 LossCover: 21.02592 maxViolation: 0.003413756 coveredRatio: 0.0002168763 coverScore: 0.0569894 invalidSeeds: 26 activePoints: 146
cover-active accepted: trialSurrogate=12.51887 realEnergy=15.94094 maxViolation=0.003162595 coveredRatio=0.0001668252 coverScore=0.05276892 activePoints=146 activeSeeds=26 maxMove=0.0001619905 pointStepCap=0.0001619905 capScale=0.01348022 gnorm=7929.659
cover-only energy: 15.94094 LossCover: 15.94094 maxViolation: 0.003162595 coveredRatio: 0.0001668279 coverScore: 0.05276892 invalidSeeds: 20 activePoints: 115
cover-active accepted: trialSurrogate=9.065447 realEnergy=12.21713 maxViolation=0.002841658 coveredRatio=0.0001334601 coverScore=0.0474005 activePoints=115 activeSeeds=20 maxMove=0.0001695196 pointStepCap=0.0001695196 capScale=0.01410668 gnorm=7927.534
cover-only energy: 12.21713 LossCover: 12.21713 maxViolation: 0.002841658 coveredRatio: 0.0001334623 coverScore: 0.0474005 invalidSeeds: 16 activePoints: 88
cover-active accepted: trialSurrogate=6.66739 realEnergy=10.09343 maxViolation=0.002535819 coveredRatio=0.0001000951 coverScore=0.04228335 activePoints=88 activeSeeds=16 maxMove=0.0001791448 pointStepCap=0.0001791448 capScale=0.01490754 gnorm=8087.355
cover-only energy: 10.09343 LossCover: 10.09343 maxViolation: 0.002535819 coveredRatio: 0.0001000968 coverScore: 0.04228335 invalidSeeds: 12 activePoints: 66
cover-active accepted: trialSurrogate=5.582439 realEnergy=8.701879 maxViolation=0.002215831 coveredRatio=8.341258e-05 coverScore=0.03694419 activePoints=66 activeSeeds=12 maxMove=0.0001883176 pointStepCap=0.0001883176 capScale=0.01567071 gnorm=6646.743
cover-only energy: 8.701879 LossCover: 8.701879 maxViolation: 0.002215831 coveredRatio: 8.341397e-05 coverScore: 0.03694419 invalidSeeds: 10 activePoints: 63
cover-active accepted: trialSurrogate=3.489207 realEnergy=8.270741 maxViolation=0.001961328 coveredRatio=0.0001000951 coverScore=0.03272165 activePoints=63 activeSeeds=10 maxMove=0.0001979169 pointStepCap=0.0001979169 capScale=0.01646938 gnorm=6836.497
cover-only energy: 8.270741 LossCover: 8.270741 maxViolation: 0.001961328 coveredRatio: 0.0001000968 coverScore: 0.03272165 invalidSeeds: 12 activePoints: 66
cover-active accepted: trialSurrogate=3.072983 realEnergy=7.091864 maxViolation=0.001688612 coveredRatio=8.341258e-05 coverScore=0.02816935 activePoints=66 activeSeeds=12 maxMove=0.0002055565 pointStepCap=0.0002055565 capScale=0.01710496 gnorm=7649.489
cover-only energy: 7.091864 LossCover: 7.091864 maxViolation: 0.001688612 coveredRatio: 8.341397e-05 coverScore: 0.02816935 invalidSeeds: 10 activePoints: 63
cover-active accepted: trialSurrogate=2.593641 realEnergy=7.326477 maxViolation=0.001403358 coveredRatio=0.0001000951 coverScore=0.02343515 activePoints=63 activeSeeds=10 maxMove=0.000213738 pointStepCap=0.000213738 capScale=0.01778561 gnorm=8341.278
cover-only energy: 7.326477 LossCover: 7.326477 maxViolation: 0.001403358 coveredRatio: 0.0001000968 coverScore: 0.02343516 invalidSeeds: 12 activePoints: 70
cover-active accepted: trialSurrogate=2.090622 realEnergy=7.87607 maxViolation=0.001179293 coveredRatio=0.0001167776 coverScore=0.01971936 activePoints=70 activeSeeds=12 maxMove=0.0002223005 pointStepCap=0.0002223005 capScale=0.01849794 gnorm=8211.141
cover-only energy: 7.87607 LossCover: 7.87607 maxViolation: 0.001179293 coveredRatio: 0.0001167796 coverScore: 0.01971936 invalidSeeds: 14 activePoints: 72
CWD: "/home/yiming/research/CWF"
====================CWF3DTest
Now file: chain
30000   chain   
OBJ: "/home/yiming/research/CWF/data/chain.obj"
"/home/yiming/research/CWF"
Pts.size(): 30745

Begin CWF.

filepath = /home/yiming/research/CWF/data/Chain/Ours_30000_chain_Iter2_RVD.obj
energy: 1601.851 LossCVT: 1659.55 LossQE: 25.27851 Lambda_CVT: 0.95
0	0	52.97225	8.520131	1601.851
filepath = /home/yiming/research/CWF/data/Chain/Ours_30000_chain_Iter3_RVD.obj
energy: 1515.616 LossCVT: 1652.374 LossQE: 24.34823 Lambda_CVT: 0.9025
1	1	103.9682	7.548127	1515.616
CWD: "/home/yiming/research/CWF"
====================CWF3DTest
Now file: man
50000   man   
OBJ: "/home/yiming/research/CWF/data/man.obj"
"/home/yiming/research/CWF"
Pts.size(): 49940

Begin CWF.

filepath = /home/yiming/research/CWF/data/Chain/Ours_30000_chain_Iter4_RVD.obj
energy: 1396.05 LossCVT: 1608.699 LossQE: 16.79138 Lambda_CVT: 0.857375
2	2	153.6088	3.646754	1396.05
filepath = /home/yiming/research/CWF/data/Chain/Ours_30000_chain_Iter5_RVD.obj
[state] loaded: /home/yiming/research/CWF/data/Man/State_50000_man.bin epsilon=0.0730977
energy: 1309.825 LossCVT: 1591.068 LossQE: 13.88988 Lambda_CVT: 0.8145062
3	3	203.6958	3.044352	1309.825
filepath = /home/yiming/research/CWF/data/Chain/Ours_30000_chain_Iter6_RVD.obj
energy: 1237.073 LossCVT: 1582.192 LossQE: 12.80346 Lambda_CVT: 0.7737809
4	4	253.7421	2.515867	1237.073
cover-only energy: 221.7623 maxViolation: 0.08175023 invalidSeeds: 255
filepath = /home/yiming/research/CWF/data/Chain/Ours_30000_chain_Iter7_RVD.obj
energy: 1169.601 LossCVT: 1574.114 LossQE: 12.4829 Lambda_CVT: 0.7350919
5	5	304.4376	1.828628	1169.601
filepath = /home/yiming/research/CWF/data/Chain/Ours_30000_chain_Iter8_RVD.obj
energy: 1107.78 LossCVT: 1569.032 LossQE: 12.06623 Lambda_CVT: 0.6983373
6	6	353.8313	1.627629	1107.78
cover-only energy: 105.4043 maxViolation: 0.06967802 invalidSeeds: 80
filepath = /home/yiming/research/CWF/data/Chain/Ours_30000_chain_Iter9_RVD.obj
energy: 1050.246 LossCVT: 1565.728 LossQE: 11.51072 Lambda_CVT: 0.6634204
7	7	403.8303	1.37467	1050.246
filepath = /home/yiming/research/CWF/data/Chain/Ours_30000_chain_Iter10_RVD.obj
cover-only energy: 48.1879 maxViolation: 0.04714317 invalidSeeds: 57
energy: 996.2061 LossCVT: 1563.769 LossQE: 10.6416 Lambda_CVT: 0.6302494
8	8	453.4126	1.204455	996.2061
filepath = /home/yiming/research/CWF/data/Chain/Ours_30000_chain_Iter11_RVD.obj
energy: 945.3408 LossCVT: 1562.645 LossQE: 9.72729 Lambda_CVT: 0.5987369
9	9	503.0923	1.061776	945.3408
cover-only energy: 41.1469 maxViolation: 0.07530618 invalidSeeds: 42
filepath = /home/yiming/research/CWF/data/Chain/Ours_30000_chain_Iter12_RVD.obj
energy: 897.3065 LossCVT: 1561.361 LossQE: 9.20423 Lambda_CVT: 0.5688001
10	10	553.3168	0.8754007	897.3065
filepath = /home/yiming/research/CWF/data/Chain/Ours_30000_chain_Iter13_RVD.obj
energy: 851.9096 LossCVT: 1560.654 LossQE: 8.594539 Lambda_CVT: 0.5403601
11	11	602.2853	0.7652641	851.9096
cover-only energy: 37.36238 maxViolation: 0.04473014 invalidSeeds: 39
filepath = /home/yiming/research/CWF/data/Chain/Ours_30000_chain_Iter14_RVD.obj
energy: 809.0737 LossCVT: 1560.106 LossQE: 8.205452 Lambda_CVT: 0.5133421
12	12	652.1406	0.7796918	809.0737
filepath = /home/yiming/research/CWF/data/Chain/Ours_30000_chain_Iter15_RVD.obj
energy: 768.4442 LossCVT: 1559.63 LossQE: 7.851596 Lambda_CVT: 0.487675
13	13	701.5371	0.6381976	768.4442
cover-only energy: 43.1536 maxViolation: 0.03767848 invalidSeeds: 39
filepath = /home/yiming/research/CWF/data/Chain/Ours_30000_chain_Iter16_RVD.obj
energy: 729.92 LossCVT: 1559.451 LossQE: 7.440026 Lambda_CVT: 0.4632912
14	14	750.9705	0.5284432	729.92
cover-only energy: 34.67917 maxViolation: 0.03557482 invalidSeeds: 38
filepath = /home/yiming/research/CWF/data/Chain/Ours_30000_chain_Iter17_RVD.obj
energy: 693.4722 LossCVT: 1560.131 LossQE: 6.816919 Lambda_CVT: 0.4401267
15	15	801.0326	0.5653562	693.4722
filepath = /home/yiming/research/CWF/data/Chain/Ours_30000_chain_Iter18_RVD.obj
energy: 658.8522 LossCVT: 1560.364 LossQE: 6.432113 Lambda_CVT: 0.4181203
16	16	850.407	0.5075851	658.8522
cover-only energy: 42.11689 maxViolation: 0.04616108 invalidSeeds: 32
filepath = /home/yiming/research/CWF/data/Chain/Ours_30000_chain_Iter19_RVD.obj
energy: 625.9396 LossCVT: 1560.203 LossQE: 6.204832 Lambda_CVT: 0.3972143
17	17	900.1033	0.4263874	625.9396
filepath = /home/yiming/research/CWF/data/Chain/Ours_30000_chain_Iter20_RVD.obj
energy: 594.7835 LossCVT: 1561.062 LossQE: 5.71104 Lambda_CVT: 0.3773536
18	18	949.2203	0.4755586	594.7835
cover-only energy: 25.62873 maxViolation: 0.03245747 invalidSeeds: 28
filepath = /home/yiming/research/CWF/data/Chain/Ours_30000_chain_Iter21_RVD.obj
energy: 565.1329 LossCVT: 1561.258 LossQE: 5.443828 Lambda_CVT: 0.3584859
19	19	999.1299	0.3986947	565.1329
filepath = /home/yiming/research/CWF/data/Chain/Ours_30000_chain_Iter22_RVD.obj
cover-only energy: 23.64528 maxViolation: 0.03511657 invalidSeeds: 24
energy: 537.0053 LossCVT: 1561.775 LossQE: 5.124721 Lambda_CVT: 0.3405616
20	20	1049.5	0.3552444	537.0053
filepath = /home/yiming/research/CWF/data/Chain/Ours_30000_chain_Iter23_RVD.obj
energy: 510.3037 LossCVT: 1562.513 LossQE: 4.778413 Lambda_CVT: 0.3235335
21	21	1098.422	0.3410132	510.3037
cover-only energy: 15.9279 maxViolation: 0.04531322 invalidSeeds: 16
filepath = /home/yiming/research/CWF/data/Chain/Ours_30000_chain_Iter24_RVD.obj
energy: 484.9597 LossCVT: 1563.654 LossQE: 4.359953 Lambda_CVT: 0.3073569
22	22	1147.913	0.3912217	484.9597
filepath = /home/yiming/research/CWF/data/Chain/Ours_30000_chain_Iter25_RVD.obj
energy: 460.8017 LossCVT: 1563.86 LossQE: 4.171749 Lambda_CVT: 0.291989
23	23	1197.031	0.3019046	460.8017
cover-only energy: 9.573528 maxViolation: 0.01994777 invalidSeeds: 16
filepath = /home/yiming/research/CWF/data/Chain/Ours_30000_chain_Iter26_RVD.obj
energy: 437.8659 LossCVT: 1564.232 LossQE: 3.964247 Lambda_CVT: 0.2773896
24	24	1247.133	0.2540647	437.8659
filepath = /home/yiming/research/CWF/data/Chain/Ours_30000_chain_Iter27_RVD.obj
energy: 416.1493 LossCVT: 1566.323 LossQE: 3.391802 Lambda_CVT: 0.2635201
25	25	1296.596	0.3483831	416.1493
cover-only energy: 14.77934 maxViolation: 0.0315076 invalidSeeds: 13
filepath = /home/yiming/research/CWF/data/Chain/Ours_30000_chain_Iter28_RVD.obj
energy: 395.4217 LossCVT: 1565.965 LossQE: 3.391606 Lambda_CVT: 0.2503441
26	26	1346.296	0.2980878	395.4217
filepath = /home/yiming/research/CWF/data/Chain/Ours_30000_chain_Iter29_RVD.obj
energy: 375.7318 LossCVT: 1565.967 LossQE: 3.302822 Lambda_CVT: 0.2378269
27	27	1395.575	0.2248374	375.7318
cover-only energy: 8.752781 maxViolation: 0.02169348 invalidSeeds: 11
filepath = /home/yiming/research/CWF/data/Chain/Ours_30000_chain_Iter30_RVD.obj
energy: 357.068 LossCVT: 1567.659 LossQE: 2.878139 Lambda_CVT: 0.2259355
28	28	1445.363	0.2915645	357.068
cover-only energy: 2.591242 maxViolation: 0.01709776 invalidSeeds: 4
filepath = /home/yiming/research/CWF/data/Chain/Ours_30000_chain_Iter31_RVD.obj
energy: 339.3088 LossCVT: 1568.69 LossQE: 2.607113 Lambda_CVT: 0.2146388
29	29	1495.22	0.2663909	339.3088
filepath = /home/yiming/research/CWF/data/Chain/Ours_30000_chain_Iter32_RVD.obj
energy: 322.3829 LossCVT: 1568.493 LossQE: 2.556457 Lambda_CVT: 0.2039068
30	30	1544.621	0.1938441	322.3829
cover-only energy: 1.529724 maxViolation: 0.01253528 invalidSeeds: 2
filepath = /home/yiming/research/CWF/data/Chain/Ours_30000_chain_Iter33_RVD.obj
energy: 306.3507 LossCVT: 1569.266 LossQE: 2.365973 Lambda_CVT: 0.1937115
31	31	1594.677	0.185075	306.3507
filepath = /home/yiming/research/CWF/data/Chain/Ours_30000_chain_Iter34_RVD.obj
energy: 291.1695 LossCVT: 1570.719 LossQE: 2.116512 Lambda_CVT: 0.1840259
32	32	1644.236	0.2737074	291.1695
cover-only energy: 2.000967 maxViolation: 0.005768764 invalidSeeds: 6
filepath = /home/yiming/research/CWF/data/Chain/Ours_30000_chain_Iter35_RVD.obj
energy: 276.6678 LossCVT: 1570.902 LossQE: 2.03539 Lambda_CVT: 0.1748246
33	33	1694.117	0.224364	276.6678
filepath = /home/yiming/research/CWF/data/Chain/Ours_30000_chain_Iter36_RVD.obj
energy: 262.8819 LossCVT: 1571.582 LossQE: 1.868267 Lambda_CVT: 0.1660834
34	34	1743.183	0.1766303	262.8819
cover-only energy: 1.940701 maxViolation: 0.009926581 invalidSeeds: 4
filepath = /home/yiming/research/CWF/data/Chain/Ours_30000_chain_Iter37_RVD.obj
energy: 249.7674 LossCVT: 1571.835 LossQE: 1.764431 Lambda_CVT: 0.1577792
35	35	1793.128	0.1510356	249.7674
cover-only energy: 2.448929 maxViolation: 0.01120866 invalidSeeds: 4
filepath = /home/yiming/research/CWF/data/Chain/Ours_30000_chain_Iter38_RVD.obj
energy: 237.3368 LossCVT: 1572.636 LossQE: 1.613977 Lambda_CVT: 0.1498903
36	36	1843.198	0.1964825	237.3368
filepath = /home/yiming/research/CWF/data/Chain/Ours_30000_chain_Iter39_RVD.obj
energy: 225.5202 LossCVT: 1573.198 LossQE: 1.503466 Lambda_CVT: 0.1423957
37	37	1892.862	0.1683074	225.5202
cover-only energy: 2.279288 maxViolation: 0.01014003 invalidSeeds: 4
filepath = /home/yiming/research/CWF/data/Chain/Ours_30000_chain_Iter40_RVD.obj
energy: 214.2922 LossCVT: 1573.216 LossQE: 1.474005 Lambda_CVT: 0.135276
38	38	1942.936	0.1373072	214.2922
filepath = /home/yiming/research/CWF/data/Chain/Ours_30000_chain_Iter41_RVD.obj
energy: 203.7331 LossCVT: 1574.359 LossQE: 1.408731 Lambda_CVT: 0.1285122
39	39	1992.516	0.259523	203.7331
filepath = /home/yiming/research/CWF/data/Man/Ours_50000_man_RVD.obj
filepath = /home/yiming/research/CWF/data/Chain/Ours_30000_chain_Iter42_RVD.obj
energy: 193.5747 LossCVT: 1574.631 LossQE: 1.333481 Lambda_CVT: 0.1220865
40	40	2041.699	0.2096702	193.5747
filepath = /home/yiming/research/CWF/data/Chain/Ours_30000_chain_Iter43_RVD.obj
energy: 183.9542 LossCVT: 1575.428 LossQE: 1.232521 Lambda_CVT: 0.1159822
41	41	2090.962	0.1924187	183.9542
energy: 0.9811395 LossCVT: 13.14999 LossQE: 0.01990494 Lambda_CVT: 0.07309773
filepath = /home/yiming/research/CWF/data/Chain/Ours_30000_chain_Iter44_RVD.obj
energy: 174.8454 LossCVT: 1576.122 LossQE: 1.18339 Lambda_CVT: 0.1101831
42	42	2140.677	0.2399999	174.8454
filepath = /home/yiming/research/CWF/data/Man/Ours_50000_man_RVD.obj
filepath = /home/yiming/research/CWF/data/Chain/Ours_30000_chain_Iter45_RVD.obj
energy: 166.1361 LossCVT: 1576.039 LossQE: 1.165879 Lambda_CVT: 0.104674
43	43	2189.965	0.2185076	166.1361
filepath = /home/yiming/research/CWF/data/Chain/Ours_30000_chain_Iter46_RVD.obj
energy: 157.879 LossCVT: 1576.837 LossQE: 1.077996 Lambda_CVT: 0.09944026
44	44	2239.657	0.2380092	157.879
cover-only energy: 283.6357 maxViolation: 0.03937994 invalidSeeds: 440
filepath = /home/yiming/research/CWF/data/Chain/Ours_30000_chain_Iter47_RVD.obj
energy: 149.9943 LossCVT: 1577.028 LossQE: 1.015286 Lambda_CVT: 0.09446824
45	45	2289.342	0.1729061	149.9943
filepath = /home/yiming/research/CWF/data/Chain/Ours_30000_chain_Iter48_RVD.obj
energy: 142.5338 LossCVT: 1577.924 LossQE: 0.9232696 Lambda_CVT: 0.08974483
46	46	2338.743	0.1705411	142.5338
cover-only energy: 75.56381 maxViolation: 0.04194937 invalidSeeds: 99
filepath = /home/yiming/research/CWF/data/Chain/Ours_30000_chain_Iter49_RVD.obj
energy: 135.4682 LossCVT: 1577.965 LossQE: 0.9347181 Lambda_CVT: 0.08525759
47	47	2388.669	0.1662093	135.4682
filepath = /home/yiming/research/CWF/data/Chain/Ours_30000_chain_Iter50_RVD.obj
energy: 128.8198 LossCVT: 1578.805 LossQE: 0.9449613 Lambda_CVT: 0.08099471
48	48	2437.994	0.274819	128.8198
cover-only energy: 109.6408 maxViolation: 0.05136097 invalidSeeds: 108
filepath = /home/yiming/research/CWF/data/Chain/Ours_30000_chain_Iter51_RVD.obj
energy: 122.4213 LossCVT: 1578.837 LossQE: 0.9377753 Lambda_CVT: 0.07694498
49	49	2487.829	0.2117523	122.4213
cover-only energy: 50.84785 maxViolation: 0.06264059 invalidSeeds: 51
filepath = /home/yiming/research/CWF/data/Chain/Ours_30000_chain_Iter52_RVD.obj
energy: 116.3562 LossCVT: 1579.609 LossQE: 0.8903583 Lambda_CVT: 0.07309773
50	50	2537.163	0.2173166	116.3562
reach the max itertion time
[state] saved: /home/yiming/research/CWF/data/Chain/State_30000_chain.bin qem_iterations_done=50 epsilon=0.07309773
cover-only energy: 1885.384 maxViolation: 0.4019861 invalidSeeds: 1035
cover-only energy: 53.0545 maxViolation: 0.07512951 invalidSeeds: 55
cover-only energy: 1383.232 maxViolation: 0.413266 invalidSeeds: 883
cover-only energy: 1325.696 maxViolation: 0.3363767 invalidSeeds: 916
cover-only energy: 64.7058 maxViolation: 0.0583494 invalidSeeds: 49
cover-only energy: 1382.211 maxViolation: 0.4319635 invalidSeeds: 1054
cover-only energy: 1498.523 maxViolation: 0.4426519 invalidSeeds: 1171
cover-only energy: 40.09754 maxViolation: 0.04677422 invalidSeeds: 39
cover-only energy: 1480.01 maxViolation: 0.3888071 invalidSeeds: 1164
cover-only energy: 1464.47 maxViolation: 0.4345904 invalidSeeds: 1189
cover-only energy: 22.26792 maxViolation: 0.02875003 invalidSeeds: 17
cover-only energy: 1320.376 maxViolation: 0.4782404 invalidSeeds: 1116
cover-only energy: 1246.38 maxViolation: 0.4710495 invalidSeeds: 1089
cover-only energy: 25.46096 maxViolation: 0.03701972 invalidSeeds: 30
cover-only energy: 1213.37 maxViolation: 0.423601 invalidSeeds: 1087
cover-only energy: 41.51796 maxViolation: 0.0428313 invalidSeeds: 39
cover-only energy: 1009.154 maxViolation: 0.3823246 invalidSeeds: 892
cover-only energy: 951.5756 maxViolation: 0.6443911 invalidSeeds: 904
cover-only energy: 30.57953 maxViolation: 0.03832032 invalidSeeds: 32
cover-only energy: 955.8604 maxViolation: 0.6517568 invalidSeeds: 847
cover-only energy: 894.8062 maxViolation: 0.6109157 invalidSeeds: 813
cover-only energy: 20.70928 maxViolation: 0.02902764 invalidSeeds: 25
cover-only energy: 770.8136 maxViolation: 0.5684669 invalidSeeds: 738
cover-only energy: 673.8633 maxViolation: 0.5513509 invalidSeeds: 668
cover-only energy: 23.33965 maxViolation: 0.02261291 invalidSeeds: 27
cover-only energy: 649.0162 maxViolation: 0.4874502 invalidSeeds: 648
cover-only energy: 631.3338 maxViolation: 0.5112798 invalidSeeds: 641
cover-only energy: 26.91211 maxViolation: 0.03909932 invalidSeeds: 34
cover-only energy: 558.2794 maxViolation: 0.5178618 invalidSeeds: 593
cover-only energy: 505.1936 maxViolation: 0.4949015 invalidSeeds: 537
cover-only energy: 27.59962 maxViolation: 0.04867968 invalidSeeds: 40
filepath = /home/yiming/research/CWF/data/Chain/Ours_30000_chain_RVD.obj
cover-only energy: 24.13862 maxViolation: 0.03401944 invalidSeeds: 21
energy: 123.6037 LossCVT: 1631.335 LossQE: 4.356825 Lambda_CVT: 0.07309773
filepath = /home/yiming/research/CWF/data/Chain/Ours_30000_chain_RVD.obj
cover-only energy: 37.26943 maxViolation: 0.03329524 invalidSeeds: 45
cover-only energy: 1044.152 maxViolation: 0.6416045 invalidSeeds: 1078
cover-only energy: 2170.958 maxViolation: 0.6970052 invalidSeeds: 1454
cover-only energy: 35.16018 maxViolation: 0.03634843 invalidSeeds: 44
cover-only energy: 2321.72 maxViolation: 0.6300023 invalidSeeds: 1675
cover-only energy: 2232.552 maxViolation: 0.6740072 invalidSeeds: 1639
cover-only energy: 22.76944 maxViolation: 0.04140021 invalidSeeds: 27
cover-only energy: 2094.017 maxViolation: 0.493291 invalidSeeds: 1608
cover-only energy: 1901.499 maxViolation: 0.4701981 invalidSeeds: 1450
cover-only energy: 43.07578 maxViolation: 0.09532515 invalidSeeds: 27
cover-only energy: 1724.462 maxViolation: 0.4457798 invalidSeeds: 1387
filepath = /home/yiming/research/CWF/data/Man/Ours_50000_man_RVD.obj
cover-only energy: 1738.602 maxViolation: 0.4743114 invalidSeeds: 1417
cover-only energy: 1493.693 maxViolation: 0.5062048 invalidSeeds: 1278
energy: 0.996827 LossCVT: 13.31974 LossQE: 0.02318419 Lambda_CVT: 0.07309773
cover-only energy: 1520.935 maxViolation: 0.7621035 invalidSeeds: 1220
cover-only energy: 1377.387 maxViolation: 0.7133341 invalidSeeds: 1100
filepath = /home/yiming/research/CWF/data/Man/Ours_50000_man_RVD.obj
cover-only energy: 1243.422 maxViolation: 0.6444937 invalidSeeds: 1093
cover-only energy: 1224.09 maxViolation: 0.5056433 invalidSeeds: 1071
cover-only energy: 167.9969 maxViolation: 0.03265192 invalidSeeds: 325
cover-only energy: 1147.252 maxViolation: 0.5025672 invalidSeeds: 1001
cover-only energy: 1075.746 maxViolation: 0.7642621 invalidSeeds: 945
cover-only energy: 95.63649 maxViolation: 0.05619201 invalidSeeds: 86
cover-only energy: 1002.444 maxViolation: 0.757623 invalidSeeds: 905
cover-only energy: 937.9885 maxViolation: 0.7302425 invalidSeeds: 836
cover-only energy: 130.3205 maxViolation: 0.07481411 invalidSeeds: 105
cover-only energy: 881.7109 maxViolation: 0.7647568 invalidSeeds: 806
cover-only energy: 114.1519 maxViolation: 0.07296731 invalidSeeds: 89
cover-only energy: 868.0637 maxViolation: 0.7760903 invalidSeeds: 761
cover-only energy: 758.3071 maxViolation: 0.7094256 invalidSeeds: 696
cover-only energy: 107.8532 maxViolation: 0.051879 invalidSeeds: 98
filepath = /home/yiming/research/CWF/data/Chain/Ours_30000_chain_RVD.obj
energy: 131.165 LossCVT: 1678.388 LossQE: 8.478723 Lambda_CVT: 0.07309773
cover-only energy: 106.6785 maxViolation: 0.06307327 invalidSeeds: 71
filepath = /home/yiming/research/CWF/data/Chain/Ours_30000_chain_RVD.obj
cover-only energy: 1193.969 maxViolation: 0.4706954 invalidSeeds: 1132
cover-only energy: 74.5897 maxViolation: 0.09003962 invalidSeeds: 73
cover-only energy: 2469.89 maxViolation: 0.5827247 invalidSeeds: 1634
cover-only energy: 2720.104 maxViolation: 0.5436273 invalidSeeds: 1814
cover-only energy: 65.95127 maxViolation: 0.05749046 invalidSeeds: 59
cover-only energy: 2266.708 maxViolation: 0.7120261 invalidSeeds: 1632
cover-only energy: 1875.087 maxViolation: 0.579637 invalidSeeds: 1524
cover-only energy: 54.38721 maxViolation: 0.0519856 invalidSeeds: 51
cover-only energy: 1751.94 maxViolation: 0.4518313 invalidSeeds: 1388
cover-only energy: 1552.847 maxViolation: 0.4428897 invalidSeeds: 1262
cover-only energy: 49.15941 maxViolation: 0.04278777 invalidSeeds: 47
cover-only energy: 1501.299 maxViolation: 0.5359805 invalidSeeds: 1273
cover-only energy: 37.48449 maxViolation: 0.0473635 invalidSeeds: 35
cover-only energy: 1352.639 maxViolation: 0.5202942 invalidSeeds: 1154
cover-only energy: 1336.375 maxViolation: 0.797875 invalidSeeds: 1094
cover-only energy: 54.28868 maxViolation: 0.05627626 invalidSeeds: 56
cover-only energy: 1159.391 maxViolation: 0.7537507 invalidSeeds: 1042
cover-only energy: 1119.29 maxViolation: 0.6819606 invalidSeeds: 1040
cover-only energy: 65.03547 maxViolation: 0.09508467 invalidSeeds: 55
cover-only energy: 922.3474 maxViolation: 0.6377777 invalidSeeds: 845
cover-only energy: 899.7651 maxViolation: 0.5708159 invalidSeeds: 806
cover-only energy: 40.65587 maxViolation: 0.08966596 invalidSeeds: 35
cover-only energy: 818.1075 maxViolation: 0.4514809 invalidSeeds: 708
cover-only energy: 872.7189 maxViolation: 0.5930359 invalidSeeds: 761
cover-only energy: 59.84326 maxViolation: 0.09016326 invalidSeeds: 62
cover-only energy: 738.7482 maxViolation: 0.5962411 invalidSeeds: 671
cover-only energy: 57.93848 maxViolation: 0.09042898 invalidSeeds: 48
cover-only energy: 751.7845 maxViolation: 0.589899 invalidSeeds: 635
cover-only energy: 717.2542 maxViolation: 0.5696523 invalidSeeds: 683
cover-only energy: 52.75036 maxViolation: 0.0809034 invalidSeeds: 51
cover-only energy: 658.3587 maxViolation: 0.8641796 invalidSeeds: 571
filepath = /home/yiming/research/CWF/data/Chain/Ours_30000_chain_RVD.obj
cover-only energy: 41.38672 maxViolation: 0.08812183 invalidSeeds: 44
energy: 132.7376 LossCVT: 1696.116 LossQE: 8.755339 Lambda_CVT: 0.07309773
filepath = /home/yiming/research/CWF/data/Chain/Ours_30000_chain_RVD.obj
cover-only energy: 42.42402 maxViolation: 0.08869178 invalidSeeds: 41
cover-only energy: 1311.165 maxViolation: 0.5234084 invalidSeeds: 1199
cover-only energy: 2185.53 maxViolation: 0.5619258 invalidSeeds: 1460
cover-only energy: 30.39687 maxViolation: 0.09264252 invalidSeeds: 31
cover-only energy: 2445.508 maxViolation: 0.5497705 invalidSeeds: 1653
filepath = /home/yiming/research/CWF/data/Man/Ours_50000_man_RVD.obj
cover-only energy: 2231.914 maxViolation: 0.5693153 invalidSeeds: 1604
cover-only energy: 2189.775 maxViolation: 0.5869765 invalidSeeds: 1644
energy: 0.9937694 LossCVT: 13.28239 LossQE: 0.02285655 Lambda_CVT: 0.07309773
cover-only energy: 1969.408 maxViolation: 0.9118745 invalidSeeds: 1406
cover-only energy: 1756.223 maxViolation: 0.7481755 invalidSeeds: 1400
filepath = /home/yiming/research/CWF/data/Man/Ours_50000_man_RVD.obj
cover-only energy: 1550.154 maxViolation: 0.8078294 invalidSeeds: 1188
cover-only energy: 1432.1 maxViolation: 0.7933468 invalidSeeds: 1185
cover-only energy: 218.2734 maxViolation: 0.08370654 invalidSeeds: 320
cover-only energy: 1292.258 maxViolation: 0.7961975 invalidSeeds: 1070
cover-only energy: 1167.619 maxViolation: 0.7380715 invalidSeeds: 1021
cover-only energy: 196.6336 maxViolation: 0.08983113 invalidSeeds: 139
cover-only energy: 1129.235 maxViolation: 0.6284708 invalidSeeds: 927
cover-only energy: 1118.901 maxViolation: 0.6059002 invalidSeeds: 924
cover-only energy: 152.1341 maxViolation: 0.08406776 invalidSeeds: 113
cover-only energy: 932.4384 maxViolation: 0.5871957 invalidSeeds: 827
cover-only energy: 927.8104 maxViolation: 0.591614 invalidSeeds: 830
cover-only energy: 131.5141 maxViolation: 0.0994718 invalidSeeds: 100
cover-only energy: 894.4425 maxViolation: 0.5542884 invalidSeeds: 814
cover-only energy: 94.7768 maxViolation: 0.05980142 invalidSeeds: 79
cover-only energy: 814.4071 maxViolation: 0.5286793 invalidSeeds: 774
cover-only energy: 791.703 maxViolation: 0.5390023 invalidSeeds: 693
cover-only energy: 63.93379 maxViolation: 0.09016729 invalidSeeds: 53
cover-only energy: 698.3541 maxViolation: 0.539877 invalidSeeds: 696
cover-only energy: 634.6438 maxViolation: 0.536803 invalidSeeds: 639
cover-only energy: 72.43069 maxViolation: 0.1500866 invalidSeeds: 50
filepath = /home/yiming/research/CWF/data/Chain/Ours_30000_chain_RVD.obj
energy: 136.704 LossCVT: 1715.475 LossQE: 11.30666 Lambda_CVT: 0.07309773
cover-only energy: 72.88713 maxViolation: 0.110085 invalidSeeds: 53
filepath = /home/yiming/research/CWF/data/Chain/Ours_30000_chain_RVD.obj
cover-only energy: 1279.561 maxViolation: 0.5952849 invalidSeeds: 1167
cover-only energy: 58.03143 maxViolation: 0.06964228 invalidSeeds: 46
cover-only energy: 2861.338 maxViolation: 0.7249457 invalidSeeds: 1724
cover-only energy: 54.38337 maxViolation: 0.08560916 invalidSeeds: 48
cover-only energy: 3052.709 maxViolation: 0.7935251 invalidSeeds: 1946
cover-only energy: 2884.762 maxViolation: 0.7673008 invalidSeeds: 1929
cover-only energy: 41.32448 maxViolation: 0.07433821 invalidSeeds: 38
cover-only energy: 2539.133 maxViolation: 0.4834529 invalidSeeds: 1834
cover-only energy: 2397.568 maxViolation: 0.6641353 invalidSeeds: 1806
cover-only energy: 47.48607 maxViolation: 0.06287914 invalidSeeds: 47
cover-only energy: 2260.615 maxViolation: 0.6191351 invalidSeeds: 1695
cover-only energy: 1995.101 maxViolation: 0.606068 invalidSeeds: 1532
cover-only energy: 34.43244 maxViolation: 0.06316851 invalidSeeds: 27
cover-only energy: 1798.049 maxViolation: 0.8294815 invalidSeeds: 1411
cover-only energy: 1581.628 maxViolation: 0.5266162 invalidSeeds: 1281
cover-only energy: 28.34396 maxViolation: 0.04409569 invalidSeeds: 31
cover-only energy: 1358.803 maxViolation: 0.7394433 invalidSeeds: 1156
cover-only energy: 1244.524 maxViolation: 0.9027073 invalidSeeds: 1129
cover-only energy: 19.39437 maxViolation: 0.03148627 invalidSeeds: 24
cover-only energy: 1149.528 maxViolation: 0.7832738 invalidSeeds: 1015
cover-only energy: 12.93059 maxViolation: 0.03004887 invalidSeeds: 20
cover-only energy: 1131.823 maxViolation: 0.6699729 invalidSeeds: 947
cover-only energy: 1006.922 maxViolation: 0.5729179 invalidSeeds: 828
cover-only energy: 11.56192 maxViolation: 0.02884866 invalidSeeds: 16
cover-only energy: 923.8953 maxViolation: 0.5689747 invalidSeeds: 809
cover-only energy: 943.6673 maxViolation: 0.5469806 invalidSeeds: 889
cover-only energy: 6.832813 maxViolation: 0.02443226 invalidSeeds: 9
cover-only energy: 867.5613 maxViolation: 0.5585082 invalidSeeds: 805
cover-only energy: 805.1811 maxViolation: 0.5964477 invalidSeeds: 722
cover-only energy: 6.922784 maxViolation: 0.01859447 invalidSeeds: 12
cover-only energy: 786.0996 maxViolation: 0.5803455 invalidSeeds: 688
filepath = /home/yiming/research/CWF/data/Chain/Ours_30000_chain_RVD.obj
cover-only energy: 5.71922 maxViolation: 0.01423759 invalidSeeds: 8
energy: 139.6139 LossCVT: 1741.661 LossQE: 12.30237 Lambda_CVT: 0.07309773
filepath = /home/yiming/research/CWF/data/Chain/Ours_30000_chain_RVD.obj
filepath = /home/yiming/research/CWF/data/Man/Ours_50000_man_RVD.obj
cover-only energy: 1398.609 maxViolation: 0.5405185 invalidSeeds: 1311
energy: 0.9978127 LossCVT: 13.31995 LossQE: 0.02415493 Lambda_CVT: 0.07309773
cover-only energy: 3115.597 maxViolation: 0.7362533 invalidSeeds: 1881
cover-only energy: 3634.119 maxViolation: 0.7467684 invalidSeeds: 2212
filepath = /home/yiming/research/CWF/data/Man/Ours_50000_man_RVD.obj
cover-only energy: 3166.322 maxViolation: 0.661635 invalidSeeds: 2050
cover-only energy: 3041.579 maxViolation: 0.8968326 invalidSeeds: 1995
cover-only energy: 169.1424 maxViolation: 0.07134407 invalidSeeds: 268
cover-only energy: 2492.263 maxViolation: 0.8467816 invalidSeeds: 1759
cover-only energy: 2299.391 maxViolation: 0.9505877 invalidSeeds: 1623
cover-only energy: 119.6965 maxViolation: 0.05566997 invalidSeeds: 95
cover-only energy: 2117.236 maxViolation: 0.642395 invalidSeeds: 1546
cover-only energy: 2161.143 maxViolation: 0.9245035 invalidSeeds: 1579
cover-only energy: 185.4976 maxViolation: 0.1719972 invalidSeeds: 99
cover-only energy: 1941.789 maxViolation: 0.6950618 invalidSeeds: 1459
cover-only energy: 186.1966 maxViolation: 0.1262328 invalidSeeds: 106
cover-only energy: 1785.99 maxViolation: 0.662274 invalidSeeds: 1388
cover-only energy: 1683.619 maxViolation: 0.6025901 invalidSeeds: 1338
cover-only energy: 159.7528 maxViolation: 0.1115112 invalidSeeds: 105
cover-only energy: 1526.648 maxViolation: 0.5435468 invalidSeeds: 1247
cover-only energy: 1532.583 maxViolation: 0.6773186 invalidSeeds: 1146
cover-only energy: 134.9675 maxViolation: 0.08847307 invalidSeeds: 95
cover-only energy: 1475.796 maxViolation: 0.7309651 invalidSeeds: 1117
cover-only energy: 1404.175 maxViolation: 0.7131061 invalidSeeds: 1125
cover-only energy: 98.14441 maxViolation: 0.07022806 invalidSeeds: 82
cover-only energy: 1371.107 maxViolation: 0.773739 invalidSeeds: 1121
cover-only energy: 1264.308 maxViolation: 0.7819581 invalidSeeds: 1087
cover-only energy: 110.8419 maxViolation: 0.08202531 invalidSeeds: 83
cover-only energy: 1250.799 maxViolation: 0.7654805 invalidSeeds: 1013
cover-only energy: 1272.388 maxViolation: 0.7503068 invalidSeeds: 1055
cover-only energy: 142.8316 maxViolation: 0.07623647 invalidSeeds: 112
filepath = /home/yiming/research/CWF/data/Chain/Ours_30000_chain_RVD.obj
cover-only energy: 67.22142 maxViolation: 0.05721136 invalidSeeds: 44
energy: 145.037 LossCVT: 1778.689 LossQE: 15.01886 Lambda_CVT: 0.07309773
filepath = /home/yiming/research/CWF/data/Chain/Ours_30000_chain_RVD.obj
cover-only energy: 49.89165 maxViolation: 0.06095741 invalidSeeds: 45
cover-only energy: 1859.48 maxViolation: 0.602429 invalidSeeds: 1525
cover-only energy: 3317.517 maxViolation: 0.7180642 invalidSeeds: 1939
cover-only energy: 46.37423 maxViolation: 0.05243233 invalidSeeds: 47
cover-only energy: 3418.469 maxViolation: 0.9554277 invalidSeeds: 2107
cover-only energy: 3176.75 maxViolation: 0.9093346 invalidSeeds: 2038
cover-only energy: 53.04577 maxViolation: 0.04245413 invalidSeeds: 53
cover-only energy: 3224.838 maxViolation: 0.756168 invalidSeeds: 2046
cover-only energy: 43.72431 maxViolation: 0.04180078 invalidSeeds: 45
cover-only energy: 2673.165 maxViolation: 0.7100874 invalidSeeds: 1748
cover-only energy: 2692.933 maxViolation: 0.6406902 invalidSeeds: 1720
cover-only energy: 41.5591 maxViolation: 0.05157656 invalidSeeds: 37
cover-only energy: 2455.202 maxViolation: 0.985812 invalidSeeds: 1677
cover-only energy: 1947.634 maxViolation: 0.6898563 invalidSeeds: 1480
cover-only energy: 55.03884 maxViolation: 0.06822113 invalidSeeds: 42
cover-only energy: 1944.871 maxViolation: 0.6586084 invalidSeeds: 1434
cover-only energy: 1712.65 maxViolation: 0.6429568 invalidSeeds: 1212
cover-only energy: 46.26251 maxViolation: 0.1416092 invalidSeeds: 27
cover-only energy: 1524.019 maxViolation: 0.7655643 invalidSeeds: 1175
cover-only energy: 1358.005 maxViolation: 0.6414765 invalidSeeds: 1129
cover-only energy: 33.3395 maxViolation: 0.03603411 invalidSeeds: 26
cover-only energy: 1304.39 maxViolation: 0.6499388 invalidSeeds: 1017
cover-only energy: 35.13021 maxViolation: 0.07680298 invalidSeeds: 26
cover-only energy: 1202.639 maxViolation: 0.6536504 invalidSeeds: 915
cover-only energy: 1033.172 maxViolation: 0.6529721 invalidSeeds: 850
cover-only energy: 34.68029 maxViolation: 0.1214332 invalidSeeds: 19
cover-only energy: 920.1697 maxViolation: 0.6143856 invalidSeeds: 818
cover-only energy: 957.1568 maxViolation: 0.6061344 invalidSeeds: 769
filepath = /home/yiming/research/CWF/data/Man/Ours_50000_man_RVD.obj
cover-only energy: 789.2066 maxViolation: 0.6232795 invalidSeeds: 677
cover-only energy: 701.1505 maxViolation: 0.6174593 invalidSeeds: 651
energy: 0.9954552 LossCVT: 13.29784 LossQE: 0.0234135 Lambda_CVT: 0.07309773
filepath = /home/yiming/research/CWF/data/Chain/Ours_30000_chain_RVD.obj
energy: 146.9387 LossCVT: 1798.151 LossQE: 15.498 Lambda_CVT: 0.07309773
filepath = /home/yiming/research/CWF/data/Man/Ours_50000_man_RVD.obj
filepath = /home/yiming/research/CWF/data/Chain/Ours_30000_chain_RVD.obj
cover-only energy: 1582.261 maxViolation: 0.7379178 invalidSeeds: 1310
cover-only energy: 163.5073 maxViolation: 0.08230826 invalidSeeds: 242
cover-only energy: 3280.027 maxViolation: 0.8288016 invalidSeeds: 2036
cover-only energy: 3415.353 maxViolation: 0.7479122 invalidSeeds: 2202
cover-only energy: 149.913 maxViolation: 0.0888409 invalidSeeds: 98
cover-only energy: 3197.619 maxViolation: 0.8787982 invalidSeeds: 2089
cover-only energy: 89.04577 maxViolation: 0.08756635 invalidSeeds: 70
cover-only energy: 2772.987 maxViolation: 0.7024205 invalidSeeds: 1904
cover-only energy: 2445.201 maxViolation: 0.5333324 invalidSeeds: 1793
cover-only energy: 88.58712 maxViolation: 0.06380633 invalidSeeds: 56
cover-only energy: 1936.985 maxViolation: 0.4896835 invalidSeeds: 1614
cover-only energy: 1737.735 maxViolation: 0.8459822 invalidSeeds: 1406
cover-only energy: 51.79125 maxViolation: 0.0810898 invalidSeeds: 40
cover-only energy: 1464.679 maxViolation: 0.6695388 invalidSeeds: 1254
cover-only energy: 1191.384 maxViolation: 0.7547009 invalidSeeds: 1141
cover-only energy: 76.34087 maxViolation: 0.08513713 invalidSeeds: 54
cover-only energy: 1191.788 maxViolation: 0.7242966 invalidSeeds: 1033
cover-only energy: 1111.193 maxViolation: 0.6930439 invalidSeeds: 1090
cover-only energy: 71.39264 maxViolation: 0.09030563 invalidSeeds: 55
cover-only energy: 1032.221 maxViolation: 0.7254251 invalidSeeds: 921
cover-only energy: 89.09855 maxViolation: 0.07724675 invalidSeeds: 64
cover-only energy: 965.7981 maxViolation: 0.7326742 invalidSeeds: 833
cover-only energy: 887.4694 maxViolation: 0.6566463 invalidSeeds: 785
cover-only energy: 72.9351 maxViolation: 0.0759648 invalidSeeds: 56
cover-only energy: 916.6924 maxViolation: 0.6651571 invalidSeeds: 788
cover-only energy: 853.5893 maxViolation: 0.7281702 invalidSeeds: 799
cover-only energy: 66.38211 maxViolation: 0.08061782 invalidSeeds: 49
cover-only energy: 859.5033 maxViolation: 0.7658062 invalidSeeds: 741
cover-only energy: 799.9882 maxViolation: 0.7640926 invalidSeeds: 745
cover-only energy: 35.87694 maxViolation: 0.03897406 invalidSeeds: 38
cover-only energy: 685.8116 maxViolation: 0.8429307 invalidSeeds: 672
filepath = /home/yiming/research/CWF/data/Chain/Ours_30000_chain_RVD.obj
cover-only energy: 36.52233 maxViolation: 0.0371923 invalidSeeds: 45
energy: 150.7831 LossCVT: 1819.539 LossQE: 17.77894 Lambda_CVT: 0.07309773
filepath = /home/yiming/research/CWF/data/Chain/Ours_30000_chain_RVD.obj
cover-only energy: 49.2767 maxViolation: 0.06817953 invalidSeeds: 42
cover-only energy: 1685.173 maxViolation: 0.8104547 invalidSeeds: 1400
cover-only energy: 15.61302 maxViolation: 0.0418864 invalidSeeds: 24
cover-only energy: 2993.967 maxViolation: 0.7659853 invalidSeeds: 1924
cover-only energy: 3089.669 maxViolation: 0.636752 invalidSeeds: 2034
cover-only energy: 13.30138 maxViolation: 0.02732226 invalidSeeds: 18
cover-only energy: 2935.642 maxViolation: 0.9472733 invalidSeeds: 1960
cover-only energy: 2589.331 maxViolation: 0.716543 invalidSeeds: 1811
cover-only energy: 11.22 maxViolation: 0.01571332 invalidSeeds: 19
cover-only energy: 2424.851 maxViolation: 0.7416094 invalidSeeds: 1697
cover-only energy: 2087.793 maxViolation: 0.7975829 invalidSeeds: 1531
cover-only energy: 6.091865 maxViolation: 0.0151433 invalidSeeds: 9
cover-only energy: 1807.426 maxViolation: 1.003347 invalidSeeds: 1445
cover-only energy: 2.547281 maxViolation: 0.004609315 invalidSeeds: 7
cover-only energy: 1716.1 maxViolation: 0.6516624 invalidSeeds: 1400
cover-only energy: 1696.952 maxViolation: 0.636732 invalidSeeds: 1366
cover-only energy: 0.9782697 maxViolation: 0.002155407 invalidSeeds: 3
cover-only energy: 1604.316 maxViolation: 0.7067585 invalidSeeds: 1287
cover-only energy: 1389.566 maxViolation: 0.6867144 invalidSeeds: 1126
cover-only energy: 0.9947144 maxViolation: 0.001194583 invalidSeeds: 4
cover-only energy: 1251.661 maxViolation: 0.7139 invalidSeeds: 1083
cover-only energy: 1166.497 maxViolation: 0.6238474 invalidSeeds: 981
filepath = /home/yiming/research/CWF/data/Man/Ours_50000_man_RVD.obj
cover-only energy: 1094.429 maxViolation: 0.851936 invalidSeeds: 897
energy: 0.9980899 LossCVT: 13.32684 LossQE: 0.02392819 Lambda_CVT: 0.07309773
cover-only energy: 985.8737 maxViolation: 0.8610013 invalidSeeds: 872
cover-only energy: 999.909 maxViolation: 0.8224693 invalidSeeds: 871
filepath = /home/yiming/research/CWF/data/Man/Ours_50000_man_RVD.obj
cover-only energy: 952.7567 maxViolation: 0.7936964 invalidSeeds: 842
cover-only energy: 874.4588 maxViolation: 0.7784124 invalidSeeds: 759
cover-only energy: 160.8791 maxViolation: 0.08088471 invalidSeeds: 213
cover-only energy: 845.0104 maxViolation: 0.7655882 invalidSeeds: 746
filepath = /home/yiming/research/CWF/data/Chain/Ours_30000_chain_RVD.obj
cover-only energy: 61.82605 maxViolation: 0.1065565 invalidSeeds: 53
energy: 153.4887 LossCVT: 1839.87 LossQE: 18.99836 Lambda_CVT: 0.07309773
filepath = /home/yiming/research/CWF/data/Chain/Ours_30000_chain_RVD.obj
cover-only energy: 81.87313 maxViolation: 0.09000373 invalidSeeds: 57
cover-only energy: 1623.247 maxViolation: 0.9711652 invalidSeeds: 1363
cover-only energy: 3055.886 maxViolation: 0.8077693 invalidSeeds: 1894
cover-only energy: 59.52559 maxViolation: 0.0651041 invalidSeeds: 57
cover-only energy: 3258.106 maxViolation: 0.7681654 invalidSeeds: 2070
cover-only energy: 40.32874 maxViolation: 0.06558773 invalidSeeds: 29
cover-only energy: 3032.821 maxViolation: 0.7417236 invalidSeeds: 2054
cover-only energy: 2541.35 maxViolation: 0.5721099 invalidSeeds: 1864
cover-only energy: 41.54953 maxViolation: 0.03386427 invalidSeeds: 42
cover-only energy: 2321.686 maxViolation: 1.161434 invalidSeeds: 1751
cover-only energy: 2219.975 maxViolation: 1.088986 invalidSeeds: 1665
cover-only energy: 30.83986 maxViolation: 0.06373206 invalidSeeds: 28
cover-only energy: 1958.087 maxViolation: 1.134945 invalidSeeds: 1478
cover-only energy: 1661.841 maxViolation: 1.09033 invalidSeeds: 1352
cover-only energy: 58.19631 maxViolation: 0.08744155 invalidSeeds: 32
cover-only energy: 1692.361 maxViolation: 1.160668 invalidSeeds: 1350
cover-only energy: 1652.386 maxViolation: 1.137273 invalidSeeds: 1233
cover-only energy: 42.25129 maxViolation: 0.07091048 invalidSeeds: 29
cover-only energy: 1432.432 maxViolation: 1.114645 invalidSeeds: 1231
cover-only energy: 51.43669 maxViolation: 0.08665143 invalidSeeds: 30
cover-only energy: 1436.322 maxViolation: 1.061086 invalidSeeds: 1136
cover-only energy: 1351.247 maxViolation: 0.7452895 invalidSeeds: 1124
cover-only energy: 38.48043 maxViolation: 0.05159644 invalidSeeds: 32
cover-only energy: 1147.952 maxViolation: 0.6647057 invalidSeeds: 1000
cover-only energy: 1075.56 maxViolation: 0.7959597 invalidSeeds: 880
cover-only energy: 35.40088 maxViolation: 0.05764649 invalidSeeds: 37
cover-only energy: 1072.709 maxViolation: 0.6176857 invalidSeeds: 890
cover-only energy: 1011.683 maxViolation: 0.6037929 invalidSeeds: 884
cover-only energy: 20.90791 maxViolation: 0.05467472 invalidSeeds: 19
cover-only energy: 1019.91 maxViolation: 0.7262278 invalidSeeds: 826
cover-only energy: 905.2296 maxViolation: 0.8853518 invalidSeeds: 792
cover-only energy: 26.14578 maxViolation: 0.05139775 invalidSeeds: 34
filepath = /home/yiming/research/CWF/data/Chain/Ours_30000_chain_RVD.obj
cover-only energy: 25.97986 maxViolation: 0.05102635 invalidSeeds: 24
energy: 158.4723 LossCVT: 1864.068 LossQE: 22.21315 Lambda_CVT: 0.07309773
filepath = /home/yiming/research/CWF/data/Chain/Ours_30000_chain_RVD.obj
cover-only energy: 35.96628 maxViolation: 0.06675832 invalidSeeds: 22
cover-only energy: 1640.786 maxViolation: 0.6707069 invalidSeeds: 1472
cover-only energy: 3545.53 maxViolation: 0.7583799 invalidSeeds: 2150
cover-only energy: 23.68447 maxViolation: 0.07028704 invalidSeeds: 11
cover-only energy: 3519.379 maxViolation: 0.95516 invalidSeeds: 2196
cover-only energy: 3625.034 maxViolation: 0.9030646 invalidSeeds: 2317
cover-only energy: 28.23687 maxViolation: 0.06063972 invalidSeeds: 18
cover-only energy: 3111.659 maxViolation: 0.7834762 invalidSeeds: 1992
cover-only energy: 2762.932 maxViolation: 0.9314975 invalidSeeds: 1877
cover-only energy: 48.81993 maxViolation: 0.04780906 invalidSeeds: 35
cover-only energy: 2550.815 maxViolation: 0.7780121 invalidSeeds: 1758
cover-only energy: 32.47118 maxViolation: 0.04018977 invalidSeeds: 27
cover-only energy: 2240.198 maxViolation: 0.9858618 invalidSeeds: 1551
cover-only energy: 1951.069 maxViolation: 1.096593 invalidSeeds: 1476
filepath = /home/yiming/research/CWF/data/Man/Ours_50000_man_RVD.obj
cover-only energy: 1737.978 maxViolation: 1.221108 invalidSeeds: 1287
cover-only energy: 1741.078 maxViolation: 1.083758 invalidSeeds: 1274
energy: 0.9950388 LossCVT: 13.29976 LossQE: 0.02285643 Lambda_CVT: 0.07309773
cover-only energy: 1417.979 maxViolation: 1.163496 invalidSeeds: 1163
cover-only energy: 1255.171 maxViolation: 0.9657274 invalidSeeds: 1024
filepath = /home/yiming/research/CWF/data/Man/Ours_50000_man_RVD.obj
cover-only energy: 1045.15 maxViolation: 0.7524814 invalidSeeds: 898
cover-only energy: 989.7273 maxViolation: 0.7818407 invalidSeeds: 837
cover-only energy: 169.1423 maxViolation: 0.09067512 invalidSeeds: 241
cover-only energy: 909.6154 maxViolation: 0.7389419 invalidSeeds: 772
cover-only energy: 864.6966 maxViolation: 0.5842065 invalidSeeds: 779
cover-only energy: 129.7296 maxViolation: 0.1363647 invalidSeeds: 83
cover-only energy: 815.5082 maxViolation: 0.5568366 invalidSeeds: 707
cover-only energy: 84.06706 maxViolation: 0.1218164 invalidSeeds: 65
cover-only energy: 682.835 maxViolation: 0.6173304 invalidSeeds: 625
cover-only energy: 676.588 maxViolation: 1.085569 invalidSeeds: 626
cover-only energy: 73.91735 maxViolation: 0.1102415 invalidSeeds: 53
filepath = /home/yiming/research/CWF/data/Chain/Ours_30000_chain_RVD.obj
energy: 162.2435 LossCVT: 1888.707 LossQE: 24.18337 Lambda_CVT: 0.07309773
cover-only energy: 91.49424 maxViolation: 0.0963505 invalidSeeds: 59
filepath = /home/yiming/research/CWF/data/Chain/Ours_30000_chain_RVD.obj
cover-only energy: 1647.911 maxViolation: 1.025657 invalidSeeds: 1394
cover-only energy: 61.38783 maxViolation: 0.08074912 invalidSeeds: 58
cover-only energy: 3468.961 maxViolation: 0.8005566 invalidSeeds: 2000
cover-only energy: 3424.586 maxViolation: 0.8961387 invalidSeeds: 2097
cover-only energy: 38.24863 maxViolation: 0.06637381 invalidSeeds: 45
cover-only energy: 2924.753 maxViolation: 0.8317335 invalidSeeds: 1927
cover-only energy: 42.74214 maxViolation: 0.05755927 invalidSeeds: 33
cover-only energy: 2682.594 maxViolation: 0.6845816 invalidSeeds: 1952
cover-only energy: 2444.99 maxViolation: 0.751115 invalidSeeds: 1824
cover-only energy: 19.40794 maxViolation: 0.04309029 invalidSeeds: 19
cover-only energy: 2247.968 maxViolation: 0.957446 invalidSeeds: 1622
cover-only energy: 2046.49 maxViolation: 0.7445482 invalidSeeds: 1526
cover-only energy: 12.92841 maxViolation: 0.03121827 invalidSeeds: 11
cover-only energy: 1933.36 maxViolation: 0.6151508 invalidSeeds: 1464
cover-only energy: 1688.519 maxViolation: 0.514775 invalidSeeds: 1316
cover-only energy: 3.094544 maxViolation: 0.02275714 invalidSeeds: 3
cover-only energy: 1582.286 maxViolation: 0.5894409 invalidSeeds: 1247
cover-only energy: 1367.502 maxViolation: 0.6551025 invalidSeeds: 1132
cover-only energy: 3.325207 maxViolation: 0.01645547 invalidSeeds: 3
cover-only energy: 1210.064 maxViolation: 0.6101588 invalidSeeds: 1021
cover-only energy: 1079.504 maxViolation: 0.5006997 invalidSeeds: 918
cover-only energy: 1.573544 maxViolation: 0.01152768 invalidSeeds: 3
cover-only energy: 869.3072 maxViolation: 0.4680612 invalidSeeds: 846
cover-only energy: 2.652451 maxViolation: 0.008140309 invalidSeeds: 5
cover-only energy: 869.6898 maxViolation: 0.4220453 invalidSeeds: 800
cover-only energy: 793.4926 maxViolation: 0.4478673 invalidSeeds: 715
cover-only energy: 1.101794 maxViolation: 0.006017275 invalidSeeds: 3
cover-only energy: 736.2373 maxViolation: 0.4513175 invalidSeeds: 685
cover-only energy: 723.1478 maxViolation: 0.4739556 invalidSeeds: 614
cover-only energy: 3.891575 maxViolation: 0.02218548 invalidSeeds: 3
cover-only energy: 655.0561 maxViolation: 0.5327983 invalidSeeds: 560
filepath = /home/yiming/research/CWF/data/Chain/Ours_30000_chain_RVD.obj
cover-only energy: 4.378987 maxViolation: 0.0234291 invalidSeeds: 5
energy: 165.8804 LossCVT: 1911.843 LossQE: 26.12902 Lambda_CVT: 0.07309773
filepath = /home/yiming/research/CWF/data/Chain/Ours_30000_chain_RVD.obj
cover-only energy: 6.336653 maxViolation: 0.02698748 invalidSeeds: 5
cover-only energy: 1824.513 maxViolation: 0.678708 invalidSeeds: 1535
cover-only energy: 10.92294 maxViolation: 0.02597489 invalidSeeds: 13
cover-only energy: 3220.698 maxViolation: 0.7510181 invalidSeeds: 1924
cover-only energy: 3588.553 maxViolation: 0.8550585 invalidSeeds: 2189
cover-only energy: 7.982053 maxViolation: 0.02502558 invalidSeeds: 9
cover-only energy: 3091.068 maxViolation: 0.7540868 invalidSeeds: 2098
cover-only energy: 2975.075 maxViolation: 0.7465769 invalidSeeds: 1928
filepath = /home/yiming/research/CWF/data/Man/Ours_50000_man_RVD.obj
cover-only energy: 2660.495 maxViolation: 0.9482709 invalidSeeds: 1852
cover-only energy: 2218.789 maxViolation: 0.8357655 invalidSeeds: 1592
energy: 0.9975861 LossCVT: 13.32166 LossQE: 0.02380297 Lambda_CVT: 0.07309773
cover-only energy: 2016.582 maxViolation: 0.8669894 invalidSeeds: 1506
cover-only energy: 1860.106 maxViolation: 0.8625241 invalidSeeds: 1430
filepath = /home/yiming/research/CWF/data/Man/Ours_50000_man_RVD.obj
cover-only energy: 1537.67 maxViolation: 0.815213 invalidSeeds: 1177
cover-only energy: 1460.387 maxViolation: 0.8373389 invalidSeeds: 1126
cover-only energy: 98.53162 maxViolation: 0.02988154 invalidSeeds: 150
cover-only energy: 1246.123 maxViolation: 0.7646259 invalidSeeds: 968
cover-only energy: 1091.616 maxViolation: 0.7061151 invalidSeeds: 874
cover-only energy: 39.31061 maxViolation: 0.0247745 invalidSeeds: 60
cover-only energy: 1062.223 maxViolation: 0.7880758 invalidSeeds: 897
cover-only energy: 47.53925 maxViolation: 0.03831692 invalidSeeds: 42
cover-only energy: 1036.057 maxViolation: 0.7489011 invalidSeeds: 839
cover-only energy: 793.6933 maxViolation: 0.684329 invalidSeeds: 718
cover-only energy: 38.24117 maxViolation: 0.03470032 invalidSeeds: 33
cover-only energy: 787.3704 maxViolation: 1.116525 invalidSeeds: 665
cover-only energy: 729.4235 maxViolation: 1.021732 invalidSeeds: 606
cover-only energy: 27.75528 maxViolation: 0.02225468 invalidSeeds: 34
cover-only energy: 743.0523 maxViolation: 0.9397346 invalidSeeds: 613
cover-only energy: 649.3038 maxViolation: 0.8830241 invalidSeeds: 551
cover-only energy: 14.04905 maxViolation: 0.03954366 invalidSeeds: 19
filepath = /home/yiming/research/CWF/data/Chain/Ours_30000_chain_RVD.obj
energy: 168.8165 LossCVT: 1926.876 LossQE: 27.96627 Lambda_CVT: 0.07309773
cover-only energy: 7.570857 maxViolation: 0.01285111 invalidSeeds: 12
filepath = /home/yiming/research/CWF/data/Chain/Ours_30000_chain_RVD.obj
cover-only energy: 1.12851 maxViolation: 0.001622801 invalidSeeds: 4
cover-only energy: 1753.019 maxViolation: 0.8571464 invalidSeeds: 1517
cover-only energy: 3326.195 maxViolation: 0.8146764 invalidSeeds: 2081
cover-only energy: 0.7153642 maxViolation: 0.0006322423 invalidSeeds: 3
cover-only energy: 3083.624 maxViolation: 0.6018803 invalidSeeds: 1981
cover-only energy: 2976.841 maxViolation: 0.9130555 invalidSeeds: 1914
cover-only energy: 0.6497896 maxViolation: 8.45237e-05 invalidSeeds: 3
cover-only energy: 2785.669 maxViolation: 0.8153837 invalidSeeds: 1846
cover-only energy: 2618.298 maxViolation: 0.8526303 invalidSeeds: 1840
cover-only energy: 0.6403908 maxViolation: 1.751957e-05 invalidSeeds: 3
cover-only energy: 2032.474 maxViolation: 0.7178966 invalidSeeds: 1499
cover-only energy: 1942.456 maxViolation: 1.009169 invalidSeeds: 1450
cover-only energy: 0.2136637 maxViolation: 1.508321e-05 invalidSeeds: 1
cover-only energy: 1612.999 maxViolation: 0.6297645 invalidSeeds: 1232
cover-only energy: 0.2134927 maxViolation: 1.2427e-05 invalidSeeds: 1
cover-only energy: 1539.48 maxViolation: 1.023724 invalidSeeds: 1175
cover-only energy: 1417.145 maxViolation: 1.061333 invalidSeeds: 1086
cover-only energy: 0.2133223 maxViolation: 9.780301e-06 invalidSeeds: 1
cover-only energy: 1410.491 maxViolation: 1.136577 invalidSeeds: 1174
cover-only energy: 1160.187 maxViolation: 0.6394729 invalidSeeds: 991
cover-only energy: 0.2131588 maxViolation: 7.240901e-06 invalidSeeds: 1
cover-only energy: 1172.226 maxViolation: 0.5866732 invalidSeeds: 939
cover-only energy: 1152.538 maxViolation: 0.7696027 invalidSeeds: 857
cover-only energy: 0.2130047 maxViolation: 4.84629e-06 invalidSeeds: 1
cover-only energy: 985.5071 maxViolation: 0.6604584 invalidSeeds: 829








[QuadCoverLike] init sites=7999 quads=1800 minMargin=-0.217465
[QuadCoverLike] iter=1 quads=1518 active=1 activeSites=4 frozenQuads=1 localActiveFrozenQuads=1 innerSteps=8 minMargin=-0.150401 maxMove=0.117902
[QuadCoverLike] iter=2 quads=1155 active=1 activeSites=4 frozenQuads=1 localActiveFrozenQuads=1 innerSteps=8 minMargin=-0.147982 maxMove=0.164331
[QuadCoverLike] iter=3 quads=1159 active=1 activeSites=4 frozenQuads=1 localActiveFrozenQuads=1 innerSteps=8 minMargin=-0.144421 maxMove=0.0557612
[QuadCoverLike] stop at iter=3 because frozen optimization found no real improving step. minMargin=-0.144421



[QuadCoverLike] iter=1 | Quads(total)=8515 | Active(start/end)=1524->80 | InitialLoss=0.0697544 | avg_r=0.133751
[QuadCoverLike] iter=2 | Quads(total)=3807 | Active(start/end)=652->67 | InitialLoss=0.0150078 | avg_r=0.13362
[QuadCoverLike] iter=3 | Quads(total)=3340 | Active(start/end)=465->56 | InitialLoss=0.00756913 | avg_r=0.133605
[QuadCoverLike] iter=4 | Quads(total)=3334 | Active(start/end)=365->47 | InitialLoss=0.00429509 | avg_r=0.133606
[QuadCoverLike] iter=5 | Quads(total)=3322 | Active(start/end)=281->38 | InitialLoss=0.00244754 | avg_r=0.133608
[QuadCoverLike] iter=6 | Quads(total)=3316 | Active(start/end)=241->43 | InitialLoss=0.0022105 | avg_r=0.133611
[QuadCoverLike] iter=7 | Quads(total)=3319 | Active(start/end)=211->50 | InitialLoss=0.0023733 | avg_r=0.133614
[QuadCoverLike] iter=8 | Quads(total)=3319 | Active(start/end)=179->36 | InitialLoss=0.00234382 | avg_r=0.133613
[QuadCoverLike] iter=9 | Quads(total)=3311 | Active(start/end)=151->36 | InitialLoss=0.00131303 | avg_r=0.133612
[QuadCoverLike] iter=10 | Quads(total)=3309 | Active(start/end)=129->32 | InitialLoss=0.00121472 | avg_r=0.133611
[QuadCoverLike] iter=11 | Quads(total)=3311 | Active(start/end)=126->31 | InitialLoss=0.00142786 | avg_r=0.133612
[QuadCoverLike] iter=12 | Quads(total)=3314 | Active(start/end)=116->27 | InitialLoss=0.00135698 | avg_r=0.133613
[QuadCoverLike] iter=13 | Quads(total)=3304 | Active(start/end)=100->22 | InitialLoss=0.00132782 | avg_r=0.133611
[QuadCoverLike] iter=14 | Quads(total)=3306 | Active(start/end)=89->25 | InitialLoss=0.000582239 | avg_r=0.133611
[QuadCoverLike] iter=15 | Quads(total)=3313 | Active(start/end)=89->28 | InitialLoss=0.00146652 | avg_r=0.133614
[QuadCoverLike] iter=16 | Quads(total)=3320 | Active(start/end)=91->25 | InitialLoss=0.00236618 | avg_r=0.133616
[QuadCoverLike] iter=17 | Quads(total)=3310 | Active(start/end)=82->20 | InitialLoss=0.00122886 | avg_r=0.133616
[QuadCoverLike] iter=18 | Quads(total)=3306 | Active(start/end)=78->25 | InitialLoss=0.0008776 | avg_r=0.133616
[QuadCoverLike] iter=19 | Quads(total)=3306 | Active(start/end)=81->23 | InitialLoss=0.000849417 | avg_r=0.133617
[QuadCoverLike] iter=20 | Quads(total)=3310 | Active(start/end)=76->18 | InitialLoss=0.000926344 | avg_r=0.133616
[QuadCoverLike] iter=21 | Quads(total)=3307 | Active(start/end)=71->21 | InitialLoss=0.000577395 | avg_r=0.133616
[QuadCoverLike] iter=22 | Quads(total)=3311 | Active(start/end)=68->24 | InitialLoss=0.000473571 | avg_r=0.133616
[QuadCoverLike] iter=23 | Quads(total)=3303 | Active(start/end)=61->21 | InitialLoss=0.000478259 | avg_r=0.133616
[QuadCoverLike] iter=24 | Quads(total)=3310 | Active(start/end)=70->16 | InitialLoss=0.00114074 | avg_r=0.133616
[QuadCoverLike] iter=25 | Quads(total)=3309 | Active(start/end)=72->13 | InitialLoss=0.00209496 | avg_r=0.133617
[QuadCoverLike] iter=26 | Quads(total)=3309 | Active(start/end)=59->21 | InitialLoss=0.000861445 | avg_r=0.133616
[QuadCoverLike] iter=27 | Quads(total)=3297 | Active(start/end)=45->19 | InitialLoss=0.000907348 | avg_r=0.133615
[QuadCoverLike] iter=28 | Quads(total)=3298 | Active(start/end)=46->20 | InitialLoss=0.000628371 | avg_r=0.133616
[QuadCoverLike] iter=29 | Quads(total)=3295 | Active(start/end)=39->14 | InitialLoss=0.000302803 | avg_r=0.133615
[QuadCoverLike] iter=30 | Quads(total)=3296 | Active(start/end)=34->11 | InitialLoss=0.000273727 | avg_r=0.133615
[QuadCoverLike] iter=31 | Quads(total)=3299 | Active(start/end)=41->11 | InitialLoss=0.000676844 | avg_r=0.133616
[QuadCoverLike] iter=32 | Quads(total)=3293 | Active(start/end)=35->14 | InitialLoss=0.00012371 | avg_r=0.133614
[QuadCoverLike] iter=33 | Quads(total)=3291 | Active(start/end)=31->12 | InitialLoss=0.000161063 | avg_r=0.133614
[QuadCoverLike] iter=34 | Quads(total)=3422 | Active(start/end)=41->11 | InitialLoss=0.00187893 | avg_r=0.133616
[QuadCoverLike] iter=35 | Quads(total)=3287 | Active(start/end)=25->10 | InitialLoss=0.000198597 | avg_r=0.133614
[QuadCoverLike] iter=36 | Quads(total)=3284 | Active(start/end)=25->8 | InitialLoss=2.49012e-05 | avg_r=0.133614
[QuadCoverLike] iter=37 | Quads(total)=3289 | Active(start/end)=23->7 | InitialLoss=2.10613e-05 | avg_r=0.133614
[QuadCoverLike] iter=38 | Quads(total)=3290 | Active(start/end)=19->9 | InitialLoss=3.24825e-05 | avg_r=0.133614
[QuadCoverLike] iter=39 | Quads(total)=3289 | Active(start/end)=21->11 | InitialLoss=2.76719e-05 | avg_r=0.133614
[QuadCoverLike] iter=40 | Quads(total)=3289 | Active(start/end)=20->8 | InitialLoss=2.98819e-05 | avg_r=0.133614
[QuadCoverLike] iter=41 | Quads(total)=3287 | Active(start/end)=18->6 | InitialLoss=3.41601e-05 | avg_r=0.133614
[QuadCoverLike] iter=42 | Quads(total)=3286 | Active(start/end)=17->6 | InitialLoss=2.66073e-05 | avg_r=0.133614
[QuadCoverLike] iter=43 | Quads(total)=3287 | Active(start/end)=16->5 | InitialLoss=7.64127e-05 | avg_r=0.133614
[QuadCoverLike] iter=44 | Quads(total)=3287 | Active(start/end)=14->3 | InitialLoss=4.32655e-05 | avg_r=0.133614
[QuadCoverLike] iter=45 | Quads(total)=3286 | Active(start/end)=10->3 | InitialLoss=6.72918e-06 | avg_r=0.133614
[QuadCoverLike] iter=46 | Quads(total)=3285 | Active(start/end)=8->4 | InitialLoss=7.31925e-07 | avg_r=0.133614
[QuadCoverLike] iter=47 | Quads(total)=3285 | Active(start/end)=10->5 | InitialLoss=3.89963e-07 | avg_r=0.133614
[QuadCoverLike] iter=48 | Quads(total)=3285 | Active(start/end)=11->3 | InitialLoss=2.40389e-07 | avg_r=0.133614
[QuadCoverLike] iter=49 | Quads(total)=3285 | Active(start/end)=9->3 | InitialLoss=1.958e-07 | avg_r=0.133614
[QuadCoverLike] iter=50 | Quads(total)=3285 | Active(start/end)=9->2 | InitialLoss=1.52268e-07 | avg_r=0.133614
[QuadCoverLike] iter=51 | Quads(total)=3285 | Active(start/end)=8->3 | InitialLoss=1.15984e-07 | avg_r=0.133614
[QuadCoverLike] iter=52 | Quads(total)=3286 | Active(start/end)=9->3 | InitialLoss=0.000205903 | avg_r=0.133614
[QuadCoverLike] iter=53 | Quads(total)=3287 | Active(start/end)=11->3 | InitialLoss=1.80409e-05 | avg_r=0.133614
[QuadCoverLike] iter=54 | Quads(total)=3291 | Active(start/end)=15->5 | InitialLoss=9.03365e-05 | avg_r=0.133614
[QuadCoverLike] iter=55 | Quads(total)=3285 | Active(start/end)=10->4 | InitialLoss=7.2659e-06 | avg_r=0.133614
[QuadCoverLike] iter=56 | Quads(total)=3284 | Active(start/end)=6->4 | InitialLoss=3.50446e-07 | avg_r=0.133614
[QuadCoverLike] iter=57 | Quads(total)=3285 | Active(start/end)=6->3 | InitialLoss=1.25859e-07 | avg_r=0.133614
[QuadCoverLike] iter=58 | Quads(total)=3285 | Active(start/end)=6->4 | InitialLoss=4.46254e-08 | avg_r=0.133614
[QuadCoverLike] iter=59 | Quads(total)=3285 | Active(start/end)=7->4 | InitialLoss=3.70884e-08 | avg_r=0.133614
[QuadCoverLike] iter=60 | Quads(total)=3285 | Active(start/end)=7->2 | InitialLoss=3.93097e-08 | avg_r=0.133614
[QuadCoverLike] iter=61 | Quads(total)=3285 | Active(start/end)=7->5 | InitialLoss=4.46841e-08 | avg_r=0.133614
[QuadCoverLike] iter=62 | Quads(total)=3285 | Active(start/end)=7->4 | InitialLoss=5.78677e-08 | avg_r=0.133614
[QuadCoverLike] iter=63 | Quads(total)=3285 | Active(start/end)=7->6 | InitialLoss=8.67254e-08 | avg_r=0.133614
[QuadCoverLike] iter=64 | Quads(total)=3285 | Active(start/end)=7->5 | InitialLoss=1.33913e-07 | avg_r=0.133614
[QuadCoverLike] iter=65 | Quads(total)=3285 | Active(start/end)=8->6 | InitialLoss=2.10643e-07 | avg_r=0.133614
[QuadCoverLike] iter=66 | Quads(total)=3285 | Active(start/end)=8->4 | InitialLoss=3.43429e-07 | avg_r=0.133614
[QuadCoverLike] iter=67 | Quads(total)=3285 | Active(start/end)=8->3 | InitialLoss=5.82747e-07 | avg_r=0.133614
[QuadCoverLike] iter=68 | Quads(total)=3285 | Active(start/end)=8->5 | InitialLoss=9.97881e-07 | avg_r=0.133614
[QuadCoverLike] iter=69 | Quads(total)=3286 | Active(start/end)=9->4 | InitialLoss=2.205e-06 | avg_r=0.133614
[QuadCoverLike] iter=70 | Quads(total)=3286 | Active(start/end)=6->5 | InitialLoss=7.03876e-07 | avg_r=0.133614
[QuadCoverLike] iter=71 | Quads(total)=3286 | Active(start/end)=5->7 | InitialLoss=6.03096e-07 | avg_r=0.133614
[QuadCoverLike] iter=72 | Quads(total)=3286 | Active(start/end)=6->4 | InitialLoss=5.28608e-07 | avg_r=0.133614
[QuadCoverLike] iter=73 | Quads(total)=3286 | Active(start/end)=6->3 | InitialLoss=9.15501e-07 | avg_r=0.133614
[QuadCoverLike] iter=74 | Quads(total)=3286 | Active(start/end)=6->4 | InitialLoss=3.55413e-07 | avg_r=0.133614
[QuadCoverLike] iter=75 | Quads(total)=3286 | Active(start/end)=5->4 | InitialLoss=1.22301e-07 | avg_r=0.133614
[QuadCoverLike] iter=76 | Quads(total)=3286 | Active(start/end)=5->5 | InitialLoss=8.01563e-08 | avg_r=0.133614
[QuadCoverLike] iter=77 | Quads(total)=3286 | Active(start/end)=5->5 | InitialLoss=7.98942e-08 | avg_r=0.133614
[QuadCoverLike] iter=78 | Quads(total)=3286 | Active(start/end)=5->5 | InitialLoss=7.74675e-08 | avg_r=0.133614
[QuadCoverLike] iter=79 | Quads(total)=3286 | Active(start/end)=5->3 | InitialLoss=7.57763e-08 | avg_r=0.133614
[QuadCoverLike] iter=80 | Quads(total)=3286 | Active(start/end)=5->3 | InitialLoss=1.60161e-08 | avg_r=0.133614
[QuadCoverLike] iter=81 | Quads(total)=3286 | Active(start/end)=4->4 | InitialLoss=8.18543e-09 | avg_r=0.133614
[QuadCoverLike] iter=82 | Quads(total)=3286 | Active(start/end)=5->4 | InitialLoss=3.18594e-09 | avg_r=0.133614
[QuadCoverLike] iter=83 | Quads(total)=3286 | Active(start/end)=5->3 | InitialLoss=9.08649e-10 | avg_r=0.133614
[QuadCoverLike] iter=84 | Quads(total)=3286 | Active(start/end)=6->4 | InitialLoss=6.28976e-10 | avg_r=0.133614
[QuadCoverLike] iter=85 | Quads(total)=3286 | Active(start/end)=6->4 | InitialLoss=6.00319e-10 | avg_r=0.133614
[QuadCoverLike] iter=86 | Quads(total)=3286 | Active(start/end)=6->3 | InitialLoss=5.12542e-10 | avg_r=0.133614
[QuadCoverLike] iter=87 | Quads(total)=3286 | Active(start/end)=6->5 | InitialLoss=5.70197e-10 | avg_r=0.133614
[QuadCoverLike] iter=88 | Quads(total)=3287 | Active(start/end)=7->4 | InitialLoss=7.17924e-07 | avg_r=0.133614
[QuadCoverLike] iter=89 | Quads(total)=3286 | Active(start/end)=6->3 | InitialLoss=7.52553e-08 | avg_r=0.133614
[QuadCoverLike] iter=90 | Quads(total)=3286 | Active(start/end)=6->5 | InitialLoss=1.29387e-07 | avg_r=0.133614
[QuadCoverLike] iter=91 | Quads(total)=3286 | Active(start/end)=6->5 | InitialLoss=2.23686e-07 | avg_r=0.133614
[QuadCoverLike] iter=92 | Quads(total)=3286 | Active(start/end)=6->5 | InitialLoss=2.27836e-07 | avg_r=0.133614
[QuadCoverLike] iter=93 | Quads(total)=3287 | Active(start/end)=6->5 | InitialLoss=1.95475e-07 | avg_r=0.133614








[QuadCoverLike] iter=1 | Quads(total)=174620 | Active(start/end)=94899->8750 | InitialLoss=22.7616 | avg_r=0.154749
[QuadCoverLike] iter=2 | Quads(total)=81370 | Active(start/end)=41149->10770 | InitialLoss=3.02639 | avg_r=0.148511
[QuadCoverLike] iter=3 | Quads(total)=54923 | Active(start/end)=27117->8637 | InitialLoss=1.22448 | avg_r=0.146685
[QuadCoverLike] iter=4 | Quads(total)=43884 | Active(start/end)=20852->7216 | InitialLoss=0.634485 | avg_r=0.1458
[QuadCoverLike] iter=5 | Quads(total)=40808 | Active(start/end)=17367->6154 | InitialLoss=0.35722 | avg_r=0.145276
[QuadCoverLike] iter=6 | Quads(total)=39648 | Active(start/end)=15042->5517 | InitialLoss=0.224122 | avg_r=0.144939
[QuadCoverLike] iter=7 | Quads(total)=38995 | Active(start/end)=13148->4867 | InitialLoss=0.152135 | avg_r=0.144714
[QuadCoverLike] iter=8 | Quads(total)=38448 | Active(start/end)=11470->4300 | InitialLoss=0.105177 | avg_r=0.144541
[QuadCoverLike] iter=9 | Quads(total)=38165 | Active(start/end)=10222->3895 | InitialLoss=0.0768386 | avg_r=0.144415
[QuadCoverLike] iter=10 | Quads(total)=37937 | Active(start/end)=9284->3620 | InitialLoss=0.0588976 | avg_r=0.14433
[QuadCoverLike] iter=11 | Quads(total)=37801 | Active(start/end)=8561->3394 | InitialLoss=0.0459322 | avg_r=0.144271
[QuadCoverLike] iter=12 | Quads(total)=37555 | Active(start/end)=7933->3187 | InitialLoss=0.0382789 | avg_r=0.14423
[QuadCoverLike] iter=13 | Quads(total)=37530 | Active(start/end)=7574->2992 | InitialLoss=0.035681 | avg_r=0.144203
[QuadCoverLike] iter=14 | Quads(total)=37451 | Active(start/end)=7068->2949 | InitialLoss=0.0304266 | avg_r=0.144172
[QuadCoverLike] iter=15 | Quads(total)=37431 | Active(start/end)=6786->2772 | InitialLoss=0.0311265 | avg_r=0.14415
[QuadCoverLike] iter=16 | Quads(total)=37344 | Active(start/end)=6434->2640 | InitialLoss=0.0251025 | avg_r=0.144128
[QuadCoverLike] iter=17 | Quads(total)=37341 | Active(start/end)=6229->2580 | InitialLoss=0.0214485 | avg_r=0.144111
[QuadCoverLike] iter=18 | Quads(total)=37299 | Active(start/end)=5979->2451 | InitialLoss=0.0204745 | avg_r=0.1441
[QuadCoverLike] iter=19 | Quads(total)=37252 | Active(start/end)=5725->2324 | InitialLoss=0.0185855 | avg_r=0.144089
[QuadCoverLike] iter=20 | Quads(total)=37181 | Active(start/end)=5460->2220 | InitialLoss=0.0158141 | avg_r=0.144076
[QuadCoverLike] iter=21 | Quads(total)=37102 | Active(start/end)=5274->2154 | InitialLoss=0.0159296 | avg_r=0.144067
[QuadCoverLike] iter=22 | Quads(total)=37062 | Active(start/end)=5072->2056 | InitialLoss=0.0147375 | avg_r=0.144053
[QuadCoverLike] iter=23 | Quads(total)=37078 | Active(start/end)=4924->1948 | InitialLoss=0.0157791 | avg_r=0.144043
[QuadCoverLike] iter=24 | Quads(total)=37052 | Active(start/end)=4775->1951 | InitialLoss=0.0163417 | avg_r=0.144036
[QuadCoverLike] iter=25 | Quads(total)=37031 | Active(start/end)=4622->1853 | InitialLoss=0.0122451 | avg_r=0.144026
[QuadCoverLike] iter=26 | Quads(total)=37032 | Active(start/end)=4487->1763 | InitialLoss=0.0109048 | avg_r=0.144016
[QuadCoverLike] iter=27 | Quads(total)=36973 | Active(start/end)=4331->1681 | InitialLoss=0.00992507 | avg_r=0.144003
[QuadCoverLike] iter=28 | Quads(total)=36910 | Active(start/end)=4129->1633 | InitialLoss=0.00814367 | avg_r=0.143991
[QuadCoverLike] iter=29 | Quads(total)=36908 | Active(start/end)=4020->1566 | InitialLoss=0.0065985 | avg_r=0.143983
[QuadCoverLike] iter=30 | Quads(total)=36891 | Active(start/end)=3901->1514 | InitialLoss=0.00594783 | avg_r=0.143981
[QuadCoverLike] iter=31 | Quads(total)=36891 | Active(start/end)=3764->1493 | InitialLoss=0.0081852 | avg_r=0.143976
[QuadCoverLike] iter=32 | Quads(total)=36858 | Active(start/end)=3620->1427 | InitialLoss=0.00730704 | avg_r=0.143971
[QuadCoverLike] iter=33 | Quads(total)=36869 | Active(start/end)=3560->1376 | InitialLoss=0.00580084 | avg_r=0.143966
[QuadCoverLike] iter=34 | Quads(total)=36863 | Active(start/end)=3461->1322 | InitialLoss=0.00516253 | avg_r=0.143963
[QuadCoverLike] iter=35 | Quads(total)=36852 | Active(start/end)=3385->1325 | InitialLoss=0.00558752 | avg_r=0.143961
[QuadCoverLike] iter=36 | Quads(total)=36842 | Active(start/end)=3244->1261 | InitialLoss=0.00449789 | avg_r=0.143954
[QuadCoverLike] iter=37 | Quads(total)=36832 | Active(start/end)=3150->1230 | InitialLoss=0.00371325 | avg_r=0.14395
[QuadCoverLike] iter=38 | Quads(total)=36846 | Active(start/end)=3034->1178 | InitialLoss=0.00368019 | avg_r=0.143946
[QuadCoverLike] iter=39 | Quads(total)=36831 | Active(start/end)=2960->1170 | InitialLoss=0.00318668 | avg_r=0.143943
[QuadCoverLike] iter=40 | Quads(total)=36838 | Active(start/end)=2928->1115 | InitialLoss=0.00481484 | avg_r=0.143943
[QuadCoverLike] iter=41 | Quads(total)=36858 | Active(start/end)=2838->1087 | InitialLoss=0.00940998 | avg_r=0.143942
[QuadCoverLike] iter=42 | Quads(total)=36859 | Active(start/end)=2779->1048 | InitialLoss=0.0136929 | avg_r=0.14394
[QuadCoverLike] iter=43 | Quads(total)=36850 | Active(start/end)=2694->1029 | InitialLoss=0.0101119 | avg_r=0.143937
[QuadCoverLike] iter=44 | Quads(total)=36845 | Active(start/end)=2617->1019 | InitialLoss=0.0114262 | avg_r=0.143935
[QuadCoverLike] iter=45 | Quads(total)=36804 | Active(start/end)=2541->995 | InitialLoss=0.0112236 | avg_r=0.143932
[QuadCoverLike] iter=46 | Quads(total)=36810 | Active(start/end)=2506->983 | InitialLoss=0.00474601 | avg_r=0.143927
[QuadCoverLike] iter=47 | Quads(total)=36814 | Active(start/end)=2448->965 | InitialLoss=0.00513405 | avg_r=0.143924
[QuadCoverLike] iter=48 | Quads(total)=36841 | Active(start/end)=2398->908 | InitialLoss=0.00450288 | avg_r=0.143922
[QuadCoverLike] iter=49 | Quads(total)=36841 | Active(start/end)=2315->923 | InitialLoss=0.0032005 | avg_r=0.143918
[QuadCoverLike] iter=50 | Quads(total)=36814 | Active(start/end)=2260->876 | InitialLoss=0.00354689 | avg_r=0.143916
[QuadCoverLike] iter=51 | Quads(total)=36794 | Active(start/end)=2190->882 | InitialLoss=0.00274096 | avg_r=0.143912
[QuadCoverLike] iter=52 | Quads(total)=36801 | Active(start/end)=2161->822 | InitialLoss=0.00247741 | avg_r=0.143911
[QuadCoverLike] iter=53 | Quads(total)=36808 | Active(start/end)=2108->833 | InitialLoss=0.0018417 | avg_r=0.14391
[QuadCoverLike] iter=54 | Quads(total)=36803 | Active(start/end)=2048->810 | InitialLoss=0.00211343 | avg_r=0.143908
[QuadCoverLike] iter=55 | Quads(total)=36788 | Active(start/end)=2005->800 | InitialLoss=0.00325647 | avg_r=0.143908
[QuadCoverLike] iter=56 | Quads(total)=36776 | Active(start/end)=1964->769 | InitialLoss=0.00213478 | avg_r=0.143906
[QuadCoverLike] iter=57 | Quads(total)=36772 | Active(start/end)=1924->762 | InitialLoss=0.00235741 | avg_r=0.143905
[QuadCoverLike] iter=58 | Quads(total)=36770 | Active(start/end)=1850->756 | InitialLoss=0.00128866 | avg_r=0.143903
[QuadCoverLike] iter=59 | Quads(total)=36782 | Active(start/end)=1822->699 | InitialLoss=0.00185011 | avg_r=0.143903
[QuadCoverLike] iter=60 | Quads(total)=36783 | Active(start/end)=1783->708 | InitialLoss=0.00133167 | avg_r=0.143901
[QuadCoverLike] iter=61 | Quads(total)=36784 | Active(start/end)=1754->698 | InitialLoss=0.00129144 | avg_r=0.143902
[QuadCoverLike] iter=62 | Quads(total)=36807 | Active(start/end)=1719->690 | InitialLoss=0.00204716 | avg_r=0.143902
[QuadCoverLike] iter=63 | Quads(total)=36782 | Active(start/end)=1681->655 | InitialLoss=0.00169629 | avg_r=0.1439
[QuadCoverLike] iter=64 | Quads(total)=36766 | Active(start/end)=1624->650 | InitialLoss=0.00185585 | avg_r=0.143898
[QuadCoverLike] iter=65 | Quads(total)=36748 | Active(start/end)=1588->624 | InitialLoss=0.0025679 | avg_r=0.143897
[QuadCoverLike] iter=66 | Quads(total)=36759 | Active(start/end)=1562->617 | InitialLoss=0.0029165 | avg_r=0.143897
[QuadCoverLike] iter=67 | Quads(total)=36752 | Active(start/end)=1516->614 | InitialLoss=0.00141141 | avg_r=0.143894
[QuadCoverLike] iter=68 | Quads(total)=36735 | Active(start/end)=1470->560 | InitialLoss=0.00112088 | avg_r=0.143891
[QuadCoverLike] iter=69 | Quads(total)=36736 | Active(start/end)=1427->576 | InitialLoss=0.000964601 | avg_r=0.14389
[QuadCoverLike] iter=70 | Quads(total)=36732 | Active(start/end)=1390->543 | InitialLoss=0.00108807 | avg_r=0.143889
[QuadCoverLike] iter=71 | Quads(total)=36730 | Active(start/end)=1368->509 | InitialLoss=0.00101187 | avg_r=0.143888
[QuadCoverLike] iter=72 | Quads(total)=36735 | Active(start/end)=1332->520 | InitialLoss=0.000886414 | avg_r=0.143887
[QuadCoverLike] iter=73 | Quads(total)=36723 | Active(start/end)=1270->510 | InitialLoss=0.00058766 | avg_r=0.143886
[QuadCoverLike] iter=74 | Quads(total)=36732 | Active(start/end)=1235->477 | InitialLoss=0.000559193 | avg_r=0.143885
[QuadCoverLike] iter=75 | Quads(total)=36724 | Active(start/end)=1210->466 | InitialLoss=0.000484464 | avg_r=0.143884
[QuadCoverLike] iter=76 | Quads(total)=36722 | Active(start/end)=1178->455 | InitialLoss=0.000635222 | avg_r=0.143883
[QuadCoverLike] iter=77 | Quads(total)=36719 | Active(start/end)=1152->473 | InitialLoss=0.00124993 | avg_r=0.143884
[QuadCoverLike] iter=78 | Quads(total)=36724 | Active(start/end)=1110->455 | InitialLoss=0.000671322 | avg_r=0.143882
[QuadCoverLike] iter=79 | Quads(total)=36723 | Active(start/end)=1093->452 | InitialLoss=0.000659123 | avg_r=0.143881
[QuadCoverLike] iter=80 | Quads(total)=36727 | Active(start/end)=1075->424 | InitialLoss=0.000723413 | avg_r=0.143882
[QuadCoverLike] iter=81 | Quads(total)=36719 | Active(start/end)=1067->430 | InitialLoss=0.000762375 | avg_r=0.143882
[QuadCoverLike] iter=82 | Quads(total)=36735 | Active(start/end)=1062->449 | InitialLoss=0.00101279 | avg_r=0.143883
[QuadCoverLike] iter=83 | Quads(total)=36728 | Active(start/end)=1017->415 | InitialLoss=0.000638359 | avg_r=0.143882
[QuadCoverLike] iter=84 | Quads(total)=36730 | Active(start/end)=1012->413 | InitialLoss=0.00102531 | avg_r=0.143882
[QuadCoverLike] iter=85 | Quads(total)=36727 | Active(start/end)=997->391 | InitialLoss=0.00134172 | avg_r=0.143881
[QuadCoverLike] iter=86 | Quads(total)=36738 | Active(start/end)=988->385 | InitialLoss=0.00177064 | avg_r=0.14388
[QuadCoverLike] iter=87 | Quads(total)=36726 | Active(start/end)=939->364 | InitialLoss=0.0015921 | avg_r=0.143877
[QuadCoverLike] iter=88 | Quads(total)=36732 | Active(start/end)=903->355 | InitialLoss=0.00194135 | avg_r=0.143876
[QuadCoverLike] iter=89 | Quads(total)=36721 | Active(start/end)=882->328 | InitialLoss=0.00105081 | avg_r=0.143874
[QuadCoverLike] iter=90 | Quads(total)=36719 | Active(start/end)=849->330 | InitialLoss=0.000714433 | avg_r=0.143872
[QuadCoverLike] iter=91 | Quads(total)=36709 | Active(start/end)=826->339 | InitialLoss=0.000365415 | avg_r=0.14387
[QuadCoverLike] iter=92 | Quads(total)=36714 | Active(start/end)=802->332 | InitialLoss=0.000177224 | avg_r=0.143869
[QuadCoverLike] iter=93 | Quads(total)=36714 | Active(start/end)=790->331 | InitialLoss=0.000218439 | avg_r=0.143869
[QuadCoverLike] iter=94 | Quads(total)=36712 | Active(start/end)=779->317 | InitialLoss=0.000194751 | avg_r=0.14387
[QuadCoverLike] iter=95 | Quads(total)=36710 | Active(start/end)=774->319 | InitialLoss=0.00023859 | avg_r=0.14387
[QuadCoverLike] iter=96 | Quads(total)=36714 | Active(start/end)=763->312 | InitialLoss=0.00037542 | avg_r=0.143871
[QuadCoverLike] iter=97 | Quads(total)=36706 | Active(start/end)=761->318 | InitialLoss=0.000703078 | avg_r=0.14387
[QuadCoverLike] iter=98 | Quads(total)=36698 | Active(start/end)=733->304 | InitialLoss=0.000286687 | avg_r=0.143869
[QuadCoverLike] iter=99 | Quads(total)=36696 | Active(start/end)=740->291 | InitialLoss=0.000263495 | avg_r=0.143869
[QuadCoverLike] iter=100 | Quads(total)=36706 | Active(start/end)=714->288 | InitialLoss=0.000751657 | avg_r=0.143869
[QuadCoverLike] iter=101 | Quads(total)=36702 | Active(start/end)=714->284 | InitialLoss=0.000324558 | avg_r=0.143869
[QuadCoverLike] iter=102 | Quads(total)=36707 | Active(start/end)=709->264 | InitialLoss=0.000723742 | avg_r=0.143869
[QuadCoverLike] iter=103 | Quads(total)=36714 | Active(start/end)=683->274 | InitialLoss=0.000466432 | avg_r=0.143869
[QuadCoverLike] iter=104 | Quads(total)=36710 | Active(start/end)=675->288 | InitialLoss=0.000806807 | avg_r=0.143868
[QuadCoverLike] iter=105 | Quads(total)=36703 | Active(start/end)=657->263 | InitialLoss=0.00087338 | avg_r=0.143867
[QuadCoverLike] iter=106 | Quads(total)=36702 | Active(start/end)=653->275 | InitialLoss=0.000425451 | avg_r=0.143868
[QuadCoverLike] iter=107 | Quads(total)=36707 | Active(start/end)=642->265 | InitialLoss=0.000310445 | avg_r=0.143867
[QuadCoverLike] iter=108 | Quads(total)=36702 | Active(start/end)=624->244 | InitialLoss=0.000327145 | avg_r=0.143866
[QuadCoverLike] iter=109 | Quads(total)=36709 | Active(start/end)=623->253 | InitialLoss=0.000155467 | avg_r=0.143866
[QuadCoverLike] iter=110 | Quads(total)=36707 | Active(start/end)=616->252 | InitialLoss=0.000219411 | avg_r=0.143867
[QuadCoverLike] iter=111 | Quads(total)=36709 | Active(start/end)=586->242 | InitialLoss=0.000269145 | avg_r=0.143867
[QuadCoverLike] iter=112 | Quads(total)=36706 | Active(start/end)=581->239 | InitialLoss=0.000221839 | avg_r=0.143866
[QuadCoverLike] iter=113 | Quads(total)=36707 | Active(start/end)=559->215 | InitialLoss=0.000291009 | avg_r=0.143866
[QuadCoverLike] iter=114 | Quads(total)=36704 | Active(start/end)=547->215 | InitialLoss=0.000150066 | avg_r=0.143866
[QuadCoverLike] iter=115 | Quads(total)=36703 | Active(start/end)=532->208 | InitialLoss=0.00012533 | avg_r=0.143865
[QuadCoverLike] iter=116 | Quads(total)=36705 | Active(start/end)=522->193 | InitialLoss=0.00032729 | avg_r=0.143866
[QuadCoverLike] iter=117 | Quads(total)=36709 | Active(start/end)=508->195 | InitialLoss=0.000103486 | avg_r=0.143866
[QuadCoverLike] iter=118 | Quads(total)=36707 | Active(start/end)=497->195 | InitialLoss=0.000400137 | avg_r=0.143866
[QuadCoverLike] iter=119 | Quads(total)=36711 | Active(start/end)=498->208 | InitialLoss=0.000152534 | avg_r=0.143865
[QuadCoverLike] iter=120 | Quads(total)=36715 | Active(start/end)=497->194 | InitialLoss=0.000193205 | avg_r=0.143866
[QuadCoverLike] iter=121 | Quads(total)=36723 | Active(start/end)=501->187 | InitialLoss=0.000221124 | avg_r=0.143866
[QuadCoverLike] iter=122 | Quads(total)=36720 | Active(start/end)=499->202 | InitialLoss=0.000229389 | avg_r=0.143867
[QuadCoverLike] iter=123 | Quads(total)=36720 | Active(start/end)=480->189 | InitialLoss=0.000261222 | avg_r=0.143866
[QuadCoverLike] iter=124 | Quads(total)=36716 | Active(start/end)=474->192 | InitialLoss=0.00024934 | avg_r=0.143866
[QuadCoverLike] iter=125 | Quads(total)=36714 | Active(start/end)=475->184 | InitialLoss=0.000332065 | avg_r=0.143866
[QuadCoverLike] iter=126 | Quads(total)=36709 | Active(start/end)=473->178 | InitialLoss=0.000544915 | avg_r=0.143867
[QuadCoverLike] iter=127 | Quads(total)=36714 | Active(start/end)=477->181 | InitialLoss=0.00520628 | avg_r=0.143868
[QuadCoverLike] iter=128 | Quads(total)=36709 | Active(start/end)=460->173 | InitialLoss=0.000260815 | avg_r=0.143866
[QuadCoverLike] iter=129 | Quads(total)=36719 | Active(start/end)=454->166 | InitialLoss=0.000315462 | avg_r=0.143866
[QuadCoverLike] iter=130 | Quads(total)=36719 | Active(start/end)=446->153 | InitialLoss=0.000349793 | avg_r=0.143866
[QuadCoverLike] iter=131 | Quads(total)=36718 | Active(start/end)=445->152 | InitialLoss=0.000547456 | avg_r=0.143866
[QuadCoverLike] iter=132 | Quads(total)=36717 | Active(start/end)=437->143 | InitialLoss=0.000741814 | avg_r=0.143866
[QuadCoverLike] iter=133 | Quads(total)=36716 | Active(start/end)=407->142 | InitialLoss=0.000506658 | avg_r=0.143865
[QuadCoverLike] iter=134 | Quads(total)=36718 | Active(start/end)=378->131 | InitialLoss=0.00053364 | avg_r=0.143863
[QuadCoverLike] iter=135 | Quads(total)=36707 | Active(start/end)=371->140 | InitialLoss=0.000219362 | avg_r=0.143863
[QuadCoverLike] iter=136 | Quads(total)=36715 | Active(start/end)=371->147 | InitialLoss=0.000330022 | avg_r=0.143863
[QuadCoverLike] iter=137 | Quads(total)=36716 | Active(start/end)=358->144 | InitialLoss=0.000685985 | avg_r=0.143863
[QuadCoverLike] iter=138 | Quads(total)=36714 | Active(start/end)=350->128 | InitialLoss=0.000161532 | avg_r=0.143862
[QuadCoverLike] iter=139 | Quads(total)=36713 | Active(start/end)=342->138 | InitialLoss=0.000109143 | avg_r=0.143862
[QuadCoverLike] iter=140 | Quads(total)=36716 | Active(start/end)=348->136 | InitialLoss=0.000226844 | avg_r=0.143864
[QuadCoverLike] iter=141 | Quads(total)=36718 | Active(start/end)=345->132 | InitialLoss=0.000189488 | avg_r=0.143864
[QuadCoverLike] iter=142 | Quads(total)=36723 | Active(start/end)=333->118 | InitialLoss=0.000366852 | avg_r=0.143864
[QuadCoverLike] iter=143 | Quads(total)=36724 | Active(start/end)=328->127 | InitialLoss=0.000609984 | avg_r=0.143864
[QuadCoverLike] iter=144 | Quads(total)=36726 | Active(start/end)=336->118 | InitialLoss=0.000555399 | avg_r=0.143864
[QuadCoverLike] iter=145 | Quads(total)=36713 | Active(start/end)=319->116 | InitialLoss=0.000610992 | avg_r=0.143863
[QuadCoverLike] iter=146 | Quads(total)=36704 | Active(start/end)=303->119 | InitialLoss=0.000204435 | avg_r=0.143862
[QuadCoverLike] iter=147 | Quads(total)=36708 | Active(start/end)=298->112 | InitialLoss=0.000434255 | avg_r=0.143862
[QuadCoverLike] iter=148 | Quads(total)=36706 | Active(start/end)=305->111 | InitialLoss=0.000321043 | avg_r=0.143863
[QuadCoverLike] iter=149 | Quads(total)=36706 | Active(start/end)=294->114 | InitialLoss=0.000328909 | avg_r=0.143862
[QuadCoverLike] iter=150 | Quads(total)=36703 | Active(start/end)=289->102 | InitialLoss=0.000365905 | avg_r=0.143861
[QuadCoverLike] iter=151 | Quads(total)=36711 | Active(start/end)=277->105 | InitialLoss=0.000483449 | avg_r=0.143861
[QuadCoverLike] iter=152 | Quads(total)=36703 | Active(start/end)=276->98 | InitialLoss=0.000120056 | avg_r=0.14386
[QuadCoverLike] iter=153 | Quads(total)=36705 | Active(start/end)=268->89 | InitialLoss=0.000121668 | avg_r=0.14386
[QuadCoverLike] iter=154 | Quads(total)=36705 | Active(start/end)=266->108 | InitialLoss=0.000113638 | avg_r=0.143859
[QuadCoverLike] iter=155 | Quads(total)=36701 | Active(start/end)=262->96 | InitialLoss=0.000133167 | avg_r=0.143859
[QuadCoverLike] iter=156 | Quads(total)=36700 | Active(start/end)=260->97 | InitialLoss=7.65826e-05 | avg_r=0.143859
[QuadCoverLike] iter=157 | Quads(total)=36704 | Active(start/end)=252->97 | InitialLoss=8.036e-05 | avg_r=0.143859
[QuadCoverLike] iter=158 | Quads(total)=36702 | Active(start/end)=239->94 | InitialLoss=8.95358e-05 | avg_r=0.143859
[QuadCoverLike] iter=159 | Quads(total)=36701 | Active(start/end)=235->92 | InitialLoss=0.000165611 | avg_r=0.143859
[QuadCoverLike] iter=160 | Quads(total)=36699 | Active(start/end)=241->84 | InitialLoss=0.000176138 | avg_r=0.143859
[QuadCoverLike] iter=161 | Quads(total)=36695 | Active(start/end)=231->71 | InitialLoss=8.75391e-05 | avg_r=0.143859
[QuadCoverLike] iter=162 | Quads(total)=36696 | Active(start/end)=218->72 | InitialLoss=6.02155e-05 | avg_r=0.143858
[QuadCoverLike] iter=163 | Quads(total)=36695 | Active(start/end)=213->78 | InitialLoss=5.22127e-05 | avg_r=0.143858
[QuadCoverLike] iter=164 | Quads(total)=36700 | Active(start/end)=214->78 | InitialLoss=3.27734e-05 | avg_r=0.143858
[QuadCoverLike] iter=165 | Quads(total)=36699 | Active(start/end)=205->69 | InitialLoss=2.76256e-05 | avg_r=0.143858
[QuadCoverLike] iter=166 | Quads(total)=36697 | Active(start/end)=190->70 | InitialLoss=2.93691e-05 | avg_r=0.143858
[QuadCoverLike] iter=167 | Quads(total)=36699 | Active(start/end)=186->69 | InitialLoss=3.58418e-05 | avg_r=0.143858
[QuadCoverLike] iter=168 | Quads(total)=36696 | Active(start/end)=181->69 | InitialLoss=3.43062e-05 | avg_r=0.143858
[QuadCoverLike] iter=169 | Quads(total)=36697 | Active(start/end)=167->65 | InitialLoss=2.99973e-05 | avg_r=0.143857
[QuadCoverLike] iter=170 | Quads(total)=36695 | Active(start/end)=166->68 | InitialLoss=2.36126e-05 | avg_r=0.143857
[QuadCoverLike] iter=171 | Quads(total)=36695 | Active(start/end)=170->70 | InitialLoss=2.27185e-05 | avg_r=0.143857
[QuadCoverLike] iter=172 | Quads(total)=36696 | Active(start/end)=159->65 | InitialLoss=2.19006e-05 | avg_r=0.143857
[QuadCoverLike] iter=173 | Quads(total)=36696 | Active(start/end)=160->61 | InitialLoss=2.02141e-05 | avg_r=0.143857
[QuadCoverLike] iter=174 | Quads(total)=36695 | Active(start/end)=152->60 | InitialLoss=2.19279e-05 | avg_r=0.143857
[QuadCoverLike] iter=175 | Quads(total)=36694 | Active(start/end)=144->60 | InitialLoss=2.37068e-05 | avg_r=0.143857
[QuadCoverLike] iter=176 | Quads(total)=36694 | Active(start/end)=135->58 | InitialLoss=2.54755e-05 | avg_r=0.143857
[QuadCoverLike] iter=177 | Quads(total)=36695 | Active(start/end)=140->55 | InitialLoss=2.93837e-05 | avg_r=0.143857
[QuadCoverLike] iter=178 | Quads(total)=36695 | Active(start/end)=138->62 | InitialLoss=4.1648e-05 | avg_r=0.143857
[QuadCoverLike] iter=179 | Quads(total)=36699 | Active(start/end)=137->56 | InitialLoss=0.000390085 | avg_r=0.143857
[QuadCoverLike] iter=180 | Quads(total)=36696 | Active(start/end)=128->48 | InitialLoss=0.000363596 | avg_r=0.143857
[QuadCoverLike] iter=181 | Quads(total)=36696 | Active(start/end)=127->58 | InitialLoss=9.507e-05 | avg_r=0.143857
[QuadCoverLike] iter=182 | Quads(total)=36696 | Active(start/end)=125->55 | InitialLoss=4.46242e-05 | avg_r=0.143856
[QuadCoverLike] iter=183 | Quads(total)=36695 | Active(start/end)=117->47 | InitialLoss=3.63497e-05 | avg_r=0.143856
[QuadCoverLike] iter=184 | Quads(total)=36693 | Active(start/end)=113->44 | InitialLoss=3.27278e-05 | avg_r=0.143856
[QuadCoverLike] iter=185 | Quads(total)=36693 | Active(start/end)=116->48 | InitialLoss=3.04926e-05 | avg_r=0.143856
[QuadCoverLike] iter=186 | Quads(total)=36694 | Active(start/end)=116->47 | InitialLoss=6.49169e-05 | avg_r=0.143856
[QuadCoverLike] iter=187 | Quads(total)=36692 | Active(start/end)=108->49 | InitialLoss=2.48464e-05 | avg_r=0.143856
[QuadCoverLike] iter=188 | Quads(total)=36691 | Active(start/end)=110->48 | InitialLoss=2.83967e-05 | avg_r=0.143856
[QuadCoverLike] iter=189 | Quads(total)=36691 | Active(start/end)=113->48 | InitialLoss=3.1497e-05 | avg_r=0.143856
[QuadCoverLike] iter=190 | Quads(total)=36691 | Active(start/end)=106->42 | InitialLoss=1.59035e-05 | avg_r=0.143856
[QuadCoverLike] iter=191 | Quads(total)=36690 | Active(start/end)=105->48 | InitialLoss=8.30799e-06 | avg_r=0.143856
[QuadCoverLike] iter=192 | Quads(total)=36688 | Active(start/end)=102->46 | InitialLoss=5.42319e-06 | avg_r=0.143856
[QuadCoverLike] iter=193 | Quads(total)=36689 | Active(start/end)=106->40 | InitialLoss=6.28785e-06 | avg_r=0.143856
[QuadCoverLike] iter=194 | Quads(total)=36692 | Active(start/end)=101->44 | InitialLoss=1.09151e-05 | avg_r=0.143856
[QuadCoverLike] iter=195 | Quads(total)=36693 | Active(start/end)=104->37 | InitialLoss=1.84197e-05 | avg_r=0.143856
[QuadCoverLike] iter=196 | Quads(total)=36689 | Active(start/end)=101->38 | InitialLoss=1.63087e-05 | avg_r=0.143855
[QuadCoverLike] iter=197 | Quads(total)=36689 | Active(start/end)=96->37 | InitialLoss=4.64504e-06 | avg_r=0.143855
[QuadCoverLike] iter=198 | Quads(total)=36688 | Active(start/end)=95->37 | InitialLoss=5.73184e-06 | avg_r=0.143855
[QuadCoverLike] iter=199 | Quads(total)=36688 | Active(start/end)=91->33 | InitialLoss=5.859e-06 | avg_r=0.143855
[QuadCoverLike] iter=200 | Quads(total)=36689 | Active(start/end)=92->34 | InitialLoss=5.40442e-06 | avg_r=0.143855
[QuadCoverLike] iter=201 | Quads(total)=36688 | Active(start/end)=89->33 | InitialLoss=8.46228e-06 | avg_r=0.143855
[QuadCoverLike] iter=202 | Quads(total)=36690 | Active(start/end)=92->39 | InitialLoss=6.88153e-06 | avg_r=0.143855
[QuadCoverLike] iter=203 | Quads(total)=36690 | Active(start/end)=88->33 | InitialLoss=7.40288e-06 | avg_r=0.143855
[QuadCoverLike] iter=204 | Quads(total)=36690 | Active(start/end)=90->30 | InitialLoss=3.85324e-06 | avg_r=0.143855
[QuadCoverLike] iter=205 | Quads(total)=36692 | Active(start/end)=82->30 | InitialLoss=5.2328e-06 | avg_r=0.143855
[QuadCoverLike] iter=206 | Quads(total)=36692 | Active(start/end)=88->25 | InitialLoss=2.44649e-06 | avg_r=0.143855
[QuadCoverLike] iter=207 | Quads(total)=36692 | Active(start/end)=86->25 | InitialLoss=5.3051e-06 | avg_r=0.143855
[QuadCoverLike] iter=208 | Quads(total)=36690 | Active(start/end)=81->29 | InitialLoss=5.52435e-06 | avg_r=0.143855
[QuadCoverLike] iter=209 | Quads(total)=36690 | Active(start/end)=79->30 | InitialLoss=3.81602e-06 | avg_r=0.143855
[QuadCoverLike] iter=210 | Quads(total)=36690 | Active(start/end)=80->23 | InitialLoss=3.18062e-06 | avg_r=0.143855
[QuadCoverLike] iter=211 | Quads(total)=36691 | Active(start/end)=85->28 | InitialLoss=3.71463e-06 | avg_r=0.143855
[QuadCoverLike] iter=212 | Quads(total)=36691 | Active(start/end)=81->24 | InitialLoss=5.82344e-06 | avg_r=0.143855
[QuadCoverLike] iter=213 | Quads(total)=36691 | Active(start/end)=76->24 | InitialLoss=3.4698e-06 | avg_r=0.143855
[QuadCoverLike] iter=214 | Quads(total)=36690 | Active(start/end)=78->24 | InitialLoss=1.72414e-06 | avg_r=0.143855
[QuadCoverLike] iter=215 | Quads(total)=36691 | Active(start/end)=76->23 | InitialLoss=1.29038e-06 | avg_r=0.143855
[QuadCoverLike] iter=216 | Quads(total)=36691 | Active(start/end)=71->22 | InitialLoss=5.82161e-07 | avg_r=0.143855
[QuadCoverLike] iter=217 | Quads(total)=36691 | Active(start/end)=70->27 | InitialLoss=2.56796e-07 | avg_r=0.143855
[QuadCoverLike] iter=218 | Quads(total)=36691 | Active(start/end)=69->23 | InitialLoss=5.37043e-08 | avg_r=0.143855
[QuadCoverLike] iter=219 | Quads(total)=36691 | Active(start/end)=66->22 | InitialLoss=1.7536e-08 | avg_r=0.143855
[QuadCoverLike] iter=220 | Quads(total)=36691 | Active(start/end)=66->23 | InitialLoss=8.37446e-09 | avg_r=0.143855
[QuadCoverLike] iter=221 | Quads(total)=36691 | Active(start/end)=66->23 | InitialLoss=3.21224e-09 | avg_r=0.143855
[QuadCoverLike] iter=222 | Quads(total)=36691 | Active(start/end)=62->17 | InitialLoss=1.90639e-09 | avg_r=0.143855
[QuadCoverLike] iter=223 | Quads(total)=36691 | Active(start/end)=62->20 | InitialLoss=2.00313e-09 | avg_r=0.143855
[QuadCoverLike] iter=224 | Quads(total)=36691 | Active(start/end)=61->21 | InitialLoss=1.94693e-09 | avg_r=0.143855
[QuadCoverLike] iter=225 | Quads(total)=36691 | Active(start/end)=63->17 | InitialLoss=1.84057e-09 | avg_r=0.143855
[QuadCoverLike] iter=226 | Quads(total)=36691 | Active(start/end)=61->20 | InitialLoss=1.97191e-09 | avg_r=0.143855
[QuadCoverLike] iter=227 | Quads(total)=36691 | Active(start/end)=61->18 | InitialLoss=1.87743e-09 | avg_r=0.143855
[QuadCoverLike] iter=228 | Quads(total)=36691 | Active(start/end)=57->20 | InitialLoss=1.77703e-09 | avg_r=0.143855
[QuadCoverLike] iter=229 | Quads(total)=36691 | Active(start/end)=57->18 | InitialLoss=1.66994e-09 | avg_r=0.143855
[QuadCoverLike] iter=230 | Quads(total)=36691 | Active(start/end)=57->20 | InitialLoss=1.59541e-09 | avg_r=0.143855
[QuadCoverLike] iter=231 | Quads(total)=36691 | Active(start/end)=56->13 | InitialLoss=1.60096e-09 | avg_r=0.143855
[QuadCoverLike] iter=232 | Quads(total)=36691 | Active(start/end)=52->20 | InitialLoss=1.65751e-09 | avg_r=0.143855
[QuadCoverLike] iter=233 | Quads(total)=36691 | Active(start/end)=57->19 | InitialLoss=1.78151e-09 | avg_r=0.143855
[QuadCoverLike] iter=234 | Quads(total)=36691 | Active(start/end)=53->18 | InitialLoss=1.94571e-09 | avg_r=0.143855
[QuadCoverLike] iter=235 | Quads(total)=36691 | Active(start/end)=56->15 | InitialLoss=2.15092e-09 | avg_r=0.143855
[QuadCoverLike] iter=236 | Quads(total)=36691 | Active(start/end)=52->16 | InitialLoss=2.40984e-09 | avg_r=0.143855
[QuadCoverLike] iter=237 | Quads(total)=36690 | Active(start/end)=59->14 | InitialLoss=2.72319e-09 | avg_r=0.143855
[QuadCoverLike] iter=238 | Quads(total)=36690 | Active(start/end)=54->16 | InitialLoss=3.1118e-09 | avg_r=0.143855
[QuadCoverLike] iter=239 | Quads(total)=36690 | Active(start/end)=58->18 | InitialLoss=3.58499e-09 | avg_r=0.143855
[QuadCoverLike] iter=240 | Quads(total)=36690 | Active(start/end)=57->15 | InitialLoss=4.16302e-09 | avg_r=0.143855
[QuadCoverLike] iter=241 | Quads(total)=36690 | Active(start/end)=53->14 | InitialLoss=4.86808e-09 | avg_r=0.143855
[QuadCoverLike] iter=242 | Quads(total)=36690 | Active(start/end)=53->13 | InitialLoss=5.72983e-09 | avg_r=0.143855
[QuadCoverLike] iter=243 | Quads(total)=36690 | Active(start/end)=51->12 | InitialLoss=6.78682e-09 | avg_r=0.143855
[QuadCoverLike] iter=244 | Quads(total)=36690 | Active(start/end)=51->15 | InitialLoss=8.08485e-09 | avg_r=0.143855
[QuadCoverLike] iter=245 | Quads(total)=36691 | Active(start/end)=52->18 | InitialLoss=9.68477e-09 | avg_r=0.143855
[QuadCoverLike] iter=246 | Quads(total)=36691 | Active(start/end)=51->15 | InitialLoss=1.1661e-08 | avg_r=0.143855
[QuadCoverLike] iter=247 | Quads(total)=36692 | Active(start/end)=52->17 | InitialLoss=1.46156e-08 | avg_r=0.143855
[QuadCoverLike] iter=248 | Quads(total)=36692 | Active(start/end)=51->15 | InitialLoss=1.74397e-08 | avg_r=0.143855
[QuadCoverLike] iter=249 | Quads(total)=36692 | Active(start/end)=51->14 | InitialLoss=2.13835e-08 | avg_r=0.143855
[QuadCoverLike] iter=250 | Quads(total)=36692 | Active(start/end)=49->17 | InitialLoss=2.67067e-08 | avg_r=0.143855
[QuadCoverLike] iter=251 | Quads(total)=36692 | Active(start/end)=54->18 | InitialLoss=3.24571e-08 | avg_r=0.143855
[QuadCoverLike] iter=252 | Quads(total)=36692 | Active(start/end)=51->15 | InitialLoss=3.97591e-08 | avg_r=0.143855
[QuadCoverLike] iter=253 | Quads(total)=36692 | Active(start/end)=49->16 | InitialLoss=4.89832e-08 | avg_r=0.143855
[QuadCoverLike] iter=254 | Quads(total)=36692 | Active(start/end)=50->16 | InitialLoss=6.04172e-08 | avg_r=0.143855
[QuadCoverLike] iter=255 | Quads(total)=36692 | Active(start/end)=50->15 | InitialLoss=7.50296e-08 | avg_r=0.143855
[QuadCoverLike] iter=256 | Quads(total)=36692 | Active(start/end)=49->17 | InitialLoss=9.35172e-08 | avg_r=0.143855
[QuadCoverLike] iter=257 | Quads(total)=36692 | Active(start/end)=53->20 | InitialLoss=1.17275e-07 | avg_r=0.143855
[QuadCoverLike] iter=258 | Quads(total)=36692 | Active(start/end)=49->13 | InitialLoss=1.48624e-07 | avg_r=0.143855
[QuadCoverLike] iter=259 | Quads(total)=36692 | Active(start/end)=51->13 | InitialLoss=1.84594e-07 | avg_r=0.143855
[QuadCoverLike] iter=260 | Quads(total)=36692 | Active(start/end)=48->17 | InitialLoss=2.54359e-07 | avg_r=0.143855
[QuadCoverLike] iter=261 | Quads(total)=36692 | Active(start/end)=49->14 | InitialLoss=4.75603e-07 | avg_r=0.143855
[QuadCoverLike] iter=262 | Quads(total)=36692 | Active(start/end)=45->18 | InitialLoss=6.82322e-07 | avg_r=0.143855
[QuadCoverLike] iter=263 | Quads(total)=36691 | Active(start/end)=49->18 | InitialLoss=9.01097e-07 | avg_r=0.143855
[QuadCoverLike] iter=264 | Quads(total)=36691 | Active(start/end)=48->15 | InitialLoss=1.49078e-06 | avg_r=0.143855
[QuadCoverLike] iter=265 | Quads(total)=36691 | Active(start/end)=46->17 | InitialLoss=2.79369e-06 | avg_r=0.143855
[QuadCoverLike] iter=266 | Quads(total)=36690 | Active(start/end)=51->17 | InitialLoss=4.40184e-06 | avg_r=0.143855
[QuadCoverLike] iter=267 | Quads(total)=36690 | Active(start/end)=45->13 | InitialLoss=4.60042e-06 | avg_r=0.143855
[QuadCoverLike] iter=268 | Quads(total)=36692 | Active(start/end)=49->15 | InitialLoss=4.9097e-06 | avg_r=0.143855
[QuadCoverLike] iter=269 | Quads(total)=36691 | Active(start/end)=49->14 | InitialLoss=5.26731e-06 | avg_r=0.143855
[QuadCoverLike] iter=270 | Quads(total)=36691 | Active(start/end)=44->11 | InitialLoss=2.44781e-06 | avg_r=0.143855
[QuadCoverLike] iter=271 | Quads(total)=36692 | Active(start/end)=43->15 | InitialLoss=9.45826e-05 | avg_r=0.143855
[QuadCoverLike] iter=272 | Quads(total)=36692 | Active(start/end)=41->15 | InitialLoss=1.66051e-05 | avg_r=0.143854
[QuadCoverLike] iter=273 | Quads(total)=36692 | Active(start/end)=39->12 | InitialLoss=5.16119e-06 | avg_r=0.143854
[QuadCoverLike] iter=274 | Quads(total)=36692 | Active(start/end)=36->11 | InitialLoss=1.41109e-06 | avg_r=0.143854
[QuadCoverLike] iter=275 | Quads(total)=36692 | Active(start/end)=38->11 | InitialLoss=6.71567e-07 | avg_r=0.143854
[QuadCoverLike] iter=276 | Quads(total)=36692 | Active(start/end)=33->9 | InitialLoss=3.37204e-07 | avg_r=0.143854
[QuadCoverLike] iter=277 | Quads(total)=36692 | Active(start/end)=33->11 | InitialLoss=2.6602e-07 | avg_r=0.143854
[QuadCoverLike] iter=278 | Quads(total)=36692 | Active(start/end)=31->12 | InitialLoss=2.2897e-07 | avg_r=0.143854
[QuadCoverLike] iter=279 | Quads(total)=36692 | Active(start/end)=32->11 | InitialLoss=2.10486e-07 | avg_r=0.143854
[QuadCoverLike] iter=280 | Quads(total)=36692 | Active(start/end)=31->12 | InitialLoss=1.97183e-07 | avg_r=0.143854
[QuadCoverLike] iter=281 | Quads(total)=36692 | Active(start/end)=34->11 | InitialLoss=1.91218e-07 | avg_r=0.143854
[QuadCoverLike] iter=282 | Quads(total)=36692 | Active(start/end)=33->7 | InitialLoss=1.87614e-07 | avg_r=0.143854
[QuadCoverLike] iter=283 | Quads(total)=36692 | Active(start/end)=30->7 | InitialLoss=2.09209e-07 | avg_r=0.143854
[QuadCoverLike] iter=284 | Quads(total)=36692 | Active(start/end)=31->8 | InitialLoss=3.33257e-07 | avg_r=0.143854
[QuadCoverLike] iter=285 | Quads(total)=36692 | Active(start/end)=28->10 | InitialLoss=9.44006e-08 | avg_r=0.143854
[QuadCoverLike] iter=286 | Quads(total)=36692 | Active(start/end)=29->9 | InitialLoss=4.02614e-08 | avg_r=0.143854
[QuadCoverLike] iter=287 | Quads(total)=36692 | Active(start/end)=29->9 | InitialLoss=2.24217e-08 | avg_r=0.143854
[QuadCoverLike] iter=288 | Quads(total)=36692 | Active(start/end)=26->9 | InitialLoss=1.84359e-08 | avg_r=0.143854
[QuadCoverLike] iter=289 | Quads(total)=36692 | Active(start/end)=27->10 | InitialLoss=1.53964e-08 | avg_r=0.143854
[QuadCoverLike] iter=290 | Quads(total)=36692 | Active(start/end)=28->7 | InitialLoss=1.37677e-08 | avg_r=0.143854
[QuadCoverLike] iter=291 | Quads(total)=36692 | Active(start/end)=26->7 | InitialLoss=1.30987e-08 | avg_r=0.143854
[QuadCoverLike] iter=292 | Quads(total)=36692 | Active(start/end)=26->7 | InitialLoss=1.28317e-08 | avg_r=0.143854
[QuadCoverLike] iter=293 | Quads(total)=36692 | Active(start/end)=26->6 | InitialLoss=1.26463e-08 | avg_r=0.143854
[QuadCoverLike] iter=294 | Quads(total)=36692 | Active(start/end)=26->9 | InitialLoss=1.2546e-08 | avg_r=0.143854
[QuadCoverLike] iter=295 | Quads(total)=36692 | Active(start/end)=25->9 | InitialLoss=1.26817e-08 | avg_r=0.143854
[QuadCoverLike] iter=296 | Quads(total)=36692 | Active(start/end)=25->5 | InitialLoss=1.4582e-08 | avg_r=0.143854
[QuadCoverLike] iter=297 | Quads(total)=36692 | Active(start/end)=23->8 | InitialLoss=1.01332e-08 | avg_r=0.143854
[QuadCoverLike] iter=298 | Quads(total)=36692 | Active(start/end)=24->8 | InitialLoss=9.60989e-09 | avg_r=0.143854
[QuadCoverLike] iter=299 | Quads(total)=36692 | Active(start/end)=24->9 | InitialLoss=1.02698e-08 | avg_r=0.143854
[QuadCoverLike] iter=300 | Quads(total)=36692 | Active(start/end)=24->8 | InitialLoss=1.12907e-08 | avg_r=0.143854
[QuadCoverLike] iter=301 | Quads(total)=36692 | Active(start/end)=23->9 | InitialLoss=1.25097e-08 | avg_r=0.143854
[QuadCoverLike] iter=302 | Quads(total)=36692 | Active(start/end)=22->6 | InitialLoss=1.39506e-08 | avg_r=0.143854
[QuadCoverLike] iter=303 | Quads(total)=36692 | Active(start/end)=25->9 | InitialLoss=1.56696e-08 | avg_r=0.143854
[QuadCoverLike] iter=304 | Quads(total)=36692 | Active(start/end)=25->8 | InitialLoss=1.7647e-08 | avg_r=0.143854
[QuadCoverLike] iter=305 | Quads(total)=36692 | Active(start/end)=23->9 | InitialLoss=1.99538e-08 | avg_r=0.143854
[QuadCoverLike] iter=306 | Quads(total)=36692 | Active(start/end)=23->8 | InitialLoss=2.26188e-08 | avg_r=0.143854
[QuadCoverLike] iter=307 | Quads(total)=36692 | Active(start/end)=24->8 | InitialLoss=2.57324e-08 | avg_r=0.143854
[QuadCoverLike] iter=308 | Quads(total)=36692 | Active(start/end)=23->9 | InitialLoss=2.9358e-08 | avg_r=0.143854
[QuadCoverLike] iter=309 | Quads(total)=36692 | Active(start/end)=25->6 | InitialLoss=3.3653e-08 | avg_r=0.143854
[QuadCoverLike] iter=310 | Quads(total)=36692 | Active(start/end)=23->8 | InitialLoss=3.85336e-08 | avg_r=0.143854
[QuadCoverLike] iter=311 | Quads(total)=36692 | Active(start/end)=21->8 | InitialLoss=4.44229e-08 | avg_r=0.143854
[QuadCoverLike] iter=312 | Quads(total)=36692 | Active(start/end)=23->7 | InitialLoss=5.1462e-08 | avg_r=0.143854
[QuadCoverLike] iter=313 | Quads(total)=36692 | Active(start/end)=23->8 | InitialLoss=5.98848e-08 | avg_r=0.143854
[QuadCoverLike] iter=314 | Quads(total)=36692 | Active(start/end)=24->6 | InitialLoss=7.00005e-08 | avg_r=0.143854
[QuadCoverLike] iter=315 | Quads(total)=36692 | Active(start/end)=22->7 | InitialLoss=8.22213e-08 | avg_r=0.143854
[QuadCoverLike] iter=316 | Quads(total)=36692 | Active(start/end)=22->5 | InitialLoss=9.70696e-08 | avg_r=0.143854
[QuadCoverLike] iter=317 | Quads(total)=36692 | Active(start/end)=20->8 | InitialLoss=1.15222e-07 | avg_r=0.143854
[QuadCoverLike] iter=318 | Quads(total)=36692 | Active(start/end)=20->8 | InitialLoss=1.3756e-07 | avg_r=0.143854
[QuadCoverLike] iter=319 | Quads(total)=36692 | Active(start/end)=22->7 | InitialLoss=1.65245e-07 | avg_r=0.143854
[QuadCoverLike] iter=320 | Quads(total)=36692 | Active(start/end)=20->7 | InitialLoss=1.99813e-07 | avg_r=0.143854
[QuadCoverLike] iter=321 | Quads(total)=36692 | Active(start/end)=18->5 | InitialLoss=2.51296e-07 | avg_r=0.143854
[QuadCoverLike] iter=322 | Quads(total)=36692 | Active(start/end)=17->7 | InitialLoss=3.68849e-07 | avg_r=0.143854
[QuadCoverLike] iter=323 | Quads(total)=36692 | Active(start/end)=19->8 | InitialLoss=5.65336e-07 | avg_r=0.143854
[QuadCoverLike] iter=324 | Quads(total)=36693 | Active(start/end)=19->6 | InitialLoss=6.82118e-05 | avg_r=0.143854
[QuadCoverLike] iter=325 | Quads(total)=36690 | Active(start/end)=19->6 | InitialLoss=2.19406e-06 | avg_r=0.143854
[QuadCoverLike] iter=326 | Quads(total)=36690 | Active(start/end)=19->6 | InitialLoss=4.69249e-08 | avg_r=0.143854
[QuadCoverLike] iter=327 | Quads(total)=36690 | Active(start/end)=15->4 | InitialLoss=1.26129e-08 | avg_r=0.143854
[QuadCoverLike] iter=328 | Quads(total)=36690 | Active(start/end)=15->6 | InitialLoss=1.45016e-09 | avg_r=0.143854
[QuadCoverLike] iter=329 | Quads(total)=36690 | Active(start/end)=17->6 | InitialLoss=6.68748e-11 | avg_r=0.143854
[QuadCoverLike] iter=330 | Quads(total)=36690 | Active(start/end)=15->4 | InitialLoss=9.65701e-13 | avg_r=0.143854
[QuadCoverLike] iter=331 | Quads(total)=36690 | Active(start/end)=14->4 | InitialLoss=4.87567e-13 | avg_r=0.143854
[QuadCoverLike] iter=332 | Quads(total)=36690 | Active(start/end)=13->4 | InitialLoss=4.68419e-13 | avg_r=0.143854
[QuadCoverLike] iter=333 | Quads(total)=36690 | Active(start/end)=12->8 | InitialLoss=4.48141e-13 | avg_r=0.143854
[QuadCoverLike] iter=334 | Quads(total)=36690 | Active(start/end)=14->4 | InitialLoss=4.3466e-13 | avg_r=0.143854
[QuadCoverLike] iter=335 | Quads(total)=36690 | Active(start/end)=13->6 | InitialLoss=4.10739e-13 | avg_r=0.143854
[QuadCoverLike] iter=336 | Quads(total)=36690 | Active(start/end)=12->7 | InitialLoss=3.94049e-13 | avg_r=0.143854
[QuadCoverLike] iter=337 | Quads(total)=36690 | Active(start/end)=13->5 | InitialLoss=3.75214e-13 | avg_r=0.143854
[QuadCoverLike] iter=338 | Quads(total)=36690 | Active(start/end)=14->7 | InitialLoss=3.62245e-13 | avg_r=0.143854
[QuadCoverLike] iter=339 | Quads(total)=36690 | Active(start/end)=14->6 | InitialLoss=3.48844e-13 | avg_r=0.143854
[QuadCoverLike] iter=340 | Quads(total)=36690 | Active(start/end)=14->8 | InitialLoss=3.3625e-13 | avg_r=0.143854
[QuadCoverLike] iter=341 | Quads(total)=36690 | Active(start/end)=14->5 | InitialLoss=3.25994e-13 | avg_r=0.143854
[QuadCoverLike] iter=342 | Quads(total)=36690 | Active(start/end)=13->7 | InitialLoss=3.12636e-13 | avg_r=0.143854
[QuadCoverLike] iter=343 | Quads(total)=36690 | Active(start/end)=14->7 | InitialLoss=3.02789e-13 | avg_r=0.143854
[QuadCoverLike] iter=344 | Quads(total)=36690 | Active(start/end)=15->5 | InitialLoss=2.93743e-13 | avg_r=0.143854
[QuadCoverLike] iter=345 | Quads(total)=36690 | Active(start/end)=15->7 | InitialLoss=2.882e-13 | avg_r=0.143854
[QuadCoverLike] iter=346 | Quads(total)=36690 | Active(start/end)=13->5 | InitialLoss=2.74398e-13 | avg_r=0.143854
[QuadCoverLike] iter=347 | Quads(total)=36690 | Active(start/end)=13->8 | InitialLoss=2.67751e-13 | avg_r=0.143854
[QuadCoverLike] iter=348 | Quads(total)=36690 | Active(start/end)=15->4 | InitialLoss=2.65908e-13 | avg_r=0.143854
[QuadCoverLike] iter=349 | Quads(total)=36690 | Active(start/end)=14->6 | InitialLoss=2.86104e-13 | avg_r=0.143854
[QuadCoverLike] iter=350 | Quads(total)=36690 | Active(start/end)=12->6 | InitialLoss=2.26414e-13 | avg_r=0.143854
[QuadCoverLike] iter=351 | Quads(total)=36690 | Active(start/end)=12->4 | InitialLoss=2.06872e-13 | avg_r=0.143854
[QuadCoverLike] iter=352 | Quads(total)=36690 | Active(start/end)=14->5 | InitialLoss=2.00052e-13 | avg_r=0.143854
[QuadCoverLike] iter=353 | Quads(total)=36690 | Active(start/end)=13->3 | InitialLoss=1.95464e-13 | avg_r=0.143854
[QuadCoverLike] iter=354 | Quads(total)=36690 | Active(start/end)=12->5 | InitialLoss=1.88216e-13 | avg_r=0.143854
[QuadCoverLike] iter=355 | Quads(total)=36690 | Active(start/end)=11->4 | InitialLoss=1.78598e-13 | avg_r=0.143854
[QuadCoverLike] iter=356 | Quads(total)=36690 | Active(start/end)=12->6 | InitialLoss=1.69877e-13 | avg_r=0.143854
[QuadCoverLike] iter=357 | Quads(total)=36690 | Active(start/end)=13->5 | InitialLoss=1.70186e-13 | avg_r=0.143854
[QuadCoverLike] iter=358 | Quads(total)=36690 | Active(start/end)=13->3 | InitialLoss=1.64895e-13 | avg_r=0.143854
[QuadCoverLike] iter=359 | Quads(total)=36690 | Active(start/end)=12->3 | InitialLoss=1.54371e-13 | avg_r=0.143854
[QuadCoverLike] iter=360 | Quads(total)=36690 | Active(start/end)=11->3 | InitialLoss=1.50439e-13 | avg_r=0.143854
[QuadCoverLike] iter=361 | Quads(total)=36690 | Active(start/end)=12->6 | InitialLoss=1.46153e-13 | avg_r=0.143854
[QuadCoverLike] iter=362 | Quads(total)=36690 | Active(start/end)=13->4 | InitialLoss=1.48246e-13 | avg_r=0.143854
[QuadCoverLike] iter=363 | Quads(total)=36690 | Active(start/end)=13->4 | InitialLoss=1.44321e-13 | avg_r=0.143854
[QuadCoverLike] iter=364 | Quads(total)=36690 | Active(start/end)=12->3 | InitialLoss=1.38727e-13 | avg_r=0.143854
[QuadCoverLike] iter=365 | Quads(total)=36690 | Active(start/end)=13->3 | InitialLoss=1.28544e-13 | avg_r=0.143854
[QuadCoverLike] iter=366 | Quads(total)=36690 | Active(start/end)=10->4 | InitialLoss=1.20644e-13 | avg_r=0.143854
[QuadCoverLike] iter=367 | Quads(total)=36690 | Active(start/end)=12->5 | InitialLoss=1.24373e-13 | avg_r=0.143854
[QuadCoverLike] iter=368 | Quads(total)=36690 | Active(start/end)=11->7 | InitialLoss=1.20744e-13 | avg_r=0.143854
[QuadCoverLike] iter=369 | Quads(total)=36690 | Active(start/end)=12->4 | InitialLoss=1.19259e-13 | avg_r=0.143854
[QuadCoverLike] iter=370 | Quads(total)=36690 | Active(start/end)=11->4 | InitialLoss=1.11074e-13 | avg_r=0.143854
[QuadCoverLike] iter=371 | Quads(total)=36690 | Active(start/end)=10->5 | InitialLoss=1.11464e-13 | avg_r=0.143854
[QuadCoverLike] iter=372 | Quads(total)=36690 | Active(start/end)=10->5 | InitialLoss=1.03859e-13 | avg_r=0.143854
[QuadCoverLike] iter=373 | Quads(total)=36690 | Active(start/end)=12->3 | InitialLoss=1.04596e-13 | avg_r=0.143854
[QuadCoverLike] iter=374 | Quads(total)=36690 | Active(start/end)=10->6 | InitialLoss=1.0071e-13 | avg_r=0.143854
[QuadCoverLike] iter=375 | Quads(total)=36690 | Active(start/end)=11->5 | InitialLoss=9.92539e-14 | avg_r=0.143854
[QuadCoverLike] iter=376 | Quads(total)=36690 | Active(start/end)=11->3 | InitialLoss=9.8362e-14 | avg_r=0.143854
[QuadCoverLike] iter=377 | Quads(total)=36690 | Active(start/end)=10->4 | InitialLoss=9.67962e-14 | avg_r=0.143854
[QuadCoverLike] iter=378 | Quads(total)=36690 | Active(start/end)=12->7 | InitialLoss=9.89504e-14 | avg_r=0.143854
[QuadCoverLike] iter=379 | Quads(total)=36690 | Active(start/end)=11->5 | InitialLoss=8.99873e-14 | avg_r=0.143854
[QuadCoverLike] iter=380 | Quads(total)=36690 | Active(start/end)=9->6 | InitialLoss=8.62693e-14 | avg_r=0.143854
[QuadCoverLike] iter=381 | Quads(total)=36690 | Active(start/end)=13->3 | InitialLoss=9.64974e-14 | avg_r=0.143854
[QuadCoverLike] iter=382 | Quads(total)=36690 | Active(start/end)=10->5 | InitialLoss=8.63386e-14 | avg_r=0.143854
[QuadCoverLike] iter=383 | Quads(total)=36690 | Active(start/end)=10->5 | InitialLoss=8.52279e-14 | avg_r=0.143854
[QuadCoverLike] iter=384 | Quads(total)=36690 | Active(start/end)=11->5 | InitialLoss=8.36716e-14 | avg_r=0.143854
[QuadCoverLike] iter=385 | Quads(total)=36690 | Active(start/end)=11->4 | InitialLoss=8.00491e-14 | avg_r=0.143854
[QuadCoverLike] iter=386 | Quads(total)=36690 | Active(start/end)=10->5 | InitialLoss=8.35368e-14 | avg_r=0.143854
[QuadCoverLike] iter=387 | Quads(total)=36690 | Active(start/end)=13->5 | InitialLoss=8.73408e-14 | avg_r=0.143854
[QuadCoverLike] iter=388 | Quads(total)=36690 | Active(start/end)=10->3 | InitialLoss=7.18614e-14 | avg_r=0.143854
[QuadCoverLike] iter=389 | Quads(total)=36690 | Active(start/end)=9->3 | InitialLoss=7.17868e-14 | avg_r=0.143854
[QuadCoverLike] iter=390 | Quads(total)=36690 | Active(start/end)=10->4 | InitialLoss=7.36926e-14 | avg_r=0.143854
[QuadCoverLike] iter=391 | Quads(total)=36690 | Active(start/end)=11->4 | InitialLoss=8.46285e-14 | avg_r=0.143854
[QuadCoverLike] iter=392 | Quads(total)=36690 | Active(start/end)=11->3 | InitialLoss=8.12968e-14 | avg_r=0.143854
[QuadCoverLike] iter=393 | Quads(total)=36690 | Active(start/end)=11->3 | InitialLoss=7.21214e-14 | avg_r=0.143854
[QuadCoverLike] iter=394 | Quads(total)=36690 | Active(start/end)=9->3 | InitialLoss=6.89519e-14 | avg_r=0.143854
[QuadCoverLike] iter=395 | Quads(total)=36690 | Active(start/end)=10->6 | InitialLoss=7.1306e-14 | avg_r=0.143854
[QuadCoverLike] iter=396 | Quads(total)=36690 | Active(start/end)=12->3 | InitialLoss=8.12993e-14 | avg_r=0.143854
[QuadCoverLike] iter=397 | Quads(total)=36690 | Active(start/end)=10->4 | InitialLoss=7.139e-14 | avg_r=0.143854
[QuadCoverLike] iter=398 | Quads(total)=36690 | Active(start/end)=10->5 | InitialLoss=7.4234e-14 | avg_r=0.143854
[QuadCoverLike] iter=399 | Quads(total)=36690 | Active(start/end)=12->3 | InitialLoss=6.87166e-14 | avg_r=0.143854
[QuadCoverLike] iter=400 | Quads(total)=36690 | Active(start/end)=11->5 | InitialLoss=6.48551e-14 | avg_r=0.143854
[QuadCoverLike] iter=401 | Quads(total)=36690 | Active(start/end)=10->5 | InitialLoss=7.57049e-14 | avg_r=0.143854
[QuadCoverLike] iter=402 | Quads(total)=36690 | Active(start/end)=11->5 | InitialLoss=7.89798e-14 | avg_r=0.143854
[QuadCoverLike] iter=403 | Quads(total)=36690 | Active(start/end)=12->4 | InitialLoss=7.86813e-14 | avg_r=0.143854
[QuadCoverLike] iter=404 | Quads(total)=36690 | Active(start/end)=9->3 | InitialLoss=5.91203e-14 | avg_r=0.143854
[QuadCoverLike] iter=405 | Quads(total)=36690 | Active(start/end)=9->4 | InitialLoss=6.25699e-14 | avg_r=0.143854
[QuadCoverLike] iter=406 | Quads(total)=36690 | Active(start/end)=12->4 | InitialLoss=7.61121e-14 | avg_r=0.143854
[QuadCoverLike] iter=407 | Quads(total)=36690 | Active(start/end)=10->3 | InitialLoss=7.53397e-14 | avg_r=0.143854
[QuadCoverLike] iter=408 | Quads(total)=36690 | Active(start/end)=11->5 | InitialLoss=7.12111e-14 | avg_r=0.143854
[QuadCoverLike] iter=409 | Quads(total)=36690 | Active(start/end)=9->4 | InitialLoss=6.92986e-14 | avg_r=0.143854
[QuadCoverLike] iter=410 | Quads(total)=36690 | Active(start/end)=12->6 | InitialLoss=7.21385e-14 | avg_r=0.143854
[QuadCoverLike] iter=411 | Quads(total)=36690 | Active(start/end)=11->5 | InitialLoss=8.23638e-14 | avg_r=0.143854
[QuadCoverLike] iter=412 | Quads(total)=36690 | Active(start/end)=10->4 | InitialLoss=8.16302e-14 | avg_r=0.143854
[QuadCoverLike] iter=413 | Quads(total)=36690 | Active(start/end)=10->5 | InitialLoss=8.13669e-14 | avg_r=0.143854
[QuadCoverLike] iter=414 | Quads(total)=36690 | Active(start/end)=10->3 | InitialLoss=7.13236e-14 | avg_r=0.143854
[QuadCoverLike] iter=415 | Quads(total)=36690 | Active(start/end)=10->5 | InitialLoss=8.18548e-14 | avg_r=0.143854
[QuadCoverLike] iter=416 | Quads(total)=36690 | Active(start/end)=11->4 | InitialLoss=8.57314e-14 | avg_r=0.143854
[QuadCoverLike] iter=417 | Quads(total)=36690 | Active(start/end)=11->3 | InitialLoss=7.80155e-14 | avg_r=0.143854
[QuadCoverLike] iter=418 | Quads(total)=36690 | Active(start/end)=10->5 | InitialLoss=7.35148e-14 | avg_r=0.143854
[QuadCoverLike] iter=419 | Quads(total)=36690 | Active(start/end)=10->5 | InitialLoss=6.97728e-14 | avg_r=0.143854
[QuadCoverLike] iter=420 | Quads(total)=36690 | Active(start/end)=10->5 | InitialLoss=8.27348e-14 | avg_r=0.143854
[QuadCoverLike] iter=421 | Quads(total)=36690 | Active(start/end)=10->4 | InitialLoss=8.9768e-14 | avg_r=0.143854
[QuadCoverLike] iter=422 | Quads(total)=36690 | Active(start/end)=10->4 | InitialLoss=7.74164e-14 | avg_r=0.143854
[QuadCoverLike] iter=423 | Quads(total)=36690 | Active(start/end)=10->5 | InitialLoss=8.83102e-14 | avg_r=0.143854
[QuadCoverLike] iter=424 | Quads(total)=36690 | Active(start/end)=12->4 | InitialLoss=8.71521e-14 | avg_r=0.143854
[QuadCoverLike] iter=425 | Quads(total)=36690 | Active(start/end)=9->4 | InitialLoss=6.80125e-14 | avg_r=0.143854
[QuadCoverLike] iter=426 | Quads(total)=36690 | Active(start/end)=9->5 | InitialLoss=8.09522e-14 | avg_r=0.143854
[QuadCoverLike] iter=427 | Quads(total)=36690 | Active(start/end)=10->6 | InitialLoss=1.03514e-13 | avg_r=0.143854
[QuadCoverLike] iter=428 | Quads(total)=36690 | Active(start/end)=12->4 | InitialLoss=8.63755e-14 | avg_r=0.143854
[QuadCoverLike] iter=429 | Quads(total)=36690 | Active(start/end)=11->4 | InitialLoss=9.74228e-14 | avg_r=0.143854
[QuadCoverLike] iter=430 | Quads(total)=36690 | Active(start/end)=10->5 | InitialLoss=8.64366e-14 | avg_r=0.143854
[QuadCoverLike] iter=431 | Quads(total)=36690 | Active(start/end)=10->3 | InitialLoss=9.85119e-14 | avg_r=0.143854
[QuadCoverLike] iter=432 | Quads(total)=36690 | Active(start/end)=9->5 | InitialLoss=7.67071e-14 | avg_r=0.143854
[QuadCoverLike] iter=433 | Quads(total)=36690 | Active(start/end)=9->6 | InitialLoss=7.42477e-14 | avg_r=0.143854
[QuadCoverLike] iter=434 | Quads(total)=36690 | Active(start/end)=11->3 | InitialLoss=1.0437e-13 | avg_r=0.143854
[QuadCoverLike] iter=435 | Quads(total)=36690 | Active(start/end)=11->6 | InitialLoss=9.18835e-14 | avg_r=0.143854
[QuadCoverLike] iter=436 | Quads(total)=36690 | Active(start/end)=10->4 | InitialLoss=8.31704e-14 | avg_r=0.143854
[QuadCoverLike] iter=437 | Quads(total)=36690 | Active(start/end)=9->5 | InitialLoss=8.15081e-14 | avg_r=0.143854
[QuadCoverLike] iter=438 | Quads(total)=36690 | Active(start/end)=11->6 | InitialLoss=1.04939e-13 | avg_r=0.143854
[QuadCoverLike] iter=439 | Quads(total)=36690 | Active(start/end)=11->5 | InitialLoss=9.26254e-14 | avg_r=0.143854
[QuadCoverLike] iter=440 | Quads(total)=36690 | Active(start/end)=10->5 | InitialLoss=9.15784e-14 | avg_r=0.143854
[QuadCoverLike] iter=441 | Quads(total)=36690 | Active(start/end)=11->4 | InitialLoss=1.18687e-13 | avg_r=0.143854
[QuadCoverLike] iter=442 | Quads(total)=36690 | Active(start/end)=12->5 | InitialLoss=9.38107e-14 | avg_r=0.143854
[QuadCoverLike] iter=443 | Quads(total)=36690 | Active(start/end)=9->7 | InitialLoss=8.90245e-14 | avg_r=0.143854
[QuadCoverLike] iter=444 | Quads(total)=36690 | Active(start/end)=10->4 | InitialLoss=9.04208e-14 | avg_r=0.143854
[QuadCoverLike] iter=445 | Quads(total)=36690 | Active(start/end)=9->5 | InitialLoss=1.00253e-13 | avg_r=0.143854
[QuadCoverLike] iter=446 | Quads(total)=36690 | Active(start/end)=12->4 | InitialLoss=1.35231e-13 | avg_r=0.143854
[QuadCoverLike] iter=447 | Quads(total)=36690 | Active(start/end)=11->4 | InitialLoss=8.92931e-14 | avg_r=0.143854
[QuadCoverLike] iter=448 | Quads(total)=36690 | Active(start/end)=9->6 | InitialLoss=1.07024e-13 | avg_r=0.143854
[QuadCoverLike] iter=449 | Quads(total)=36690 | Active(start/end)=11->6 | InitialLoss=1.1034e-13 | avg_r=0.143854
[QuadCoverLike] iter=450 | Quads(total)=36690 | Active(start/end)=10->4 | InitialLoss=1.35582e-13 | avg_r=0.143854
[QuadCoverLike] iter=451 | Quads(total)=36690 | Active(start/end)=10->5 | InitialLoss=1.17935e-13 | avg_r=0.143854
[QuadCoverLike] iter=452 | Quads(total)=36690 | Active(start/end)=10->4 | InitialLoss=1.19646e-13 | avg_r=0.143854
[QuadCoverLike] iter=453 | Quads(total)=36690 | Active(start/end)=10->3 | InitialLoss=1.50393e-13 | avg_r=0.143854
[QuadCoverLike] iter=454 | Quads(total)=36690 | Active(start/end)=11->4 | InitialLoss=1.2071e-13 | avg_r=0.143854
[QuadCoverLike] iter=455 | Quads(total)=36690 | Active(start/end)=10->5 | InitialLoss=1.11584e-13 | avg_r=0.143854
[QuadCoverLike] iter=456 | Quads(total)=36690 | Active(start/end)=10->3 | InitialLoss=9.64668e-14 | avg_r=0.143854
[QuadCoverLike] iter=457 | Quads(total)=36690 | Active(start/end)=10->6 | InitialLoss=1.07001e-13 | avg_r=0.143854
[QuadCoverLike] iter=458 | Quads(total)=36690 | Active(start/end)=11->5 | InitialLoss=1.60556e-13 | avg_r=0.143854
[QuadCoverLike] iter=459 | Quads(total)=36690 | Active(start/end)=11->4 | InitialLoss=1.26945e-13 | avg_r=0.143854
[QuadCoverLike] iter=460 | Quads(total)=36690 | Active(start/end)=10->3 | InitialLoss=9.25359e-14 | avg_r=0.143854
[QuadCoverLike] iter=461 | Quads(total)=36690 | Active(start/end)=9->4 | InitialLoss=9.23086e-14 | avg_r=0.143854
[QuadCoverLike] iter=462 | Quads(total)=36690 | Active(start/end)=10->4 | InitialLoss=1.2163e-13 | avg_r=0.143854
[QuadCoverLike] iter=463 | Quads(total)=36690 | Active(start/end)=10->3 | InitialLoss=1.24467e-13 | avg_r=0.143854
[QuadCoverLike] iter=464 | Quads(total)=36690 | Active(start/end)=9->3 | InitialLoss=9.24075e-14 | avg_r=0.143854
[QuadCoverLike] iter=465 | Quads(total)=36690 | Active(start/end)=11->3 | InitialLoss=1.03631e-13 | avg_r=0.143854
[QuadCoverLike] iter=466 | Quads(total)=36690 | Active(start/end)=10->5 | InitialLoss=1.08643e-13 | avg_r=0.143854
[QuadCoverLike] iter=467 | Quads(total)=36690 | Active(start/end)=8->4 | InitialLoss=1.13723e-13 | avg_r=0.143854
[QuadCoverLike] iter=468 | Quads(total)=36690 | Active(start/end)=9->3 | InitialLoss=1.33166e-13 | avg_r=0.143854
[QuadCoverLike] iter=469 | Quads(total)=36690 | Active(start/end)=9->3 | InitialLoss=1.06283e-13 | avg_r=0.143854
[QuadCoverLike] iter=470 | Quads(total)=36690 | Active(start/end)=9->6 | InitialLoss=1.28432e-13 | avg_r=0.143854
[QuadCoverLike] iter=471 | Quads(total)=36690 | Active(start/end)=9->4 | InitialLoss=1.22964e-13 | avg_r=0.143854
[QuadCoverLike] iter=472 | Quads(total)=36690 | Active(start/end)=7->4 | InitialLoss=1.06768e-13 | avg_r=0.143854
[QuadCoverLike] iter=473 | Quads(total)=36690 | Active(start/end)=8->4 | InitialLoss=1.52537e-13 | avg_r=0.143854
[QuadCoverLike] iter=474 | Quads(total)=36690 | Active(start/end)=9->4 | InitialLoss=1.32871e-13 | avg_r=0.143854
[QuadCoverLike] iter=475 | Quads(total)=36690 | Active(start/end)=10->3 | InitialLoss=1.17774e-13 | avg_r=0.143854
[QuadCoverLike] iter=476 | Quads(total)=36690 | Active(start/end)=9->3 | InitialLoss=1.14267e-13 | avg_r=0.143854
[QuadCoverLike] iter=477 | Quads(total)=36690 | Active(start/end)=10->6 | InitialLoss=1.58287e-13 | avg_r=0.143854
[QuadCoverLike] iter=478 | Quads(total)=36690 | Active(start/end)=9->3 | InitialLoss=1.41816e-13 | avg_r=0.143854
[QuadCoverLike] iter=479 | Quads(total)=36690 | Active(start/end)=8->3 | InitialLoss=1.16173e-13 | avg_r=0.143854
[QuadCoverLike] iter=480 | Quads(total)=36690 | Active(start/end)=8->4 | InitialLoss=1.57307e-13 | avg_r=0.143854
[QuadCoverLike] iter=481 | Quads(total)=36690 | Active(start/end)=9->3 | InitialLoss=1.43621e-13 | avg_r=0.143854
[QuadCoverLike] iter=482 | Quads(total)=36690 | Active(start/end)=9->5 | InitialLoss=1.71649e-13 | avg_r=0.143854
[QuadCoverLike] iter=483 | Quads(total)=36690 | Active(start/end)=9->4 | InitialLoss=1.33985e-13 | avg_r=0.143854
[QuadCoverLike] iter=484 | Quads(total)=36690 | Active(start/end)=8->3 | InitialLoss=1.40641e-13 | avg_r=0.143854
[QuadCoverLike] iter=485 | Quads(total)=36690 | Active(start/end)=9->4 | InitialLoss=1.98552e-13 | avg_r=0.143854
[QuadCoverLike] iter=486 | Quads(total)=36690 | Active(start/end)=10->4 | InitialLoss=1.72784e-13 | avg_r=0.143854
[QuadCoverLike] iter=487 | Quads(total)=36690 | Active(start/end)=10->3 | InitialLoss=1.35879e-13 | avg_r=0.143854
[QuadCoverLike] iter=488 | Quads(total)=36690 | Active(start/end)=10->4 | InitialLoss=2.3357e-13 | avg_r=0.143854
[QuadCoverLike] iter=489 | Quads(total)=36690 | Active(start/end)=10->3 | InitialLoss=1.89003e-13 | avg_r=0.143854
[QuadCoverLike] iter=490 | Quads(total)=36690 | Active(start/end)=10->3 | InitialLoss=1.73309e-13 | avg_r=0.143854
[QuadCoverLike] iter=491 | Quads(total)=36690 | Active(start/end)=8->3 | InitialLoss=1.71525e-13 | avg_r=0.143854
[QuadCoverLike] iter=492 | Quads(total)=36690 | Active(start/end)=9->4 | InitialLoss=3.13654e-13 | avg_r=0.143854
[QuadCoverLike] iter=493 | Quads(total)=36690 | Active(start/end)=10->4 | InitialLoss=2.68352e-13 | avg_r=0.143854
[QuadCoverLike] iter=494 | Quads(total)=36690 | Active(start/end)=9->3 | InitialLoss=3.04453e-13 | avg_r=0.143854
[QuadCoverLike] iter=495 | Quads(total)=36690 | Active(start/end)=9->6 | InitialLoss=2.94834e-13 | avg_r=0.143854
[QuadCoverLike] iter=496 | Quads(total)=36690 | Active(start/end)=10->3 | InitialLoss=2.56824e-13 | avg_r=0.143854
[QuadCoverLike] iter=497 | Quads(total)=36690 | Active(start/end)=10->3 | InitialLoss=1.94982e-13 | avg_r=0.143854
[QuadCoverLike] iter=498 | Quads(total)=36690 | Active(start/end)=8->3 | InitialLoss=2.26112e-13 | avg_r=0.143854
[QuadCoverLike] iter=499 | Quads(total)=36690 | Active(start/end)=8->5 | InitialLoss=2.95109e-13 | avg_r=0.143854
[QuadCoverLike] iter=500 | Quads(total)=36690 | Active(start/end)=10->3 | InitialLoss=3.08324e-13 | avg_r=0.143854
CWD: "/home/yiming/research/CWF"
====================CWF3DTest
Now file: block
8000   block   
OBJ: "/home/yiming/research/CWF/data/block.obj"
"/home/yiming/research/CWF"
Pts.size(): 4080

Begin CWF.

filepath = /home/yiming/research/CWF/data/Block_New/Ours_8000_block_Iter2_RVD.obj
energy: 38374.64 LossCVT: 814.8298 LossQE: 22.27032 LossCover: 37578.28 ActiveQuads: 38807 Quads: 79644 r: 1.543229 Lambda_CVT: 0.95 Lambda_Cover: 1
0	0	15.70762	9755.097	38374.64
filepath = /home/yiming/research/CWF/data/Block_New/Ours_8000_block_Iter3_RVD.obj
energy: 30886.65 LossCVT: 797.1718 LossQE: 21.62603 LossCover: 30107.71 ActiveQuads: 36070 Quads: 69122 r: 1.460809 Lambda_CVT: 0.95 Lambda_Cover: 1
1	1	30.30523	8044.234	30886.65
reach the max itertion time
[state] saved: /home/yiming/research/CWF/data/Block_New/State_8000_block.bin qem_iterations_done=1 epsilon=0.95 lagrange=1
[Lagrange] iter=1 active_quads=36070/69122 loss=30107.71 min_g=-5.056468 r=1.460809 lambda_cover=1
energy: 3.981492e+08 LossCVT: 797.1718 LossQE: 21.62603 LossCover: 30107.71 ActiveQuads: 36070 Quads: 69122 r: 1.460809 Lambda_CVT: 0.9025 Lambda_Cover: 13224.14
0	0	12.99212	1.061609e+08	3.981492e+08
energy: 3.184332e+08 LossCVT: 780.4238 LossQE: 21.0547 LossCover: 24079.64 ActiveQuads: 33308 Quads: 61047 r: 1.397882 Lambda_CVT: 0.9025 Lambda_Cover: 13224.14
1	1	26.10744	8.747981e+07	3.184332e+08
reach the max itertion time
[state] saved: /home/yiming/research/CWF/data/Block_New/State_8000_block.bin qem_iterations_done=2 epsilon=0.9025 lagrange=13224.14
[Lagrange] iter=2 active_quads=33308/61047 loss=24079.64 min_g=-4.586258 r=1.397882 lambda_cover=13224.14
energy: 6.221355e+08 LossCVT: 780.4238 LossQE: 21.0547 LossCover: 24079.64 ActiveQuads: 33308 Quads: 61047 r: 1.397882 Lambda_CVT: 0.857375 Lambda_Cover: 25836.55
0	0	14.05764	1.709145e+08	6.221355e+08
energy: 5.001303e+08 LossCVT: 764.5501 LossQE: 20.51314 LossCover: 19357.45 ActiveQuads: 30709 Quads: 54756 r: 1.349176 Lambda_CVT: 0.857375 Lambda_Cover: 25836.55
1	1	26.29347	1.431207e+08	5.001303e+08
reach the max itertion time
[state] saved: /home/yiming/research/CWF/data/Block_New/State_8000_block.bin qem_iterations_done=3 epsilon=0.857375 lagrange=25836.55
[Lagrange] iter=3 active_quads=30709/54756 loss=19357.45 min_g=-4.178774 r=1.349176 lambda_cover=25836.55
energy: 7.263087e+08 LossCVT: 764.5501 LossQE: 20.51314 LossCover: 19357.45 ActiveQuads: 30709 Quads: 54756 r: 1.349176 Lambda_CVT: 0.8145062 Lambda_Cover: 37520.86
0	0	12.11671	2.078443e+08	7.263087e+08
energy: 5.850661e+08 LossCVT: 749.6099 LossQE: 20.00264 LossCover: 15593.07 ActiveQuads: 28389 Quads: 49762 r: 1.310581 Lambda_CVT: 0.8145062 Lambda_Cover: 37520.86
1	1	24.55593	1.748606e+08	5.850661e+08
reach the max itertion time
[state] saved: /home/yiming/research/CWF/data/Block_New/State_8000_block.bin qem_iterations_done=4 epsilon=0.8145062 lagrange=37520.86
[Lagrange] iter=4 active_quads=28389/49762 loss=15593.07 min_g=-3.800005 r=1.310581 lambda_cover=37520.86
CWD: "/home/yiming/research/CWF"
====================CWF3DTest
Now file: block
8000   block   
OBJ: "/home/yiming/research/CWF/data/block.obj"
"/home/yiming/research/CWF"
Pts.size(): 4080

Begin CWF.

[state] loaded: /home/yiming/research/CWF/data/Block_New/State_8000_block.bin epsilon=0.814506 lagrange=37520.9
energy: 5.850661e+08 LossCVT: 749.6099 LossQE: 20.00264 LossCover: 15593.07 ActiveQuads: 28389 Quads: 49762 r: 1.310581 Lambda_CVT: 0.7737809 Lambda_Cover: 37520.86
0	0	13.34691	1.74861e+08	5.850661e+08
energy: 4.690013e+08 LossCVT: 735.6124 LossQE: 19.52668 LossCover: 12499.73 ActiveQuads: 26189 Quads: 45186 r: 1.274581 Lambda_CVT: 0.7737809 Lambda_Cover: 37520.86
1	1	26.42605	1.466427e+08	4.690013e+08
reach the max itertion time
[state] saved: /home/yiming/research/CWF/data/Block_New/State_8000_block.bin qem_iterations_done=5 epsilon=0.7737809 lagrange=37520.86
[Lagrange] iter=5 active_quads=26189/45186 loss=12499.73 min_g=-3.451409 r=1.274581 lambda_cover=37520.86
energy: 4.690013e+08 LossCVT: 735.6124 LossQE: 19.52668 LossCover: 12499.73 ActiveQuads: 26189 Quads: 45186 r: 1.274581 Lambda_CVT: 0.7350919 Lambda_Cover: 37520.86
0	0	13.68646	1.466412e+08	4.690013e+08
energy: 3.738582e+08 LossCVT: 722.5298 LossQE: 19.06928 LossCover: 9963.993 ActiveQuads: 24080 Quads: 41408 r: 1.242723 Lambda_CVT: 0.7350919 Lambda_Cover: 37520.86
1	1	25.77267	1.227359e+08	3.738582e+08
reach the max itertion time
[state] saved: /home/yiming/research/CWF/data/Block_New/State_8000_block.bin qem_iterations_done=6 epsilon=0.7350919 lagrange=37520.86
[Lagrange] iter=6 active_quads=24080/41408 loss=9963.993 min_g=-3.1471 r=1.242723 lambda_cover=37520.86
energy: 3.738581e+08 LossCVT: 722.5298 LossQE: 19.06928 LossCover: 9963.993 ActiveQuads: 24080 Quads: 41408 r: 1.242723 Lambda_CVT: 0.6983373 Lambda_Cover: 37520.86
0	0	12.58517	1.227392e+08	3.738581e+08
energy: 2.978233e+08 LossCVT: 710.2954 LossQE: 18.65071 LossCover: 7937.525 ActiveQuads: 22002 Quads: 37882 r: 1.213148 Lambda_CVT: 0.6983373 Lambda_Cover: 37520.86
1	1	24.75129	1.026512e+08	2.978233e+08
reach the max itertion time
[state] saved: /home/yiming/research/CWF/data/Block_New/State_8000_block.bin qem_iterations_done=7 epsilon=0.6983373 lagrange=37520.86
[Lagrange] iter=7 active_quads=22002/37882 loss=7937.525 min_g=-2.82066 r=1.213148 lambda_cover=37520.86
energy: 2.978233e+08 LossCVT: 710.2954 LossQE: 18.65071 LossCover: 7937.525 ActiveQuads: 22002 Quads: 37882 r: 1.213148 Lambda_CVT: 0.6634204 Lambda_Cover: 37520.86
0	0	12.36077	1.026494e+08	2.978233e+08
energy: 2.37023e+08 LossCVT: 698.8985 LossQE: 18.2201 LossCover: 6317.087 ActiveQuads: 20135 Quads: 34548 r: 1.185337 Lambda_CVT: 0.6634204 Lambda_Cover: 37520.86
1	1	23.76329	8.588336e+07	2.37023e+08
reach the max itertion time
[state] saved: /home/yiming/research/CWF/data/Block_New/State_8000_block.bin qem_iterations_done=8 epsilon=0.6634204 lagrange=37520.86
[Lagrange] iter=8 active_quads=20135/34548 loss=6317.087 min_g=-2.559885 r=1.185337 lambda_cover=37520.86
energy: 2.37023e+08 LossCVT: 698.8985 LossQE: 18.2201 LossCover: 6317.087 ActiveQuads: 20135 Quads: 34548 r: 1.185337 Lambda_CVT: 0.6302494 Lambda_Cover: 37520.86
0	0	12.521	8.587919e+07	2.37023e+08
energy: 1.876836e+08 LossCVT: 688.3772 LossQE: 17.8259 LossCover: 5002.1 ActiveQuads: 18381 Quads: 31894 r: 1.163878 Lambda_CVT: 0.6302494 Lambda_Cover: 37520.86
1	1	24.67186	7.159527e+07	1.876836e+08
reach the max itertion time
[state] saved: /home/yiming/research/CWF/data/Block_New/State_8000_block.bin qem_iterations_done=9 epsilon=0.6302494 lagrange=37520.86
[Lagrange] iter=9 active_quads=18381/31894 loss=5002.1 min_g=-2.351292 r=1.163878 lambda_cover=37520.86
energy: 1.876835e+08 LossCVT: 688.3772 LossQE: 17.8259 LossCover: 5002.1 ActiveQuads: 18381 Quads: 31894 r: 1.163878 Lambda_CVT: 0.5987369 Lambda_Cover: 37520.86
0	0	12.81714	7.161519e+07	1.876835e+08
energy: 1.468134e+08 LossCVT: 678.5485 LossQE: 17.47234 LossCover: 3912.836 ActiveQuads: 16705 Quads: 29345 r: 1.144017 Lambda_CVT: 0.5987369 Lambda_Cover: 37520.86
1	1	25.63084	5.925692e+07	1.468134e+08
reach the max itertion time
[state] saved: /home/yiming/research/CWF/data/Block_New/State_8000_block.bin qem_iterations_done=10 epsilon=0.5987369 lagrange=37520.86
[Lagrange] iter=10 active_quads=16705/29345 loss=3912.836 min_g=-2.136735 r=1.144017 lambda_cover=37520.86
energy: 1.468134e+08 LossCVT: 678.5485 LossQE: 17.47234 LossCover: 3912.836 ActiveQuads: 16705 Quads: 29345 r: 1.144017 Lambda_CVT: 0.5688001 Lambda_Cover: 37520.86
0	0	13.55002	5.925612e+07	1.468134e+08
energy: 1.152597e+08 LossCVT: 669.5375 LossQE: 17.12785 LossCover: 3071.871 ActiveQuads: 15175 Quads: 27277 r: 1.126601 Lambda_CVT: 0.5688001 Lambda_Cover: 37520.86
1	1	26.21551	4.918902e+07	1.152597e+08
reach the max itertion time
[state] saved: /home/yiming/research/CWF/data/Block_New/State_8000_block.bin qem_iterations_done=11 epsilon=0.5688001 lagrange=37520.86
[Lagrange] iter=11 active_quads=15175/27277 loss=3071.871 min_g=-1.965481 r=1.126601 lambda_cover=37520.86
energy: 1.152596e+08 LossCVT: 669.5375 LossQE: 17.12785 LossCover: 3071.871 ActiveQuads: 15175 Quads: 27277 r: 1.126601 Lambda_CVT: 0.5403601 Lambda_Cover: 37520.86
0	0	13.28761	4.918884e+07	1.152596e+08
energy: 8.971545e+07 LossCVT: 661.1726 LossQE: 16.85487 LossCover: 2391.072 ActiveQuads: 13747 Quads: 25164 r: 1.108716 Lambda_CVT: 0.5403601 Lambda_Cover: 37520.86
1	1	26.14882	4.050333e+07	8.971545e+07
reach the max itertion time
[state] saved: /home/yiming/research/CWF/data/Block_New/State_8000_block.bin qem_iterations_done=12 epsilon=0.5403601 lagrange=37520.86
[Lagrange] iter=12 active_quads=13747/25164 loss=2391.072 min_g=-1.810367 r=1.108716 lambda_cover=37520.86
CWD: "/home/yiming/research/CWF"
====================CWF3DTest
Now file: block
8000   block   
OBJ: "/home/yiming/research/CWF/data/block.obj"
"/home/yiming/research/CWF"
Pts.size(): 8160

Begin CWF.

filepath = /home/yiming/research/CWF/data/Block_New/Ours_8000_block_Iter2_RVD.obj
energy: 293.1602 LossCVT: 289.676 LossQE: 3.484216 LossCover: 229.0964 CoverOn: 0 ActiveQuads: 8977 Quads: 12844 r: 0.6375495 Lambda_CVT: 1 Lambda_Cover: 1
0	0	20.06883	4.565408	293.1602
filepath = /home/yiming/research/CWF/data/Block_New/Ours_8000_block_Iter3_RVD.obj
energy: 289.1293 LossCVT: 285.9064 LossQE: 3.222927 LossCover: 129.3186 CoverOn: 0 ActiveQuads: 6584 Quads: 9483 r: 0.6166884 Lambda_CVT: 1 Lambda_Cover: 1
1	1	38.92564	3.907157	289.1293
filepath = /home/yiming/research/CWF/data/Block_New/Ours_8000_block_Iter4_RVD.obj
energy: 276.7649 LossCVT: 274.9063 LossQE: 1.858659 LossCover: 16.20225 CoverOn: 0 ActiveQuads: 1974 Quads: 5963 r: 0.6148365 Lambda_CVT: 1 Lambda_Cover: 1
2	2	57.55885	1.858449	276.7649
filepath = /home/yiming/research/CWF/data/Block_New/Ours_8000_block_Iter5_RVD.obj
energy: 274.4789 LossCVT: 272.3914 LossQE: 2.087569 LossCover: 5.580108 CoverOn: 0 ActiveQuads: 1124 Quads: 3127 r: 0.5679955 Lambda_CVT: 1 Lambda_Cover: 1
3	3	76.7951	1.115213	274.4789
filepath = /home/yiming/research/CWF/data/Block_New/Ours_8000_block_Iter6_RVD.obj
energy: 272.9618 LossCVT: 270.9596 LossQE: 2.002167 LossCover: 3.511446 CoverOn: 0 ActiveQuads: 776 Quads: 2447 r: 0.5575989 Lambda_CVT: 1 Lambda_Cover: 1
4	4	95.43033	0.9234761	272.9618
filepath = /home/yiming/research/CWF/data/Block_New/Ours_8000_block_Iter7_RVD.obj
energy: 271.8474 LossCVT: 270.0526 LossQE: 1.794811 LossCover: 1.930209 CoverOn: 0 ActiveQuads: 525 Quads: 1496 r: 0.532208 Lambda_CVT: 1 Lambda_Cover: 1
5	5	113.7857	0.8440995	271.8474
filepath = /home/yiming/research/CWF/data/Block_New/Ours_8000_block_Iter8_RVD.obj
energy: 271.0449 LossCVT: 269.3351 LossQE: 1.709781 LossCover: 1.416631 CoverOn: 0 ActiveQuads: 444 Quads: 1433 r: 0.5337609 Lambda_CVT: 1 Lambda_Cover: 1
6	6	131.7794	0.7734687	271.0449
filepath = /home/yiming/research/CWF/data/Block_New/Ours_8000_block_Iter9_RVD.obj
energy: 270.3966 LossCVT: 268.7582 LossQE: 1.638333 LossCover: 0.9885301 CoverOn: 0 ActiveQuads: 360 Quads: 1452 r: 0.5411303 Lambda_CVT: 1 Lambda_Cover: 1
7	7	150.6211	0.5648428	270.3966
filepath = /home/yiming/research/CWF/data/Block_New/Ours_8000_block_Iter10_RVD.obj
energy: 269.9736 LossCVT: 268.372 LossQE: 1.601626 LossCover: 0.7966392 CoverOn: 0 ActiveQuads: 311 Quads: 1159 r: 0.5303669 Lambda_CVT: 1 Lambda_Cover: 1
8	8	168.4092	0.4882303	269.9736
filepath = /home/yiming/research/CWF/data/Block_New/Ours_8000_block_Iter11_RVD.obj
energy: 269.6185 LossCVT: 268.0091 LossQE: 1.609458 LossCover: 0.6612959 CoverOn: 0 ActiveQuads: 266 Quads: 975 r: 0.5238916 Lambda_CVT: 1 Lambda_Cover: 1
9	9	186.3266	0.4778834	269.6185
filepath = /home/yiming/research/CWF/data/Block_New/Ours_8000_block_Iter12_RVD.obj
energy: 269.3237 LossCVT: 267.7121 LossQE: 1.611636 LossCover: 0.6012973 CoverOn: 0 ActiveQuads: 255 Quads: 1280 r: 0.5458631 Lambda_CVT: 1 Lambda_Cover: 1
10	10	204.6302	0.5060168	269.3237
filepath = /home/yiming/research/CWF/data/Block_New/Ours_8000_block_Iter13_RVD.obj
energy: 269.0492 LossCVT: 267.4517 LossQE: 1.597532 LossCover: 0.4158502 CoverOn: 0 ActiveQuads: 198 Quads: 810 r: 0.522209 Lambda_CVT: 1 Lambda_Cover: 1
11	11	223.3914	0.3960103	269.0492
filepath = /home/yiming/research/CWF/data/Block_New/Ours_8000_block_Iter14_RVD.obj
energy: 268.837 LossCVT: 267.2576 LossQE: 1.579443 LossCover: 0.3514186 CoverOn: 0 ActiveQuads: 173 Quads: 769 r: 0.5220689 Lambda_CVT: 1 Lambda_Cover: 1
12	12	241.9584	0.3280699	268.837
CWD: "/home/yiming/research/CWF"
====================CWF3DTest
Now file: block
8000   block   
OBJ: "/home/yiming/research/CWF/data/block.obj"
"/home/yiming/research/CWF"
Pts.size(): 8160

Begin CWF.

filepath = /home/yiming/research/CWF/data/Block_New/Ours_8000_block_Iter2_RVD.obj
energy: 278.6764 LossCVT: 289.676 LossQE: 3.484216 LossCover: 229.0964 CoverOn: 0 ActiveQuads: 8977 Quads: 12844 r: 0.6375495 Lambda_CVT: 0.95 Lambda_Cover: 1
0	0	20.29845	4.361792	278.6764
filepath = /home/yiming/research/CWF/data/Block_New/Ours_8000_block_Iter3_RVD.obj
energy: 261.2576 LossCVT: 285.9236 LossQE: 3.211588 LossCover: 129.6809 CoverOn: 0 ActiveQuads: 6600 Quads: 9503 r: 0.6168058 Lambda_CVT: 0.9025 Lambda_Cover: 1
1	1	39.29228	3.56987	261.2576
filepath = /home/yiming/research/CWF/data/Block_New/Ours_8000_block_Iter4_RVD.obj
energy: 237.8719 LossCVT: 275.3475 LossQE: 1.795841 LossCover: 11.65949 CoverOn: 0 ActiveQuads: 1777 Quads: 4071 r: 0.5755378 Lambda_CVT: 0.857375 Lambda_Cover: 1
2	2	56.81373	1.32971	237.8719
filepath = /home/yiming/research/CWF/data/Block_New/Ours_8000_block_Iter5_RVD.obj
energy: 224.0159 LossCVT: 272.7731 LossQE: 1.840579 LossCover: 6.904533 CoverOn: 0 ActiveQuads: 1335 Quads: 4581 r: 0.5992623 Lambda_CVT: 0.8145062 Lambda_Cover: 1
3	3	74.86277	0.9415949	224.0159
filepath = /home/yiming/research/CWF/data/Block_New/Ours_8000_block_Iter6_RVD.obj
energy: 211.7115 LossCVT: 271.6797 LossQE: 1.490954 LossCover: 4.063292 CoverOn: 0 ActiveQuads: 860 Quads: 2534 r: 0.5590269 Lambda_CVT: 0.7737809 Lambda_Cover: 1
4	4	93.50129	0.7896652	211.7115
filepath = /home/yiming/research/CWF/data/Block_New/Ours_8000_block_Iter7_RVD.obj
energy: 200.3048 LossCVT: 270.577 LossQE: 1.405812 LossCover: 2.440183 CoverOn: 0 ActiveQuads: 649 Quads: 2312 r: 0.5597304 Lambda_CVT: 0.7350919 Lambda_Cover: 1
5	5	111.8938	0.6660503	200.3048
filepath = /home/yiming/research/CWF/data/Block_New/Ours_8000_block_Iter8_RVD.obj
energy: 189.7718 LossCVT: 269.7847 LossQE: 1.371127 LossCover: 1.620025 CoverOn: 0 ActiveQuads: 495 Quads: 1522 r: 0.5354129 Lambda_CVT: 0.6983373 Lambda_Cover: 1
6	6	130.701	0.5304574	189.7718
filepath = /home/yiming/research/CWF/data/Block_New/Ours_8000_block_Iter9_RVD.obj
energy: 179.9688 LossCVT: 269.407 LossQE: 1.238689 LossCover: 1.348751 CoverOn: 0 ActiveQuads: 422 Quads: 1468 r: 0.5384161 Lambda_CVT: 0.6634204 Lambda_Cover: 1
7	7	149.5668	0.3852181	179.9688
filepath = /home/yiming/research/CWF/data/Block_New/Ours_8000_block_Iter10_RVD.obj
energy: 170.7526 LossCVT: 269.1879 LossQE: 1.097106 LossCover: 1.067773 CoverOn: 0 ActiveQuads: 374 Quads: 1251 r: 0.5311225 Lambda_CVT: 0.6302494 Lambda_Cover: 1
8	8	167.3208	0.3337987	170.7526
filepath = /home/yiming/research/CWF/data/Block_New/Ours_8000_block_Iter11_RVD.obj
energy: 162.0437 LossCVT: 268.8804 LossQE: 1.055033 LossCover: 1.002904 CoverOn: 0 ActiveQuads: 346 Quads: 1554 r: 0.5477104 Lambda_CVT: 0.5987369 Lambda_Cover: 1
9	9	185.7345	0.3117797	162.0437
filepath = /home/yiming/research/CWF/data/Block_New/Ours_8000_block_Iter12_RVD.obj
energy: 153.8098 LossCVT: 268.6802 LossQE: 0.9844912 LossCover: 0.8656619 CoverOn: 0 ActiveQuads: 281 Quads: 1312 r: 0.539647 Lambda_CVT: 0.5688001 Lambda_Cover: 1
10	10	203.5623	0.3012101	153.8098
filepath = /home/yiming/research/CWF/data/Block_New/Ours_8000_block_Iter13_RVD.obj
energy: 146.0246 LossCVT: 268.5243 LossQE: 0.9247471 LossCover: 0.6335306 CoverOn: 0 ActiveQuads: 249 Quads: 958 r: 0.5235027 Lambda_CVT: 0.5403601 Lambda_Cover: 1
11	11	222.1758	0.2182471	146.0246
filepath = /home/yiming/research/CWF/data/Block_New/Ours_8000_block_Iter14_RVD.obj
energy: 138.6569 LossCVT: 268.3948 LossQE: 0.878577 LossCover: 0.5353066 CoverOn: 0 ActiveQuads: 225 Quads: 958 r: 0.5264533 Lambda_CVT: 0.5133421 Lambda_Cover: 1
12	12	240.5813	0.1831187	138.6569
filepath = /home/yiming/research/CWF/data/Block_New/Ours_8000_block_Iter15_RVD.obj
energy: 131.6731 LossCVT: 268.3119 LossQE: 0.8241042 LossCover: 0.4454179 CoverOn: 0 ActiveQuads: 202 Quads: 879 r: 0.5227746 Lambda_CVT: 0.487675 Lambda_Cover: 1
13	13	258.7506	0.1994683	131.6731
filepath = /home/yiming/research/CWF/data/Block_New/Ours_8000_block_Iter16_RVD.obj
energy: 125.0564 LossCVT: 268.2198 LossQE: 0.7924863 LossCover: 0.3977401 CoverOn: 0 ActiveQuads: 193 Quads: 964 r: 0.5301875 Lambda_CVT: 0.4632912 Lambda_Cover: 1
14	14	277.9357	0.1913645	125.0564
filepath = /home/yiming/research/CWF/data/Block_New/Ours_8000_block_Iter17_RVD.obj
energy: 118.7713 LossCVT: 268.1656 LossQE: 0.7444377 LossCover: 0.3843843 CoverOn: 0 ActiveQuads: 180 Quads: 947 r: 0.5314932 Lambda_CVT: 0.4401267 Lambda_Cover: 1
15	15	296.0601	0.1291415	118.7713
filepath = /home/yiming/research/CWF/data/Block_New/Ours_8000_block_Iter18_RVD.obj
energy: 112.81 LossCVT: 268.217 LossQE: 0.6630457 LossCover: 0.3583113 CoverOn: 0 ActiveQuads: 173 Quads: 929 r: 0.5305363 Lambda_CVT: 0.4181203 Lambda_Cover: 1
16	16	314.5465	0.1231976	112.81
filepath = /home/yiming/research/CWF/data/Block_New/Ours_8000_block_Iter19_RVD.obj
energy: 107.161 LossCVT: 268.0573 LossQE: 0.6847723 LossCover: 0.3319803 CoverOn: 0 ActiveQuads: 162 Quads: 837 r: 0.5224638 Lambda_CVT: 0.3972143 Lambda_Cover: 1
17	17	333.1259	0.1578461	107.161
filepath = /home/yiming/research/CWF/data/Block_New/Ours_8000_block_Iter20_RVD.obj
energy: 101.8017 LossCVT: 268.1125 LossQE: 0.6284323 LossCover: 0.2968307 CoverOn: 0 ActiveQuads: 148 Quads: 752 r: 0.5151972 Lambda_CVT: 0.3773536 Lambda_Cover: 1
18	18	351.4867	0.137358	101.8017
filepath = /home/yiming/research/CWF/data/Block_New/Ours_8000_block_Iter21_RVD.obj
energy: 96.70623 LossCVT: 268.1074 LossQE: 0.5934978 LossCover: 0.2890243 CoverOn: 0 ActiveQuads: 137 Quads: 757 r: 0.5166101 Lambda_CVT: 0.3584859 Lambda_Cover: 1
19	19	370.024	0.08600756	96.70623
filepath = /home/yiming/research/CWF/data/Block_New/Ours_8000_block_Iter22_RVD.obj
energy: 91.8683 LossCVT: 268.2977 LossQE: 0.4963959 LossCover: 0.2857447 CoverOn: 0 ActiveQuads: 142 Quads: 871 r: 0.5233496 Lambda_CVT: 0.3405616 Lambda_Cover: 1
20	20	388.4107	0.0976148	91.8683
reach the max itertion time
[state] saved: /home/yiming/research/CWF/data/Block_New/State_8000_block.bin qem_iterations_done=20 epsilon=0.3405616 lagrange=1
filepath = /home/yiming/research/CWF/data/Block_New/Ours_8000_block_Iter19_RVD.obj
[Lagrange] iter=20 active_quads=142/871 loss=0.2857447 min_g=-0.1931108 r=0.5233496 lambda_cover=1
energy: 87.29971 LossCVT: 268.2977 LossQE: 0.4963959 LossCover: 0.2857447 CoverOn: 0 ActiveQuads: 142 Quads: 871 r: 0.5233496 Lambda_CVT: 0.3235335 Lambda_Cover: 1
0	0	16.5363	0.08119278	87.29971
energy: 82.98881 LossCVT: 267.7167 LossQE: 0.7042479 LossCover: 0.2055826 CoverOn: 0 ActiveQuads: 150 Quads: 876 r: 0.524126 Lambda_CVT: 0.3073569 Lambda_Cover: 1
energy: 78.83453 LossCVT: 267.9711 LossQE: 0.5899087 LossCover: 0.2356489 CoverOn: 0 ActiveQuads: 143 Quads: 915 r: 0.5267661 Lambda_CVT: 0.291989 Lambda_Cover: 1
1	2	51.211	0.1645888	78.83453
energy: 74.90228 LossCVT: 268.1447 LossQE: 0.521746 LossCover: 0.233468 CoverOn: 0 ActiveQuads: 148 Quads: 906 r: 0.5266905 Lambda_CVT: 0.2773896 Lambda_Cover: 1
2	3	68.67407	0.1059798	74.90228
energy: 71.1626 LossCVT: 268.5909 LossQE: 0.3835035 LossCover: 0.2016945 CoverOn: 0 ActiveQuads: 156 Quads: 847 r: 0.5216878 Lambda_CVT: 0.2635201 Lambda_Cover: 1
3	4	85.04401	0.06388433	71.1626
energy: 67.61699 LossCVT: 268.5146 LossQE: 0.3959478 LossCover: 0.1799 CoverOn: 0 ActiveQuads: 140 Quads: 791 r: 0.5184842 Lambda_CVT: 0.2503441 Lambda_Cover: 1
4	5	102.1274	0.04141267	67.61699
energy: 64.24199 LossCVT: 268.5562 LossQE: 0.3721146 LossCover: 0.1316348 CoverOn: 0 ActiveQuads: 122 Quads: 622 r: 0.5050132 Lambda_CVT: 0.2378269 Lambda_Cover: 1
5	6	120.1841	0.08036385	64.24199
energy: 61.03466 LossCVT: 268.4109 LossQE: 0.3911082 LossCover: 0.1214972 CoverOn: 0 ActiveQuads: 134 Quads: 584 r: 0.5014004 Lambda_CVT: 0.2259355 Lambda_Cover: 1
6	7	137.2042	0.09536602	61.03466
energy: 57.99015 LossCVT: 268.4361 LossQE: 0.3733453 LossCover: 0.1173602 CoverOn: 0 ActiveQuads: 134 Quads: 592 r: 0.5013773 Lambda_CVT: 0.2146388 Lambda_Cover: 1
7	8	154.3283	0.07213274	57.99015
energy: 55.09636 LossCVT: 268.6149 LossQE: 0.3239604 LossCover: 0.1186664 CoverOn: 0 ActiveQuads: 135 Quads: 602 r: 0.5024444 Lambda_CVT: 0.2039068 Lambda_Cover: 1
8	9	171.1771	0.05619563	55.09636
energy: 52.35035 LossCVT: 268.6866 LossQE: 0.3026752 LossCover: 0.1210834 CoverOn: 0 ActiveQuads: 127 Quads: 619 r: 0.5040575 Lambda_CVT: 0.1937115 Lambda_Cover: 1
9	10	189.0848	0.04962891	52.35035
energy: 49.73812 LossCVT: 268.8377 LossQE: 0.2650255 LossCover: 0.1309578 CoverOn: 0 ActiveQuads: 143 Quads: 675 r: 0.5091213 Lambda_CVT: 0.1840259 Lambda_Cover: 1
10	11	206.3192	0.04710629	49.73812
energy: 47.25894 LossCVT: 268.7055 LossQE: 0.2826149 LossCover: 0.1308328 CoverOn: 0 ActiveQuads: 141 Quads: 760 r: 0.5148444 Lambda_CVT: 0.1748246 Lambda_Cover: 1
11	12	222.9226	0.04692708	47.25894
energy: 44.90504 LossCVT: 268.7295 LossQE: 0.2735396 LossCover: 0.1151373 CoverOn: 0 ActiveQuads: 127 Quads: 771 r: 0.5142402 Lambda_CVT: 0.1660834 Lambda_Cover: 1
12	13	239.682	0.04238604	44.90504
energy: 42.66843 LossCVT: 268.9215 LossQE: 0.2382009 LossCover: 0.09581277 CoverOn: 0 ActiveQuads: 118 Quads: 759 r: 0.5138088 Lambda_CVT: 0.1577792 Lambda_Cover: 1
13	14	256.5151	0.04827848	42.66843
energy: 40.54388 LossCVT: 268.8847 LossQE: 0.2406833 LossCover: 0.09324744 CoverOn: 0 ActiveQuads: 121 Quads: 681 r: 0.5077128 Lambda_CVT: 0.1498903 Lambda_Cover: 1
14	15	273.4796	0.04481904	40.54388
energy: 38.52734 LossCVT: 268.926 LossQE: 0.2334288 LossCover: 0.1173385 CoverOn: 0 ActiveQuads: 120 Quads: 669 r: 0.5055328 Lambda_CVT: 0.1423957 Lambda_Cover: 1
15	16	291.5971	0.05309634	38.52734
energy: 36.65606 LossCVT: 269.5209 LossQE: 0.1963604 LossCover: 0.3182411 CoverOn: 0 ActiveQuads: 160 Quads: 1184 r: 0.5427604 Lambda_CVT: 0.135276 Lambda_Cover: 1
energy: 34.79716 LossCVT: 269.1521 LossQE: 0.2078418 LossCover: 0.4036998 CoverOn: 0 ActiveQuads: 160 Quads: 1308 r: 0.5544528 Lambda_CVT: 0.1285122 Lambda_Cover: 1
16	18	326.4753	0.07169438	34.79716
energy: 33.05663 LossCVT: 269.0529 LossQE: 0.2088924 LossCover: 0.377426 CoverOn: 0 ActiveQuads: 149 Quads: 1233 r: 0.5497056 Lambda_CVT: 0.1220865 Lambda_Cover: 1
17	19	343.6576	0.04834222	33.05663
energy: 31.40727 LossCVT: 269.1187 LossQE: 0.1942822 LossCover: 0.2489718 CoverOn: 0 ActiveQuads: 140 Quads: 1165 r: 0.5453941 Lambda_CVT: 0.1159822 Lambda_Cover: 1
18	20	360.5548	0.03050424	31.40727
energy: 29.84272 LossCVT: 269.2085 LossQE: 0.180488 LossCover: 0.1941606 CoverOn: 0 ActiveQuads: 148 Quads: 1095 r: 0.5377461 Lambda_CVT: 0.1101831 Lambda_Cover: 1
19	21	377.8103	0.02438819	29.84272
energy: 28.35656 LossCVT: 269.2688 LossQE: 0.1711373 LossCover: 0.1353674 CoverOn: 0 ActiveQuads: 138 Quads: 761 r: 0.5100356 Lambda_CVT: 0.104674 Lambda_Cover: 1
20	22	395.7184	0.02763878	28.35656
reach the max itertion time
[state] saved: /home/yiming/research/CWF/data/Block_New/State_8000_block.bin qem_iterations_done=40 epsilon=0.104674 lagrange=1
filepath = /home/yiming/research/CWF/data/Block_New/Ours_8000_block_Iter39_RVD.obj
[Lagrange] iter=40 active_quads=138/761 loss=0.1353674 min_g=-0.1221157 r=0.5100356 lambda_cover=1
energy: 27.08266 LossCVT: 269.2688 LossQE: 0.1711373 LossCover: 0.1353674 CoverOn: 1 ActiveQuads: 138 Quads: 761 r: 0.5100356 Lambda_CVT: 0.09944026 Lambda_Cover: 1
0	0	16.32906	1.777728	27.08266
energy: 26.72846 LossCVT: 269.434 LossQE: 0.1954093 LossCover: 1.080087 CoverOn: 1 ActiveQuads: 112 Quads: 1808 r: 0.585471 Lambda_CVT: 0.09446824 Lambda_Cover: 1
energy: 24.38825 LossCVT: 269.2937 LossQE: 0.1789549 LossCover: 0.04157133 CoverOn: 1 ActiveQuads: 50 Quads: 656 r: 0.5028179 Lambda_CVT: 0.08974483 Lambda_Cover: 1
1	2	51.66281	1.141159	24.38825
energy: 23.1455 LossCVT: 269.2975 LossQE: 0.1796824 LossCover: 0.006157652 CoverOn: 1 ActiveQuads: 44 Quads: 654 r: 0.5028825 Lambda_CVT: 0.08525759 Lambda_Cover: 1
2	3	68.49779	0.2509531	23.1455
energy: 21.99428 LossCVT: 269.3041 LossQE: 0.1782372 LossCover: 0.003831944 CoverOn: 1 ActiveQuads: 43 Quads: 653 r: 0.5029274 Lambda_CVT: 0.08099471 Lambda_Cover: 1
3	4	85.92833	0.1531766	21.99428
energy: 20.90097 LossCVT: 269.336 LossQE: 0.1737084 LossCover: 0.003203584 CoverOn: 1 ActiveQuads: 35 Quads: 646 r: 0.5030579 Lambda_CVT: 0.07694498 Lambda_Cover: 1
4	5	102.9777	0.1103944	20.90097
energy: 19.86168 LossCVT: 269.3793 LossQE: 0.167959 LossCover: 0.002711903 CoverOn: 1 ActiveQuads: 38 Quads: 648 r: 0.5032066 Lambda_CVT: 0.07309773 Lambda_Cover: 1
5	6	119.8586	0.07843171	19.86168
energy: 18.87428 LossCVT: 269.5467 LossQE: 0.1515043 LossCover: 0.004686355 CoverOn: 1 ActiveQuads: 39 Quads: 654 r: 0.5031091 Lambda_CVT: 0.06944284 Lambda_Cover: 1
6	7	136.7038	0.1974979	18.87428
energy: 17.94204 LossCVT: 269.6496 LossQE: 0.1447741 LossCover: 0.008293533 CoverOn: 1 ActiveQuads: 46 Quads: 654 r: 0.5028303 Lambda_CVT: 0.0659707 Lambda_Cover: 1
7	8	153.5511	0.1618232	17.94204
energy: 17.05206 LossCVT: 269.6628 LossQE: 0.1435695 LossCover: 0.008145637 CoverOn: 1 ActiveQuads: 36 Quads: 650 r: 0.5027404 Lambda_CVT: 0.06267216 Lambda_Cover: 1
8	9	171.4664	0.08825643	17.05206
energy: 16.20641 LossCVT: 269.7456 LossQE: 0.1391168 LossCover: 0.007024127 CoverOn: 1 ActiveQuads: 36 Quads: 643 r: 0.5024105 Lambda_CVT: 0.05953856 Lambda_Cover: 1
9	10	189.1031	0.30145	16.20641
energy: 15.40796 LossCVT: 269.8556 LossQE: 0.1351954 LossCover: 0.00929797 CoverOn: 1 ActiveQuads: 49 Quads: 645 r: 0.5025455 Lambda_CVT: 0.05656163 Lambda_Cover: 1
energy: 14.63971 LossCVT: 269.8001 LossQE: 0.1369744 LossCover: 0.005424152 CoverOn: 1 ActiveQuads: 42 Quads: 643 r: 0.5021811 Lambda_CVT: 0.05373355 Lambda_Cover: 1
10	12	223.6006	0.2554913	14.63971
energy: 13.91248 LossCVT: 269.7626 LossQE: 0.1386854 LossCover: 0.00326161 CoverOn: 1 ActiveQuads: 35 Quads: 642 r: 0.5022591 Lambda_CVT: 0.05104687 Lambda_Cover: 1
11	13	240.8732	0.1829048	13.91248
energy: 13.22172 LossCVT: 269.7355 LossQE: 0.1400703 LossCover: 0.0009570554 CoverOn: 1 ActiveQuads: 35 Quads: 640 r: 0.5022455 Lambda_CVT: 0.04849453 Lambda_Cover: 1
12	14	258.6913	0.08963219	13.22172
energy: 12.5668 LossCVT: 269.7578 LossQE: 0.1384939 LossCover: 0.0006176704 CoverOn: 1 ActiveQuads: 37 Quads: 641 r: 0.5021566 Lambda_CVT: 0.0460698 Lambda_Cover: 1
13	15	276.1687	0.05280712	12.5668
energy: 11.94437 LossCVT: 269.8262 LossQE: 0.1345088 LossCover: 0.0005672473 CoverOn: 1 ActiveQuads: 36 Quads: 634 r: 0.5019162 Lambda_CVT: 0.04376631 Lambda_Cover: 1
14	16	292.9435	0.05462166	11.94437
energy: 11.46006 LossCVT: 270.2532 LossQE: 0.118961 LossCover: 0.1045162 CoverOn: 1 ActiveQuads: 70 Quads: 750 r: 0.5098365 Lambda_CVT: 0.04157799 Lambda_Cover: 1
energy: 10.82732 LossCVT: 270.0367 LossQE: 0.1249076 LossCover: 0.03621053 CoverOn: 1 ActiveQuads: 47 Quads: 665 r: 0.5032174 Lambda_CVT: 0.03949909 Lambda_Cover: 1
energy: 10.25865 LossCVT: 269.931 LossQE: 0.1292227 LossCover: 0.0005040994 CoverOn: 1 ActiveQuads: 38 Quads: 630 r: 0.501535 Lambda_CVT: 0.03752414 Lambda_Cover: 1
15	19	343.0301	0.06704087	10.25865
energy: 9.86541 LossCVT: 270.2848 LossQE: 0.1180667 LossCover: 0.1122475 CoverOn: 1 ActiveQuads: 66 Quads: 792 r: 0.5129331 Lambda_CVT: 0.03564793 Lambda_Cover: 1
